// Auto-generated by tools/convert_sti_logo.py
// Source: sti_logo_source.png; cropped and resized to 340x142
// LV_COLOR_16_SWAP=1: RGB565 byte order is high, low
#include "lvgl.h"

const LV_ATTRIBUTE_MEM_ALIGN LV_ATTRIBUTE_LARGE_CONST uint8_t pngLogoSTI_map[] = {
  0x00, 0x00, 0x00, 0x00, 0x00, 0x00, 0x00, 0x00, 0x00, 0x00, 0x00, 0x00, 0x00, 0x00, 0x00, 0x00, 0x00, 0x00, 0x00, 0x00, 0x00, 0x00, 0x00, 0x00, 0x00, 0x00, 0x00, 0x00, 0x00, 0x00, 0x00, 0x00,
  0x00, 0x00, 0x00, 0x00, 0x00, 0x00, 0x00, 0x00, 0x00, 0x00, 0x00, 0x00, 0x00, 0x00, 0x00, 0x00, 0x00, 0x00, 0x00, 0x00, 0x00, 0x00, 0x00, 0x00, 0x00, 0x00, 0x00, 0x00, 0x00, 0x00, 0x00, 0x00,
  0x00, 0x00, 0x00, 0x00, 0x00, 0x00, 0x00, 0x00, 0x00, 0x00, 0x00, 0x00, 0x00, 0x00, 0x00, 0x00, 0x00, 0x00, 0x00, 0x00, 0x00, 0x00, 0x00, 0x00, 0x00, 0x00, 0x00, 0x00, 0x00, 0x00, 0x00, 0x00,
  0x00, 0x00, 0x00, 0x00, 0x00, 0x00, 0x00, 0x00, 0x00, 0x00, 0x00, 0x00, 0x00, 0x00, 0x00, 0x00, 0x00, 0x00, 0x00, 0x00, 0x00, 0x00, 0x00, 0x00, 0x00, 0x00, 0x00, 0x00, 0x00, 0x00, 0x00, 0x00,
  0x00, 0x00, 0x00, 0x00, 0x00, 0x00, 0x00, 0x00, 0x00, 0x00, 0x00, 0x00, 0x00, 0x00, 0x00, 0x00, 0x00, 0x00, 0x00, 0x00, 0x00, 0x00, 0x00, 0x00, 0x00, 0x00, 0x00, 0x00, 0x00, 0x00, 0x00, 0x00,
  0x00, 0x00, 0x00, 0x00, 0x00, 0x00, 0x00, 0x00, 0x00, 0x00, 0x00, 0x00, 0x00, 0x00, 0x00, 0x00, 0x00, 0x00, 0x00, 0x00, 0x00, 0x00, 0x00, 0x00, 0x00, 0x00, 0x00, 0x00, 0x00, 0x00, 0x00, 0x00,
  0x00, 0x00, 0x00, 0x00, 0x00, 0x00, 0x00, 0x00, 0x00, 0x00, 0x00, 0x00, 0x00, 0x00, 0x00, 0x00, 0x00, 0x00, 0x00, 0x00, 0x00, 0x00, 0x00, 0x00, 0x00, 0x00, 0x00, 0x00, 0x00, 0x00, 0x00, 0x00,
  0x00, 0x00, 0x00, 0x00, 0x00, 0x00, 0x00, 0x00, 0x00, 0x00, 0x00, 0x00, 0x00, 0x00, 0x00, 0x00, 0x00, 0x00, 0x00, 0x00, 0x00, 0x00, 0x00, 0x00, 0x00, 0x00, 0x00, 0x00, 0x00, 0x00, 0x00, 0x00,
  0x00, 0x00, 0x00, 0x00, 0x00, 0x00, 0x00, 0x00, 0x00, 0x00, 0x00, 0x00, 0x00, 0x00, 0x00, 0x00, 0x00, 0x00, 0x00, 0x00, 0x00, 0x00, 0x00, 0x00, 0x00, 0x00, 0x00, 0x00, 0x00, 0x00, 0x00, 0x00,
  0x00, 0x00, 0x00, 0x00, 0x00, 0x00, 0x00, 0x00, 0x00, 0x00, 0x00, 0x00, 0x00, 0x00, 0x00, 0x00, 0x00, 0x00, 0x00, 0x00, 0x00, 0x00, 0x00, 0x00, 0x00, 0x00, 0x00, 0x00, 0x00, 0x00, 0x00, 0x00,
  0x00, 0x00, 0x00, 0x00, 0x00, 0x00, 0x00, 0x00, 0x00, 0x00, 0x00, 0x00, 0x00, 0x00, 0x00, 0x00, 0x00, 0x00, 0x00, 0x00, 0x00, 0x00, 0x00, 0x00, 0x00, 0x00, 0x00, 0x00, 0x00, 0x00, 0x00, 0x00,
  0x00, 0x00, 0x00, 0x00, 0x00, 0x00, 0x00, 0x00, 0x00, 0x00, 0x00, 0x00, 0x00, 0x00, 0x00, 0x00, 0x00, 0x00, 0x00, 0x00, 0x00, 0x00, 0x00, 0x00, 0x00, 0x00, 0x00, 0x00, 0x00, 0x00, 0x00, 0x00,
  0x00, 0x00, 0x00, 0x00, 0x00, 0x00, 0x00, 0x00, 0x00, 0x00, 0x00, 0x00, 0x00, 0x00, 0x00, 0x00, 0x00, 0x00, 0x00, 0x00, 0x00, 0x00, 0x00, 0x00, 0x00, 0x00, 0x00, 0x00, 0x00, 0x00, 0x00, 0x00,
  0x00, 0x00, 0x00, 0x00, 0x00, 0x00, 0x00, 0x00, 0x00, 0x00, 0x00, 0x00, 0x00, 0x00, 0x00, 0x00, 0x00, 0x00, 0x00, 0x00, 0x00, 0x00, 0x00, 0x00, 0x00, 0x00, 0x00, 0x00, 0x00, 0x00, 0x00, 0x00,
  0x00, 0x00, 0x00, 0x00, 0x00, 0x00, 0x00, 0x00, 0x00, 0x00, 0x00, 0x00, 0x00, 0x00, 0x00, 0x00, 0x00, 0x00, 0x00, 0x00, 0x00, 0x00, 0x00, 0x00, 0x00, 0x00, 0x00, 0x00, 0x00, 0x00, 0x00, 0x00,
  0x00, 0x00, 0x00, 0x00, 0x00, 0x00, 0x00, 0x00, 0x00, 0x00, 0x00, 0x00, 0x00, 0x00, 0x00, 0x00, 0x00, 0x00, 0x00, 0x00, 0x00, 0x00, 0x00, 0x00, 0x00, 0x00, 0x00, 0x00, 0x00, 0x00, 0x00, 0x00,
  0x00, 0x00, 0x00, 0x00, 0x00, 0x00, 0x00, 0x00, 0x00, 0x00, 0x00, 0x00, 0x00, 0x00, 0x00, 0x00, 0x00, 0x00, 0x00, 0x00, 0x00, 0x00, 0x00, 0x00, 0x00, 0x00, 0x00, 0x00, 0x00, 0x00, 0x00, 0x00,
  0x00, 0x00, 0x00, 0x00, 0x00, 0x00, 0x00, 0x00, 0x00, 0x00, 0x00, 0x00, 0x00, 0x00, 0x00, 0x00, 0x00, 0x00, 0x00, 0x00, 0x00, 0x00, 0x00, 0x00, 0x62, 0x8a, 0xe9, 0x25, 0xe9, 0x04, 0xe9, 0x05,
  0xe9, 0x05, 0xe9, 0x05, 0xe9, 0x05, 0xe9, 0x05, 0xe9, 0x05, 0xe9, 0x05, 0xe9, 0x05, 0xe9, 0x05, 0xe9, 0x05, 0xe9, 0x05, 0xe9, 0x05, 0xe9, 0x05, 0xe9, 0x05, 0xe9, 0x05, 0xe9, 0x05, 0xe9, 0x05,
  0xe9, 0x05, 0xe9, 0x05, 0xe9, 0x05, 0xe9, 0x05, 0xe9, 0x05, 0xe9, 0x05, 0xe9, 0x05, 0xe9, 0x05, 0xe9, 0x05, 0xe9, 0x05, 0xe9, 0x05, 0xe9, 0x05, 0xe9, 0x05, 0xe9, 0x05, 0xe9, 0x05, 0xe9, 0x05,
  0xe9, 0x05, 0xe9, 0x05, 0xe9, 0x05, 0xe9, 0x05, 0xe9, 0x05, 0xe9, 0x05, 0xe9, 0x05, 0xe9, 0x05, 0xe9, 0x05, 0xe9, 0x05, 0xe9, 0x05, 0xe9, 0x05, 0xe9, 0x05, 0xe9, 0x05, 0xe9, 0x05, 0xe9, 0x05,
  0xe9, 0x05, 0xe9, 0x05, 0xe8, 0xe4, 0xf2, 0x6a, 0x00, 0x00, 0x00, 0x00, 0x00, 0x00, 0x00, 0x00, 0x00, 0x00, 0x00, 0x00, 0x00, 0x00, 0x00, 0x00, 0x00, 0x00, 0x00, 0x00, 0x00, 0x00, 0x00, 0x00,
  0x00, 0x00, 0x00, 0x00, 0x00, 0x00, 0x00, 0x00, 0x00, 0x00, 0x00, 0x00, 0x00, 0x00, 0x00, 0x00, 0x00, 0x00, 0x00, 0x00, 0x00, 0x00, 0x00, 0x00, 0x00, 0x00, 0x00, 0x00, 0x00, 0x00, 0x00, 0x00,
  0x00, 0x00, 0x00, 0x00, 0x00, 0x00, 0x00, 0x00, 0x00, 0x00, 0x00, 0x00, 0x00, 0x00, 0x00, 0x00, 0x00, 0x00, 0x00, 0x00, 0x00, 0x00, 0x00, 0x00, 0x00, 0x00, 0x00, 0x00, 0x00, 0x00, 0x00, 0x00,
  0x00, 0x00, 0x00, 0x00, 0x00, 0x00, 0x00, 0x00, 0x00, 0x00, 0x00, 0x00, 0x00, 0x00, 0x00, 0x00, 0x00, 0x00, 0x00, 0x00, 0x00, 0x00, 0x00, 0x00, 0x00, 0x00, 0x00, 0x00, 0x00, 0x00, 0x00, 0x00,
  0x00, 0x00, 0x00, 0x00, 0x00, 0x00, 0x00, 0x00, 0x00, 0x00, 0x00, 0x00, 0x00, 0x00, 0x00, 0x00, 0x00, 0x00, 0x00, 0x00, 0x00, 0x00, 0x00, 0x00, 0x00, 0x00, 0x00, 0x00, 0x00, 0x00, 0x00, 0x00,
  0x00, 0x00, 0x00, 0x00, 0x00, 0x00, 0x00, 0x00, 0x00, 0x00, 0x00, 0x00, 0x00, 0x00, 0x00, 0x00, 0x00, 0x00, 0x00, 0x00, 0x00, 0x00, 0x00, 0x00, 0x00, 0x00, 0x00, 0x00, 0x00, 0x00, 0x00, 0x00,
  0x00, 0x00, 0x00, 0x00, 0x00, 0x00, 0x00, 0x00, 0x00, 0x00, 0x00, 0x00, 0x00, 0x00, 0x00, 0x00, 0x00, 0x00, 0x00, 0x00, 0x00, 0x00, 0x00, 0x00, 0x00, 0x00, 0x00, 0x00, 0x00, 0x00, 0x00, 0x00,
  0x00, 0x00, 0x00, 0x00, 0x00, 0x00, 0x00, 0x00, 0x00, 0x00, 0x00, 0x00, 0x00, 0x00, 0x00, 0x00, 0x00, 0x00, 0x00, 0x00, 0x00, 0x00, 0x00, 0x00, 0x00, 0x00, 0x00, 0x00, 0x00, 0x00, 0x00, 0x00,
  0x00, 0x00, 0x00, 0x00, 0x00, 0x00, 0x00, 0x00, 0x00, 0x00, 0x00, 0x00, 0x00, 0x00, 0x00, 0x00, 0x00, 0x00, 0x00, 0x00, 0x00, 0x00, 0x00, 0x00, 0x00, 0x00, 0x00, 0x00, 0x00, 0x00, 0x00, 0x00,
  0x00, 0x00, 0x00, 0x00, 0x00, 0x00, 0x00, 0x00, 0x00, 0x00, 0x00, 0x00, 0x00, 0x00, 0x00, 0x00, 0x00, 0x00, 0x00, 0x00, 0x00, 0x00, 0x00, 0x00, 0x00, 0x00, 0x00, 0x00, 0x00, 0x00, 0x00, 0x00,
  0x00, 0x00, 0x00, 0x00, 0x00, 0x00, 0x00, 0x00, 0x00, 0x00, 0x00, 0x00, 0x00, 0x00, 0x00, 0x00, 0x00, 0x00, 0x00, 0x00, 0x00, 0x00, 0x00, 0x00, 0x00, 0x00, 0x00, 0x00, 0x00, 0x00, 0x00, 0x00,
  0x00, 0x00, 0x00, 0x00, 0x00, 0x00, 0x00, 0x00, 0x00, 0x00, 0x00, 0x00, 0x00, 0x00, 0x00, 0x00, 0x00, 0x00, 0x00, 0x00, 0x00, 0x00, 0x00, 0x00, 0x00, 0x00, 0x00, 0x00, 0x00, 0x00, 0x00, 0x00,
  0x00, 0x00, 0x00, 0x00, 0x00, 0x00, 0x00, 0x00, 0x00, 0x00, 0x00, 0x00, 0x00, 0x00, 0x00, 0x00, 0x00, 0x00, 0x00, 0x00, 0x00, 0x00, 0x00, 0x00, 0x00, 0x00, 0x00, 0x00, 0x00, 0x00, 0x00, 0x00,
  0x00, 0x00, 0x00, 0x00, 0x00, 0x00, 0x00, 0x00, 0x00, 0x00, 0x00, 0x00, 0x00, 0x00, 0x00, 0x00, 0x00, 0x00, 0x00, 0x00, 0x00, 0x00, 0x00, 0x00, 0x00, 0x00, 0x00, 0x00, 0x00, 0x00, 0x00, 0x00,
  0x00, 0x00, 0x00, 0x00, 0x00, 0x00, 0x00, 0x00, 0x00, 0x00, 0x00, 0x00, 0x00, 0x00, 0x00, 0x00, 0x00, 0x00, 0x00, 0x00, 0x00, 0x00, 0x00, 0x00, 0x00, 0x00, 0x00, 0x00, 0x00, 0x00, 0x00, 0x00,
  0x00, 0x00, 0x00, 0x00, 0x00, 0x00, 0x00, 0x00, 0x00, 0x00, 0x00, 0x00, 0x00, 0x00, 0x00, 0x00, 0x00, 0x00, 0x00, 0x00, 0x00, 0x00, 0x00, 0x00, 0x00, 0x00, 0x00, 0x00, 0x00, 0x00, 0x00, 0x00,
  0x00, 0x00, 0x00, 0x00, 0x00, 0x00, 0x00, 0x00, 0x00, 0x00, 0x00, 0x00, 0x00, 0x00, 0x00, 0x00, 0x00, 0x00, 0x00, 0x00, 0x00, 0x00, 0x00, 0x00, 0x00, 0x00, 0x00, 0x00, 0x00, 0x00, 0x00, 0x00,
  0x00, 0x00, 0x00, 0x00, 0x00, 0x00, 0x00, 0x00, 0x00, 0x00, 0x00, 0x00, 0x00, 0x00, 0x00, 0x00, 0x00, 0x00, 0x00, 0x00, 0x00, 0x00, 0x00, 0x00, 0x00, 0x00, 0x00, 0x00, 0x00, 0x00, 0x00, 0x00,
  0xf3, 0x4e, 0xe8, 0x83, 0xe8, 0xe4, 0xe8, 0xc4, 0xe8, 0xc4, 0xe8, 0xc4, 0xe8, 0xc4, 0xe8, 0xc4, 0xe8, 0xc4, 0xe8, 0xc4, 0xe8, 0xc4, 0xe8, 0xc4, 0xe8, 0xc4, 0xe8, 0xc4, 0xe8, 0xc4, 0xe8, 0xc4,
  0xe8, 0xc4, 0xe8, 0xc4, 0xe8, 0xc4, 0xe8, 0xc4, 0xe8, 0xc4, 0xe8, 0xc4, 0xe8, 0xc4, 0xe8, 0xc4, 0xe8, 0xc4, 0xe8, 0xc4, 0xe8, 0xc4, 0xe8, 0xc4, 0xe8, 0xc4, 0xe8, 0xc4, 0xe8, 0xc4, 0xe8, 0xc4,
  0xe8, 0xc4, 0xe8, 0xc4, 0xe8, 0xc4, 0xe8, 0xc4, 0xe8, 0xc4, 0xe8, 0xc4, 0xe8, 0xc4, 0xe8, 0xc4, 0xe8, 0xc4, 0xe8, 0xc4, 0xe8, 0xc4, 0xe8, 0xc4, 0xe8, 0xc4, 0xe8, 0xc4, 0xe8, 0xc4, 0xe8, 0xc4,
  0xe8, 0xc4, 0xe8, 0xc4, 0xe8, 0xc4, 0xe8, 0xc4, 0xe8, 0xe4, 0xe8, 0xc4, 0xe8, 0xe4, 0x9b, 0x8e, 0x00, 0x00, 0x00, 0x00, 0x00, 0x00, 0x00, 0x00, 0x00, 0x00, 0x00, 0x00, 0x00, 0x00, 0x00, 0x00,
  0x00, 0x00, 0x00, 0x00, 0x00, 0x00, 0x00, 0x00, 0x00, 0x00, 0x00, 0x00, 0x00, 0x00, 0x00, 0x00, 0x00, 0x00, 0x00, 0x00, 0x00, 0x00, 0x00, 0x00, 0x00, 0x00, 0x00, 0x00, 0x00, 0x00, 0x00, 0x00,
  0x00, 0x00, 0x00, 0x00, 0x00, 0x00, 0x00, 0x00, 0x00, 0x00, 0x00, 0x00, 0x00, 0x00, 0x00, 0x00, 0x00, 0x00, 0x00, 0x00, 0x00, 0x00, 0x00, 0x00, 0x00, 0x00, 0x00, 0x00, 0x00, 0x00, 0x00, 0x00,
  0x00, 0x00, 0x00, 0x00, 0x00, 0x00, 0x00, 0x00, 0x00, 0x00, 0x00, 0x00, 0x00, 0x00, 0x00, 0x00, 0x00, 0x00, 0x00, 0x00, 0x00, 0x00, 0x00, 0x00, 0x00, 0x00, 0x00, 0x00, 0x00, 0x00, 0x00, 0x00,
  0x00, 0x00, 0x00, 0x00, 0x00, 0x00, 0x00, 0x00, 0x00, 0x00, 0x00, 0x00, 0x00, 0x00, 0x00, 0x00, 0x00, 0x00, 0x00, 0x00, 0x00, 0x00, 0x00, 0x00, 0x00, 0x00, 0x00, 0x00, 0x00, 0x00, 0x00, 0x00,
  0x00, 0x00, 0x00, 0x00, 0x00, 0x00, 0x00, 0x00, 0x00, 0x00, 0x00, 0x00, 0x00, 0x00, 0x00, 0x00, 0x00, 0x00, 0x00, 0x00, 0x00, 0x00, 0x00, 0x00, 0x00, 0x00, 0x00, 0x00, 0x00, 0x00, 0x00, 0x00,
  0x00, 0x00, 0x00, 0x00, 0x00, 0x00, 0x00, 0x00, 0x00, 0x00, 0x00, 0x00, 0x00, 0x00, 0x00, 0x00, 0x00, 0x00, 0x00, 0x00, 0x00, 0x00, 0x00, 0x00, 0x00, 0x00, 0x00, 0x00, 0x00, 0x00, 0x00, 0x00,
  0x00, 0x00, 0x00, 0x00, 0x00, 0x00, 0x00, 0x00, 0x00, 0x00, 0x00, 0x00, 0x00, 0x00, 0x00, 0x00, 0x00, 0x00, 0x00, 0x00, 0x00, 0x00, 0x00, 0x00, 0x00, 0x00, 0x00, 0x00, 0x00, 0x00, 0x00, 0x00,
  0x00, 0x00, 0x00, 0x00, 0x00, 0x00, 0x00, 0x00, 0x00, 0x00, 0x00, 0x00, 0x00, 0x00, 0x00, 0x00, 0x00, 0x00, 0x00, 0x00, 0x00, 0x00, 0x00, 0x00, 0x00, 0x00, 0x00, 0x00, 0x00, 0x00, 0x00, 0x00,
  0x00, 0x00, 0x00, 0x00, 0x00, 0x00, 0x00, 0x00, 0x00, 0x00, 0x00, 0x00, 0x00, 0x00, 0x00, 0x00, 0x00, 0x00, 0x00, 0x00, 0x00, 0x00, 0x00, 0x00, 0x00, 0x00, 0x00, 0x00, 0x00, 0x00, 0x00, 0x00,
  0x00, 0x00, 0x00, 0x00, 0x00, 0x00, 0x00, 0x00, 0x00, 0x00, 0x00, 0x00, 0x00, 0x00, 0x00, 0x00, 0x00, 0x00, 0x00, 0x00, 0x00, 0x00, 0x00, 0x00, 0x00, 0x00, 0x00, 0x00, 0x00, 0x00, 0x00, 0x00,
  0x00, 0x00, 0x00, 0x00, 0x00, 0x00, 0x00, 0x00, 0x00, 0x00, 0x00, 0x00, 0x00, 0x00, 0x00, 0x00, 0x00, 0x00, 0x00, 0x00, 0x00, 0x00, 0x00, 0x00, 0x00, 0x00, 0x00, 0x00, 0x00, 0x00, 0x00, 0x00,
  0x00, 0x00, 0x00, 0x00, 0x00, 0x00, 0x00, 0x00, 0x00, 0x00, 0x00, 0x00, 0x00, 0x00, 0x00, 0x00, 0x00, 0x00, 0x00, 0x00, 0x00, 0x00, 0x00, 0x00, 0x00, 0x00, 0x00, 0x00, 0x00, 0x00, 0x00, 0x00,
  0x00, 0x00, 0x00, 0x00, 0x00, 0x00, 0x00, 0x00, 0x00, 0x00, 0x00, 0x00, 0x00, 0x00, 0x00, 0x00, 0x00, 0x00, 0x00, 0x00, 0x00, 0x00, 0x00, 0x00, 0x00, 0x00, 0x00, 0x00, 0x00, 0x00, 0x00, 0x00,
  0x00, 0x00, 0x00, 0x00, 0x00, 0x00, 0x00, 0x00, 0x00, 0x00, 0x00, 0x00, 0x00, 0x00, 0x00, 0x00, 0x00, 0x00, 0x00, 0x00, 0x00, 0x00, 0x00, 0x00, 0x00, 0x00, 0x00, 0x00, 0x00, 0x00, 0x00, 0x00,
  0x00, 0x00, 0x00, 0x00, 0x00, 0x00, 0x00, 0x00, 0x00, 0x00, 0x00, 0x00, 0x00, 0x00, 0x00, 0x00, 0x00, 0x00, 0x00, 0x00, 0x00, 0x00, 0x00, 0x00, 0x00, 0x00, 0x00, 0x00, 0x00, 0x00, 0x00, 0x00,
  0x00, 0x00, 0x00, 0x00, 0x00, 0x00, 0x00, 0x00, 0x00, 0x00, 0x00, 0x00, 0x00, 0x00, 0x00, 0x00, 0x00, 0x00, 0x00, 0x00, 0x00, 0x00, 0x00, 0x00, 0x00, 0x00, 0x00, 0x00, 0x00, 0x00, 0x00, 0x00,
  0x00, 0x00, 0x00, 0x00, 0x00, 0x00, 0x00, 0x00, 0x00, 0x00, 0x00, 0x00, 0x00, 0x00, 0x00, 0x00, 0x00, 0x00, 0x00, 0x00, 0x00, 0x00, 0x00, 0x00, 0x00, 0x00, 0x00, 0x00, 0x00, 0x00, 0x00, 0x00,
  0x00, 0x00, 0x00, 0x00, 0x00, 0x00, 0x62, 0x69, 0xe9, 0x05, 0xe8, 0xc4, 0xe8, 0xe4, 0xe8, 0xe4, 0xe8, 0xe4, 0xe8, 0xe4, 0xe8, 0xe4, 0xe8, 0xe4, 0xe8, 0xe4, 0xe8, 0xe4, 0xe8, 0xe4, 0xe8, 0xe4,
  0xe8, 0xe4, 0xe8, 0xe4, 0xe8, 0xe4, 0xe8, 0xe4, 0xe8, 0xe4, 0xe8, 0xe4, 0xe8, 0xe4, 0xe8, 0xe4, 0xe8, 0xe4, 0xe8, 0xe4, 0xe8, 0xe4, 0xe8, 0xe4, 0xe8, 0xe4, 0xe8, 0xe4, 0xe8, 0xe4, 0xe8, 0xe4,
  0xe8, 0xe4, 0xe8, 0xe4, 0xe8, 0xe4, 0xe8, 0xe4, 0xe8, 0xe4, 0xe8, 0xe4, 0xe8, 0xe4, 0xe8, 0xe4, 0xe8, 0xe4, 0xe8, 0xe4, 0xe8, 0xe4, 0xe8, 0xe4, 0xe8, 0xe4, 0xe8, 0xe4, 0xe8, 0xe4, 0xe8, 0xe4,
  0xe8, 0xe4, 0xe8, 0xe4, 0xe8, 0xe4, 0xe8, 0xe4, 0xe8, 0xe4, 0xe8, 0xe4, 0xe8, 0xe4, 0xe8, 0xe4, 0xe8, 0xe4, 0xe8, 0x83, 0xf2, 0xec, 0x00, 0x00, 0x00, 0x00, 0x00, 0x00, 0x00, 0x00, 0x00, 0x00,
  0x00, 0x00, 0x00, 0x00, 0x00, 0x00, 0x00, 0x00, 0x00, 0x00, 0x00, 0x00, 0x00, 0x00, 0x00, 0x00, 0x00, 0x00, 0x00, 0x00, 0x00, 0x00, 0x00, 0x00, 0x00, 0x00, 0x00, 0x00, 0x00, 0x00, 0x00, 0x00,
  0x00, 0x00, 0x00, 0x00, 0x00, 0x00, 0x00, 0x00, 0x00, 0x00, 0x00, 0x00, 0x00, 0x00, 0x00, 0x00, 0x00, 0x00, 0x00, 0x00, 0x00, 0x00, 0x00, 0x00, 0x00, 0x00, 0x00, 0x00, 0x00, 0x00, 0x00, 0x00,
  0x00, 0x00, 0x00, 0x00, 0x00, 0x00, 0x00, 0x00, 0x00, 0x00, 0x00, 0x00, 0x00, 0x00, 0x00, 0x00, 0x00, 0x00, 0x00, 0x00, 0x00, 0x00, 0x00, 0x00, 0x00, 0x00, 0x00, 0x00, 0x00, 0x00, 0x00, 0x00,
  0x00, 0x00, 0x00, 0x00, 0x00, 0x00, 0x00, 0x00, 0x00, 0x00, 0x00, 0x00, 0x00, 0x00, 0x00, 0x00, 0x00, 0x00, 0x00, 0x00, 0x00, 0x00, 0x00, 0x00, 0x00, 0x00, 0x00, 0x00, 0x00, 0x00, 0x00, 0x00,
  0x00, 0x00, 0x00, 0x00, 0x00, 0x00, 0x00, 0x00, 0x00, 0x00, 0x00, 0x00, 0x00, 0x00, 0x00, 0x00, 0x00, 0x00, 0x00, 0x00, 0x00, 0x00, 0x00, 0x00, 0x00, 0x00, 0x00, 0x00, 0x00, 0x00, 0x00, 0x00,
  0x00, 0x00, 0x00, 0x00, 0x00, 0x00, 0x00, 0x00, 0x00, 0x00, 0x00, 0x00, 0x00, 0x00, 0x00, 0x00, 0x00, 0x00, 0x00, 0x00, 0x00, 0x00, 0x00, 0x00, 0x00, 0x00, 0x00, 0x00, 0x00, 0x00, 0x00, 0x00,
  0x00, 0x00, 0x00, 0x00, 0x00, 0x00, 0x00, 0x00, 0x00, 0x00, 0x00, 0x00, 0x00, 0x00, 0x00, 0x00, 0x00, 0x00, 0x00, 0x00, 0x00, 0x00, 0x00, 0x00, 0x00, 0x00, 0x00, 0x00, 0x00, 0x00, 0x00, 0x00,
  0x00, 0x00, 0x00, 0x00, 0x00, 0x00, 0x00, 0x00, 0x00, 0x00, 0x00, 0x00, 0x00, 0x00, 0x00, 0x00, 0x00, 0x00, 0x00, 0x00, 0x00, 0x00, 0x00, 0x00, 0x00, 0x00, 0x00, 0x00, 0x00, 0x00, 0x00, 0x00,
  0x00, 0x00, 0x00, 0x00, 0x00, 0x00, 0x00, 0x00, 0x00, 0x00, 0x00, 0x00, 0x00, 0x00, 0x00, 0x00, 0x00, 0x00, 0x00, 0x00, 0x00, 0x00, 0x00, 0x00, 0x00, 0x00, 0x00, 0x00, 0x00, 0x00, 0x00, 0x00,
  0x00, 0x00, 0x00, 0x00, 0x00, 0x00, 0x00, 0x00, 0x00, 0x00, 0x00, 0x00, 0x00, 0x00, 0x00, 0x00, 0x00, 0x00, 0x00, 0x00, 0x00, 0x00, 0x00, 0x00, 0x00, 0x00, 0x00, 0x00, 0x00, 0x00, 0x00, 0x00,
  0x00, 0x00, 0x00, 0x00, 0x00, 0x00, 0x00, 0x00, 0x00, 0x00, 0x00, 0x00, 0x00, 0x00, 0x00, 0x00, 0x00, 0x00, 0x00, 0x00, 0x00, 0x00, 0x00, 0x00, 0x00, 0x00, 0x00, 0x00, 0x00, 0x00, 0x00, 0x00,
  0x00, 0x00, 0x00, 0x00, 0x00, 0x00, 0x00, 0x00, 0x00, 0x00, 0x00, 0x00, 0x00, 0x00, 0x00, 0x00, 0x00, 0x00, 0x00, 0x00, 0x00, 0x00, 0x00, 0x00, 0x00, 0x00, 0x00, 0x00, 0x00, 0x00, 0x00, 0x00,
  0x00, 0x00, 0x00, 0x00, 0x00, 0x00, 0x00, 0x00, 0x00, 0x00, 0x00, 0x00, 0x00, 0x00, 0x00, 0x00, 0x00, 0x00, 0x00, 0x00, 0x00, 0x00, 0x00, 0x00, 0x00, 0x00, 0x00, 0x00, 0x00, 0x00, 0x00, 0x00,
  0x00, 0x00, 0x00, 0x00, 0x00, 0x00, 0x00, 0x00, 0x00, 0x00, 0x00, 0x00, 0x00, 0x00, 0x00, 0x00, 0x00, 0x00, 0x00, 0x00, 0x00, 0x00, 0x00, 0x00, 0x00, 0x00, 0x00, 0x00, 0x00, 0x00, 0x00, 0x00,
  0x00, 0x00, 0x00, 0x00, 0x00, 0x00, 0x00, 0x00, 0x00, 0x00, 0x00, 0x00, 0x00, 0x00, 0x00, 0x00, 0x00, 0x00, 0x00, 0x00, 0x00, 0x00, 0x00, 0x00, 0x00, 0x00, 0x00, 0x00, 0x00, 0x00, 0x00, 0x00,
  0x00, 0x00, 0x00, 0x00, 0x00, 0x00, 0x00, 0x00, 0x00, 0x00, 0x00, 0x00, 0x00, 0x00, 0x00, 0x00, 0x00, 0x00, 0x00, 0x00, 0x00, 0x00, 0x00, 0x00, 0x00, 0x00, 0x00, 0x00, 0x00, 0x00, 0x00, 0x00,
  0x00, 0x00, 0x00, 0x00, 0x00, 0x00, 0x00, 0x00, 0x00, 0x00, 0x00, 0x00, 0x00, 0x00, 0x00, 0x00, 0x00, 0x00, 0x00, 0x00, 0x00, 0x00, 0x00, 0x00, 0x00, 0x00, 0x00, 0x00, 0x00, 0x00, 0x00, 0x00,
  0x00, 0x00, 0x00, 0x00, 0x00, 0x00, 0x00, 0x00, 0x00, 0x00, 0x00, 0x00, 0x00, 0x00, 0xf3, 0x2d, 0xe8, 0x83, 0xe8, 0xe4, 0xe8, 0xe4, 0xe8, 0xe4, 0xe8, 0xe4, 0xe8, 0xe4, 0xe8, 0xe4, 0xe8, 0xe4,
  0xe8, 0xe4, 0xe8, 0xe4, 0xe8, 0xe4, 0xe8, 0xe4, 0xe8, 0xe4, 0xe8, 0xe4, 0xe8, 0xe4, 0xe8, 0xe4, 0xe8, 0xe4, 0xe8, 0xe4, 0xe8, 0xe4, 0xe8, 0xe4, 0xe8, 0xe4, 0xe8, 0xe4, 0xe8, 0xe4, 0xe8, 0xe4,
  0xe8, 0xe4, 0xe8, 0xe4, 0xe8, 0xe4, 0xe8, 0xe4, 0xe8, 0xe4, 0xe8, 0xe4, 0xe8, 0xe4, 0xe8, 0xe4, 0xe8, 0xe4, 0xe8, 0xe4, 0xe8, 0xe4, 0xe8, 0xe4, 0xe8, 0xe4, 0xe8, 0xe4, 0xe8, 0xe4, 0xe8, 0xe4,
  0xe8, 0xe4, 0xe8, 0xe4, 0xe8, 0xe4, 0xe8, 0xe4, 0xe8, 0xe4, 0xe8, 0xe4, 0xe8, 0xe4, 0xe8, 0xe4, 0xe8, 0xe4, 0xe8, 0xe4, 0xe8, 0xe4, 0xe8, 0xe4, 0xe8, 0xe4, 0xe8, 0xe4, 0x72, 0xcb, 0x00, 0x00,
  0x00, 0x00, 0x00, 0x00, 0x00, 0x00, 0x00, 0x00, 0x00, 0x00, 0x00, 0x00, 0x00, 0x00, 0x00, 0x00, 0x00, 0x00, 0x00, 0x00, 0x00, 0x00, 0x00, 0x00, 0x00, 0x00, 0x00, 0x00, 0x00, 0x00, 0x00, 0x00,
  0x00, 0x00, 0x00, 0x00, 0x00, 0x00, 0x00, 0x00, 0x00, 0x00, 0x00, 0x00, 0x00, 0x00, 0x00, 0x00, 0x00, 0x00, 0x00, 0x00, 0x00, 0x00, 0x00, 0x00, 0x00, 0x00, 0x00, 0x00, 0x00, 0x00, 0x00, 0x00,
  0x00, 0x00, 0x00, 0x00, 0x00, 0x00, 0x00, 0x00, 0x00, 0x00, 0x00, 0x00, 0x00, 0x00, 0x00, 0x00, 0x00, 0x00, 0x00, 0x00, 0x00, 0x00, 0x00, 0x00, 0x00, 0x00, 0x00, 0x00, 0x00, 0x00, 0x00, 0x00,
  0x00, 0x00, 0x00, 0x00, 0x00, 0x00, 0x00, 0x00, 0x00, 0x00, 0x00, 0x00, 0x00, 0x00, 0x00, 0x00, 0x00, 0x00, 0x00, 0x00, 0x00, 0x00, 0x00, 0x00, 0x00, 0x00, 0x00, 0x00, 0x00, 0x00, 0x00, 0x00,
  0x00, 0x00, 0x00, 0x00, 0x00, 0x00, 0x00, 0x00, 0x00, 0x00, 0x00, 0x00, 0x00, 0x00, 0x00, 0x00, 0x00, 0x00, 0x00, 0x00, 0x00, 0x00, 0x00, 0x00, 0x00, 0x00, 0x00, 0x00, 0x00, 0x00, 0x00, 0x00,
  0x00, 0x00, 0x00, 0x00, 0x00, 0x00, 0x00, 0x00, 0x00, 0x00, 0x00, 0x00, 0x00, 0x00, 0x00, 0x00, 0x00, 0x00, 0x00, 0x00, 0x00, 0x00, 0x00, 0x00, 0x00, 0x00, 0x00, 0x00, 0x00, 0x00, 0x00, 0x00,
  0x00, 0x00, 0x00, 0x00, 0x00, 0x00, 0x00, 0x00, 0x00, 0x00, 0x00, 0x00, 0x00, 0x00, 0x00, 0x00, 0x00, 0x00, 0x00, 0x00, 0x00, 0x00, 0x00, 0x00, 0x00, 0x00, 0x00, 0x00, 0x00, 0x00, 0x00, 0x00,
  0x00, 0x00, 0x00, 0x00, 0x00, 0x00, 0x00, 0x00, 0x00, 0x00, 0x00, 0x00, 0x00, 0x00, 0x00, 0x00, 0x00, 0x00, 0x00, 0x00, 0x00, 0x00, 0x00, 0x00, 0x00, 0x00, 0x00, 0x00, 0x00, 0x00, 0x00, 0x00,
  0x00, 0x00, 0x00, 0x00, 0x00, 0x00, 0x00, 0x00, 0x00, 0x00, 0x00, 0x00, 0x00, 0x00, 0x00, 0x00, 0x00, 0x00, 0x00, 0x00, 0x00, 0x00, 0x00, 0x00, 0x00, 0x00, 0x00, 0x00, 0x00, 0x00, 0x00, 0x00,
  0x00, 0x00, 0x00, 0x00, 0x00, 0x00, 0x00, 0x00, 0x00, 0x00, 0x00, 0x00, 0x00, 0x00, 0x00, 0x00, 0x00, 0x00, 0x00, 0x00, 0x00, 0x00, 0x00, 0x00, 0x00, 0x00, 0x00, 0x00, 0x00, 0x00, 0x00, 0x00,
  0x00, 0x00, 0x00, 0x00, 0x00, 0x00, 0x00, 0x00, 0x00, 0x00, 0x00, 0x00, 0x00, 0x00, 0x00, 0x00, 0x00, 0x00, 0x00, 0x00, 0x00, 0x00, 0x00, 0x00, 0x00, 0x00, 0x00, 0x00, 0x00, 0x00, 0x00, 0x00,
  0x00, 0x00, 0x00, 0x00, 0x00, 0x00, 0x00, 0x00, 0x00, 0x00, 0x00, 0x00, 0x00, 0x00, 0x00, 0x00, 0x00, 0x00, 0x00, 0x00, 0x00, 0x00, 0x00, 0x00, 0x00, 0x00, 0x00, 0x00, 0x00, 0x00, 0x00, 0x00,
  0x00, 0x00, 0x00, 0x00, 0x00, 0x00, 0x00, 0x00, 0x00, 0x00, 0x00, 0x00, 0x00, 0x00, 0x00, 0x00, 0x00, 0x00, 0x00, 0x00, 0x00, 0x00, 0x00, 0x00, 0x00, 0x00, 0x00, 0x00, 0x00, 0x00, 0x00, 0x00,
  0x00, 0x00, 0x00, 0x00, 0x00, 0x00, 0x00, 0x00, 0x00, 0x00, 0x00, 0x00, 0x00, 0x00, 0x00, 0x00, 0x00, 0x00, 0x00, 0x00, 0x00, 0x00, 0x00, 0x00, 0x00, 0x00, 0x00, 0x00, 0x00, 0x00, 0x00, 0x00,
  0x00, 0x00, 0x00, 0x00, 0x00, 0x00, 0x00, 0x00, 0x00, 0x00, 0x00, 0x00, 0x00, 0x00, 0x00, 0x00, 0x00, 0x00, 0x00, 0x00, 0x00, 0x00, 0x00, 0x00, 0x00, 0x00, 0x00, 0x00, 0x00, 0x00, 0x00, 0x00,
  0x00, 0x00, 0x00, 0x00, 0x00, 0x00, 0x00, 0x00, 0x00, 0x00, 0x00, 0x00, 0x00, 0x00, 0x00, 0x00, 0x00, 0x00, 0x00, 0x00, 0x00, 0x00, 0x00, 0x00, 0x00, 0x00, 0x00, 0x00, 0x00, 0x00, 0x00, 0x00,
  0x00, 0x00, 0x00, 0x00, 0x00, 0x00, 0x00, 0x00, 0x00, 0x00, 0x00, 0x00, 0x00, 0x00, 0x00, 0x00, 0x00, 0x00, 0x00, 0x00, 0x00, 0x00, 0x00, 0x00, 0x00, 0x00, 0x00, 0x00, 0x00, 0x00, 0x00, 0x00,
  0x00, 0x00, 0x00, 0x00, 0x00, 0x00, 0x00, 0x00, 0x00, 0x00, 0x00, 0x00, 0x00, 0x00, 0x00, 0x00, 0x00, 0x00, 0x00, 0x00, 0x6a, 0xaa, 0xe8, 0xe4, 0xe8, 0xc4, 0xe8, 0xe4, 0xe8, 0xe4, 0xe8, 0xe4,
  0xe8, 0xe4, 0xe8, 0xe4, 0xe8, 0xe4, 0xe8, 0xe4, 0xe8, 0xe4, 0xe8, 0xe4, 0xe8, 0xe4, 0xe8, 0xe4, 0xe8, 0xe4, 0xe8, 0xe4, 0xe8, 0xe4, 0xe8, 0xe4, 0xe8, 0xe4, 0xe8, 0xe4, 0xe8, 0xe4, 0xe8, 0xe4,
  0xe8, 0xe4, 0xe8, 0xe4, 0xe8, 0xe4, 0xe8, 0xe4, 0xe8, 0xe4, 0xe8, 0xe4, 0xe8, 0xe4, 0xe8, 0xe4, 0xe8, 0xe4, 0xe8, 0xe4, 0xe8, 0xe4, 0xe8, 0xe4, 0xe8, 0xe4, 0xe8, 0xe4, 0xe8, 0xe4, 0xe8, 0xe4,
  0xe8, 0xe4, 0xe8, 0xe4, 0xe8, 0xe4, 0xe8, 0xe4, 0xe8, 0xe4, 0xe8, 0xe4, 0xe8, 0xe4, 0xe8, 0xe4, 0xe8, 0xe4, 0xe8, 0xe4, 0xe8, 0xe4, 0xe8, 0xe4, 0xe8, 0xe4, 0xe8, 0xe4, 0xe8, 0xe4, 0xe8, 0xe4,
  0xe8, 0x83, 0xf3, 0x0d, 0x00, 0x00, 0x00, 0x00, 0x00, 0x00, 0x00, 0x00, 0x00, 0x00, 0x00, 0x00, 0x00, 0x00, 0x00, 0x00, 0x00, 0x00, 0x00, 0x00, 0x00, 0x00, 0x00, 0x00, 0x00, 0x00, 0x00, 0x00,
  0x00, 0x00, 0x00, 0x00, 0x00, 0x00, 0x00, 0x00, 0x00, 0x00, 0x00, 0x00, 0x00, 0x00, 0x00, 0x00, 0x00, 0x00, 0x00, 0x00, 0x00, 0x00, 0x00, 0x00, 0x00, 0x00, 0x00, 0x00, 0x00, 0x00, 0x00, 0x00,
  0x00, 0x00, 0x00, 0x00, 0x00, 0x00, 0x00, 0x00, 0x00, 0x00, 0x00, 0x00, 0x00, 0x00, 0x00, 0x00, 0x00, 0x00, 0x00, 0x00, 0x00, 0x00, 0x00, 0x00, 0x00, 0x00, 0x00, 0x00, 0x00, 0x00, 0x00, 0x00,
  0x00, 0x00, 0x00, 0x00, 0x00, 0x00, 0x00, 0x00, 0x00, 0x00, 0x00, 0x00, 0x00, 0x00, 0x00, 0x00, 0x00, 0x00, 0x00, 0x00, 0x00, 0x00, 0x00, 0x00, 0x00, 0x00, 0x00, 0x00, 0x00, 0x00, 0x00, 0x00,
  0x00, 0x00, 0x00, 0x00, 0x00, 0x00, 0x00, 0x00, 0x00, 0x00, 0x00, 0x00, 0x00, 0x00, 0x00, 0x00, 0x00, 0x00, 0x00, 0x00, 0x00, 0x00, 0x00, 0x00, 0x00, 0x00, 0x00, 0x00, 0x00, 0x00, 0x00, 0x00,
  0x00, 0x00, 0x00, 0x00, 0x00, 0x00, 0x00, 0x00, 0x00, 0x00, 0x00, 0x00, 0x00, 0x00, 0x00, 0x00, 0x00, 0x00, 0x00, 0x00, 0x00, 0x00, 0x00, 0x00, 0x00, 0x00, 0x00, 0x00, 0x00, 0x00, 0x00, 0x00,
  0x00, 0x00, 0x00, 0x00, 0x00, 0x00, 0x00, 0x00, 0x00, 0x00, 0x00, 0x00, 0x00, 0x00, 0x00, 0x00, 0x00, 0x00, 0x00, 0x00, 0x00, 0x00, 0x00, 0x00, 0x00, 0x00, 0x00, 0x00, 0x00, 0x00, 0x00, 0x00,
  0x00, 0x00, 0x00, 0x00, 0x00, 0x00, 0x00, 0x00, 0x00, 0x00, 0x00, 0x00, 0x00, 0x00, 0x00, 0x00, 0x00, 0x00, 0x00, 0x00, 0x00, 0x00, 0x00, 0x00, 0x00, 0x00, 0x00, 0x00, 0x00, 0x00, 0x00, 0x00,
  0x00, 0x00, 0x00, 0x00, 0x00, 0x00, 0x00, 0x00, 0x00, 0x00, 0x00, 0x00, 0x00, 0x00, 0x00, 0x00, 0x00, 0x00, 0x00, 0x00, 0x00, 0x00, 0x00, 0x00, 0x00, 0x00, 0x00, 0x00, 0x00, 0x00, 0x00, 0x00,
  0x00, 0x00, 0x00, 0x00, 0x00, 0x00, 0x00, 0x00, 0x00, 0x00, 0x00, 0x00, 0x00, 0x00, 0x00, 0x00, 0x00, 0x00, 0x00, 0x00, 0x00, 0x00, 0x00, 0x00, 0x00, 0x00, 0x00, 0x00, 0x00, 0x00, 0x00, 0x00,
  0x00, 0x00, 0x00, 0x00, 0x00, 0x00, 0x00, 0x00, 0x00, 0x00, 0x00, 0x00, 0x00, 0x00, 0x00, 0x00, 0x00, 0x00, 0x00, 0x00, 0x00, 0x00, 0x00, 0x00, 0x00, 0x00, 0x00, 0x00, 0x00, 0x00, 0x00, 0x00,
  0x00, 0x00, 0x00, 0x00, 0x00, 0x00, 0x00, 0x00, 0x00, 0x00, 0x00, 0x00, 0x00, 0x00, 0x00, 0x00, 0x00, 0x00, 0x00, 0x00, 0x00, 0x00, 0x00, 0x00, 0x00, 0x00, 0x00, 0x00, 0x00, 0x00, 0x00, 0x00,
  0x00, 0x00, 0x00, 0x00, 0x00, 0x00, 0x00, 0x00, 0x00, 0x00, 0x00, 0x00, 0x00, 0x00, 0x00, 0x00, 0x00, 0x00, 0x00, 0x00, 0x00, 0x00, 0x00, 0x00, 0x00, 0x00, 0x00, 0x00, 0x00, 0x00, 0x00, 0x00,
  0x00, 0x00, 0x00, 0x00, 0x00, 0x00, 0x00, 0x00, 0x00, 0x00, 0x00, 0x00, 0x00, 0x00, 0x00, 0x00, 0x00, 0x00, 0x00, 0x00, 0x00, 0x00, 0x00, 0x00, 0x00, 0x00, 0x00, 0x00, 0x00, 0x00, 0x00, 0x00,
  0x00, 0x00, 0x00, 0x00, 0x00, 0x00, 0x00, 0x00, 0x00, 0x00, 0x00, 0x00, 0x00, 0x00, 0x00, 0x00, 0x00, 0x00, 0x00, 0x00, 0x00, 0x00, 0x00, 0x00, 0x00, 0x00, 0x00, 0x00, 0x00, 0x00, 0x00, 0x00,
  0x00, 0x00, 0x00, 0x00, 0x00, 0x00, 0x00, 0x00, 0x00, 0x00, 0x00, 0x00, 0x00, 0x00, 0x00, 0x00, 0x00, 0x00, 0x00, 0x00, 0x00, 0x00, 0x00, 0x00, 0x00, 0x00, 0x00, 0x00, 0x00, 0x00, 0x00, 0x00,
  0x00, 0x00, 0x00, 0x00, 0x00, 0x00, 0x00, 0x00, 0x00, 0x00, 0x00, 0x00, 0x00, 0x00, 0x00, 0x00, 0x00, 0x00, 0x00, 0x00, 0x00, 0x00, 0x00, 0x00, 0x00, 0x00, 0x00, 0x00, 0x00, 0x00, 0x00, 0x00,
  0x00, 0x00, 0x00, 0x00, 0x00, 0x00, 0x00, 0x00, 0x00, 0x00, 0x00, 0x00, 0x00, 0x00, 0x00, 0x00, 0x00, 0x00, 0x00, 0x00, 0x00, 0x00, 0x00, 0x00, 0x00, 0x00, 0x00, 0x00, 0xf3, 0x0c, 0xe8, 0x83,
  0xe8, 0xe4, 0xe8, 0xe4, 0xe8, 0xe4, 0xe8, 0xe4, 0xe8, 0xe4, 0xe8, 0xe4, 0xe8, 0xe4, 0xe8, 0xe4, 0xe8, 0xe4, 0xe8, 0xe4, 0xe8, 0xe4, 0xe8, 0xe4, 0xe8, 0xe4, 0xe8, 0xe4, 0xe8, 0xe4, 0xe8, 0xe4,
  0xe8, 0xe4, 0xe8, 0xe4, 0xe8, 0xe4, 0xe8, 0xe4, 0xe8, 0xe4, 0xe8, 0xe4, 0xe8, 0xe4, 0xe8, 0xe4, 0xe8, 0xe4, 0xe8, 0xe4, 0xe8, 0xe4, 0xe8, 0xe4, 0xe8, 0xe4, 0xe8, 0xe4, 0xe8, 0xe4, 0xe8, 0xe4,
  0xe8, 0xe4, 0xe8, 0xe4, 0xe8, 0xe4, 0xe8, 0xe4, 0xe8, 0xe4, 0xe8, 0xe4, 0xe8, 0xe4, 0xe8, 0xe4, 0xe8, 0xe4, 0xe8, 0xe4, 0xe8, 0xe4, 0xe8, 0xe4, 0xe8, 0xe4, 0xe8, 0xe4, 0xe8, 0xe4, 0xe8, 0xe4,
  0xe8, 0xe4, 0xe8, 0xe4, 0xe8, 0xe4, 0xe8, 0xc4, 0xe9, 0x05, 0x62, 0x8a, 0x00, 0x00, 0x00, 0x00, 0x00, 0x00, 0x00, 0x00, 0x00, 0x00, 0x00, 0x00, 0x00, 0x00, 0x00, 0x00, 0x00, 0x00, 0x00, 0x00,
  0x00, 0x00, 0x00, 0x00, 0x00, 0x00, 0x00, 0x00, 0x00, 0x00, 0x00, 0x00, 0x00, 0x00, 0x00, 0x00, 0x00, 0x00, 0x00, 0x00, 0x00, 0x00, 0x00, 0x00, 0x00, 0x00, 0x00, 0x00, 0x00, 0x00, 0x00, 0x00,
  0x00, 0x00, 0x00, 0x00, 0x00, 0x00, 0x00, 0x00, 0x00, 0x00, 0x00, 0x00, 0x00, 0x00, 0x00, 0x00, 0x00, 0x00, 0x00, 0x00, 0x00, 0x00, 0x00, 0x00, 0x00, 0x00, 0x00, 0x00, 0x00, 0x00, 0x00, 0x00,
  0x00, 0x00, 0x00, 0x00, 0x00, 0x00, 0x00, 0x00, 0x00, 0x00, 0x00, 0x00, 0x00, 0x00, 0x00, 0x00, 0x00, 0x00, 0x00, 0x00, 0x00, 0x00, 0x00, 0x00, 0x00, 0x00, 0x00, 0x00, 0x00, 0x00, 0x00, 0x00,
  0x00, 0x00, 0x00, 0x00, 0x00, 0x00, 0x00, 0x00, 0x00, 0x00, 0x00, 0x00, 0x00, 0x00, 0x00, 0x00, 0x00, 0x00, 0x00, 0x00, 0x00, 0x00, 0x00, 0x00, 0x00, 0x00, 0x00, 0x00, 0x00, 0x00, 0x00, 0x00,
  0x00, 0x00, 0x00, 0x00, 0x00, 0x00, 0x00, 0x00, 0x00, 0x00, 0x00, 0x00, 0x00, 0x00, 0x00, 0x00, 0x00, 0x00, 0x00, 0x00, 0x00, 0x00, 0x00, 0x00, 0x00, 0x00, 0x00, 0x00, 0x00, 0x00, 0x00, 0x00,
  0x00, 0x00, 0x00, 0x00, 0x00, 0x00, 0x00, 0x00, 0x00, 0x00, 0x00, 0x00, 0x00, 0x00, 0x00, 0x00, 0x00, 0x00, 0x00, 0x00, 0x00, 0x00, 0x00, 0x00, 0x00, 0x00, 0x00, 0x00, 0x00, 0x00, 0x00, 0x00,
  0x00, 0x00, 0x00, 0x00, 0x00, 0x00, 0x00, 0x00, 0x00, 0x00, 0x00, 0x00, 0x00, 0x00, 0x00, 0x00, 0x00, 0x00, 0x00, 0x00, 0x00, 0x00, 0x00, 0x00, 0x00, 0x00, 0x00, 0x00, 0x00, 0x00, 0x00, 0x00,
  0x00, 0x00, 0x00, 0x00, 0x00, 0x00, 0x00, 0x00, 0x00, 0x00, 0x00, 0x00, 0x00, 0x00, 0x00, 0x00, 0x00, 0x00, 0x00, 0x00, 0x00, 0x00, 0x00, 0x00, 0x00, 0x00, 0x00, 0x00, 0x00, 0x00, 0x00, 0x00,
  0x00, 0x00, 0x00, 0x00, 0x00, 0x00, 0x00, 0x00, 0x00, 0x00, 0x00, 0x00, 0x00, 0x00, 0x00, 0x00, 0x00, 0x00, 0x00, 0x00, 0x00, 0x00, 0x00, 0x00, 0x00, 0x00, 0x00, 0x00, 0x00, 0x00, 0x00, 0x00,
  0x00, 0x00, 0x00, 0x00, 0x00, 0x00, 0x00, 0x00, 0x00, 0x00, 0x00, 0x00, 0x00, 0x00, 0x00, 0x00, 0x00, 0x00, 0x00, 0x00, 0x00, 0x00, 0x00, 0x00, 0x00, 0x00, 0x00, 0x00, 0x00, 0x00, 0x00, 0x00,
  0x00, 0x00, 0x00, 0x00, 0x00, 0x00, 0x00, 0x00, 0x00, 0x00, 0x00, 0x00, 0x00, 0x00, 0x00, 0x00, 0x00, 0x00, 0x00, 0x00, 0x00, 0x00, 0x00, 0x00, 0x00, 0x00, 0x00, 0x00, 0x00, 0x00, 0x00, 0x00,
  0x00, 0x00, 0x00, 0x00, 0x00, 0x00, 0x00, 0x00, 0x00, 0x00, 0x00, 0x00, 0x00, 0x00, 0x00, 0x00, 0x00, 0x00, 0x00, 0x00, 0x00, 0x00, 0x00, 0x00, 0x00, 0x00, 0x00, 0x00, 0x00, 0x00, 0x00, 0x00,
  0x00, 0x00, 0x00, 0x00, 0x00, 0x00, 0x00, 0x00, 0x00, 0x00, 0x00, 0x00, 0x00, 0x00, 0x00, 0x00, 0x00, 0x00, 0x00, 0x00, 0x00, 0x00, 0x00, 0x00, 0x00, 0x00, 0x00, 0x00, 0x00, 0x00, 0x00, 0x00,
  0x00, 0x00, 0x00, 0x00, 0x00, 0x00, 0x00, 0x00, 0x00, 0x00, 0x00, 0x00, 0x00, 0x00, 0x00, 0x00, 0x00, 0x00, 0x00, 0x00, 0x00, 0x00, 0x00, 0x00, 0x00, 0x00, 0x00, 0x00, 0x00, 0x00, 0x00, 0x00,
  0x00, 0x00, 0x00, 0x00, 0x00, 0x00, 0x00, 0x00, 0x00, 0x00, 0x00, 0x00, 0x00, 0x00, 0x00, 0x00, 0x00, 0x00, 0x00, 0x00, 0x00, 0x00, 0x00, 0x00, 0x00, 0x00, 0x00, 0x00, 0x00, 0x00, 0x00, 0x00,
  0x00, 0x00, 0x00, 0x00, 0x00, 0x00, 0x00, 0x00, 0x00, 0x00, 0x00, 0x00, 0x00, 0x00, 0x00, 0x00, 0x00, 0x00, 0x00, 0x00, 0x00, 0x00, 0x00, 0x00, 0x00, 0x00, 0x00, 0x00, 0x00, 0x00, 0x00, 0x00,
  0x00, 0x00, 0x00, 0x00, 0x00, 0x00, 0x00, 0x00, 0x00, 0x00, 0x00, 0x00, 0x00, 0x00, 0x00, 0x00, 0x00, 0x00, 0x00, 0x00, 0x00, 0x00, 0x00, 0x00, 0x00, 0x00, 0x00, 0x00, 0x00, 0x00, 0x00, 0x00,
  0x00, 0x00, 0x72, 0xcb, 0xe8, 0xe4, 0xe8, 0xc4, 0xe8, 0xe4, 0xe8, 0xe4, 0xe8, 0xe4, 0xe8, 0xe4, 0xe8, 0xe4, 0xe8, 0xe4, 0xe8, 0xe4, 0xe8, 0xe4, 0xe8, 0xe4, 0xe8, 0xe4, 0xe8, 0xe4, 0xe8, 0xe4,
  0xe8, 0xe4, 0xe8, 0xe4, 0xe8, 0xe4, 0xe8, 0xe4, 0xe8, 0xe4, 0xe8, 0xe4, 0xe8, 0xe4, 0xe8, 0xe4, 0xe8, 0xe4, 0xe8, 0xe4, 0xe8, 0xe4, 0xe8, 0xe4, 0xe8, 0xe4, 0xe8, 0xe4, 0xe8, 0xe4, 0xe8, 0xe4,
  0xe8, 0xe4, 0xe8, 0xe4, 0xe8, 0xe4, 0xe8, 0xe4, 0xe8, 0xe4, 0xe8, 0xe4, 0xe8, 0xe4, 0xe8, 0xe4, 0xe8, 0xe4, 0xe8, 0xe4, 0xe8, 0xe4, 0xe8, 0xe4, 0xe8, 0xe4, 0xe8, 0xe4, 0xe8, 0xe4, 0xe8, 0xe4,
  0xe8, 0xe4, 0xe8, 0xe4, 0xe8, 0xe4, 0xe8, 0xe4, 0xe8, 0xe4, 0xe8, 0xe4, 0xe8, 0xe4, 0xe8, 0x83, 0xf3, 0x4d, 0x00, 0x00, 0x00, 0x00, 0x00, 0x00, 0x00, 0x00, 0x00, 0x00, 0x00, 0x00, 0x00, 0x00,
  0x00, 0x00, 0x00, 0x00, 0x00, 0x00, 0x00, 0x00, 0x00, 0x00, 0x00, 0x00, 0x00, 0x00, 0x00, 0x00, 0x00, 0x00, 0x00, 0x00, 0x00, 0x00, 0x00, 0x00, 0x00, 0x00, 0x00, 0x00, 0x00, 0x00, 0x00, 0x00,
  0x00, 0x00, 0x00, 0x00, 0x00, 0x00, 0x00, 0x00, 0x00, 0x00, 0x00, 0x00, 0x00, 0x00, 0x00, 0x00, 0x00, 0x00, 0x00, 0x00, 0x00, 0x00, 0x00, 0x00, 0x00, 0x00, 0x00, 0x00, 0x00, 0x00, 0x00, 0x00,
  0x00, 0x00, 0x00, 0x00, 0x00, 0x00, 0x00, 0x00, 0x00, 0x00, 0x00, 0x00, 0x00, 0x00, 0x00, 0x00, 0x00, 0x00, 0x00, 0x00, 0x00, 0x00, 0x00, 0x00, 0x00, 0x00, 0x00, 0x00, 0x00, 0x00, 0x00, 0x00,
  0x00, 0x00, 0x00, 0x00, 0x00, 0x00, 0x00, 0x00, 0x00, 0x00, 0x00, 0x00, 0x00, 0x00, 0x00, 0x00, 0x00, 0x00, 0x00, 0x00, 0x00, 0x00, 0x00, 0x00, 0x00, 0x00, 0x00, 0x00, 0x00, 0x00, 0x00, 0x00,
  0x00, 0x00, 0x00, 0x00, 0x00, 0x00, 0x00, 0x00, 0x00, 0x00, 0x00, 0x00, 0x00, 0x00, 0x00, 0x00, 0x00, 0x00, 0x00, 0x00, 0x00, 0x00, 0x00, 0x00, 0x00, 0x00, 0x00, 0x00, 0x00, 0x00, 0x00, 0x00,
  0x00, 0x00, 0x00, 0x00, 0x00, 0x00, 0x00, 0x00, 0x00, 0x00, 0x00, 0x00, 0x00, 0x00, 0x00, 0x00, 0x00, 0x00, 0x00, 0x00, 0x00, 0x00, 0x00, 0x00, 0x00, 0x00, 0x00, 0x00, 0x00, 0x00, 0x00, 0x00,
  0x00, 0x00, 0x00, 0x00, 0x00, 0x00, 0x00, 0x00, 0x00, 0x00, 0x00, 0x00, 0x00, 0x00, 0x00, 0x00, 0x00, 0x00, 0x00, 0x00, 0x00, 0x00, 0x00, 0x00, 0x00, 0x00, 0x00, 0x00, 0x00, 0x00, 0x00, 0x00,
  0x00, 0x00, 0x00, 0x00, 0x00, 0x00, 0x00, 0x00, 0x00, 0x00, 0x00, 0x00, 0x00, 0x00, 0x00, 0x00, 0x00, 0x00, 0x00, 0x00, 0x00, 0x00, 0x00, 0x00, 0x00, 0x00, 0x00, 0x00, 0x00, 0x00, 0x00, 0x00,
  0x00, 0x00, 0x00, 0x00, 0x00, 0x00, 0x00, 0x00, 0x00, 0x00, 0x00, 0x00, 0x00, 0x00, 0x00, 0x00, 0x00, 0x00, 0x00, 0x00, 0x00, 0x00, 0x00, 0x00, 0x00, 0x00, 0x00, 0x00, 0x00, 0x00, 0x00, 0x00,
  0x00, 0x00, 0x00, 0x00, 0x00, 0x00, 0x00, 0x00, 0x00, 0x00, 0x00, 0x00, 0x00, 0x00, 0x00, 0x00, 0x00, 0x00, 0x00, 0x00, 0x00, 0x00, 0x00, 0x00, 0x00, 0x00, 0x00, 0x00, 0x00, 0x00, 0x00, 0x00,
  0x00, 0x00, 0x00, 0x00, 0x00, 0x00, 0x00, 0x00, 0x00, 0x00, 0x00, 0x00, 0x00, 0x00, 0x00, 0x00, 0x00, 0x00, 0x00, 0x00, 0x00, 0x00, 0x00, 0x00, 0x00, 0x00, 0x00, 0x00, 0x00, 0x00, 0x00, 0x00,
  0x00, 0x00, 0x00, 0x00, 0x00, 0x00, 0x00, 0x00, 0x00, 0x00, 0x00, 0x00, 0x00, 0x00, 0x00, 0x00, 0x00, 0x00, 0x00, 0x00, 0x00, 0x00, 0x00, 0x00, 0x00, 0x00, 0x00, 0x00, 0x00, 0x00, 0x00, 0x00,
  0x00, 0x00, 0x00, 0x00, 0x00, 0x00, 0x00, 0x00, 0x00, 0x00, 0x00, 0x00, 0x00, 0x00, 0x00, 0x00, 0x00, 0x00, 0x00, 0x00, 0x00, 0x00, 0x00, 0x00, 0x00, 0x00, 0x00, 0x00, 0x00, 0x00, 0x00, 0x00,
  0x00, 0x00, 0x00, 0x00, 0x00, 0x00, 0x00, 0x00, 0x00, 0x00, 0x00, 0x00, 0x00, 0x00, 0x00, 0x00, 0x00, 0x00, 0x00, 0x00, 0x00, 0x00, 0x00, 0x00, 0x00, 0x00, 0x00, 0x00, 0x00, 0x00, 0x00, 0x00,
  0x00, 0x00, 0x00, 0x00, 0x00, 0x00, 0x00, 0x00, 0x00, 0x00, 0x00, 0x00, 0x00, 0x00, 0x00, 0x00, 0x00, 0x00, 0x00, 0x00, 0x00, 0x00, 0x00, 0x00, 0x00, 0x00, 0x00, 0x00, 0x00, 0x00, 0x00, 0x00,
  0x00, 0x00, 0x00, 0x00, 0x00, 0x00, 0x00, 0x00, 0x00, 0x00, 0x00, 0x00, 0x00, 0x00, 0x00, 0x00, 0x00, 0x00, 0x00, 0x00, 0x00, 0x00, 0x00, 0x00, 0x00, 0x00, 0x00, 0x00, 0x00, 0x00, 0x00, 0x00,
  0x00, 0x00, 0x00, 0x00, 0x00, 0x00, 0x00, 0x00, 0x00, 0x00, 0x00, 0x00, 0x00, 0x00, 0x00, 0x00, 0x00, 0x00, 0x00, 0x00, 0x00, 0x00, 0x00, 0x00, 0x00, 0x00, 0x00, 0x00, 0x00, 0x00, 0x00, 0x00,
  0x00, 0x00, 0x00, 0x00, 0x00, 0x00, 0x00, 0x00, 0x00, 0x00, 0xf2, 0xec, 0xe8, 0x83, 0xe8, 0xe4, 0xe8, 0xe4, 0xe8, 0xe4, 0xe8, 0xe4, 0xe8, 0xe4, 0xe8, 0xe4, 0xe8, 0xe4, 0xe8, 0xe4, 0xe8, 0xe4,
  0xe8, 0xe4, 0xe8, 0xe4, 0xe8, 0xe4, 0xe8, 0xe4, 0xe8, 0xe4, 0xe8, 0xe4, 0xe8, 0xe4, 0xe8, 0xe4, 0xe8, 0xe4, 0xe8, 0xe4, 0xe8, 0xe4, 0xe8, 0xe4, 0xe8, 0xe4, 0xe8, 0xe4, 0xe8, 0xe4, 0xe8, 0xe4,
  0xe8, 0xe4, 0xe8, 0xe4, 0xe8, 0xe4, 0xe8, 0xe4, 0xe8, 0xe4, 0xe8, 0xe4, 0xe8, 0xe4, 0xe8, 0xe4, 0xe8, 0xe4, 0xe8, 0xe4, 0xe8, 0xe4, 0xe8, 0xe4, 0xe8, 0xe4, 0xe8, 0xe4, 0xe8, 0xe4, 0xe8, 0xe4,
  0xe8, 0xe4, 0xe8, 0xe4, 0xe8, 0xe4, 0xe8, 0xe4, 0xe8, 0xe4, 0xe8, 0xe4, 0xe8, 0xe4, 0xe8, 0xe4, 0xe8, 0xe4, 0xe8, 0xe4, 0xe8, 0xc4, 0xe9, 0x25, 0x52, 0x08, 0x00, 0x00, 0x00, 0x00, 0x00, 0x00,
  0x00, 0x00, 0x00, 0x00, 0x00, 0x00, 0x00, 0x00, 0x00, 0x00, 0x00, 0x00, 0x00, 0x00, 0x00, 0x00, 0x00, 0x00, 0x00, 0x00, 0x00, 0x00, 0x00, 0x00, 0x00, 0x00, 0x00, 0x00, 0x00, 0x00, 0x00, 0x00,
  0x00, 0x00, 0x00, 0x00, 0x00, 0x00, 0x00, 0x00, 0x00, 0x00, 0x00, 0x00, 0x00, 0x00, 0x00, 0x00, 0x00, 0x00, 0x00, 0x00, 0x00, 0x00, 0x00, 0x00, 0x00, 0x00, 0x00, 0x00, 0x00, 0x00, 0x00, 0x00,
  0x00, 0x00, 0x00, 0x00, 0x00, 0x00, 0x00, 0x00, 0x00, 0x00, 0x00, 0x00, 0x00, 0x00, 0x00, 0x00, 0x00, 0x00, 0x00, 0x00, 0x00, 0x00, 0x00, 0x00, 0x00, 0x00, 0x00, 0x00, 0x00, 0x00, 0x00, 0x00,
  0x00, 0x00, 0x00, 0x00, 0x00, 0x00, 0x00, 0x00, 0x00, 0x00, 0x00, 0x00, 0x00, 0x00, 0x00, 0x00, 0x00, 0x00, 0x00, 0x00, 0x00, 0x00, 0x00, 0x00, 0x00, 0x00, 0x00, 0x00, 0x00, 0x00, 0x00, 0x00,
  0x00, 0x00, 0x00, 0x00, 0x00, 0x00, 0x00, 0x00, 0x00, 0x00, 0x00, 0x00, 0x00, 0x00, 0x00, 0x00, 0x00, 0x00, 0x00, 0x00, 0x00, 0x00, 0x00, 0x00, 0x00, 0x00, 0x00, 0x00, 0x00, 0x00, 0x00, 0x00,
  0x00, 0x00, 0x00, 0x00, 0x00, 0x00, 0x00, 0x00, 0x00, 0x00, 0x00, 0x00, 0x00, 0x00, 0x00, 0x00, 0x00, 0x00, 0x00, 0x00, 0x00, 0x00, 0x00, 0x00, 0x00, 0x00, 0x00, 0x00, 0x00, 0x00, 0x00, 0x00,
  0x00, 0x00, 0x00, 0x00, 0x00, 0x00, 0x00, 0x00, 0x00, 0x00, 0x00, 0x00, 0x00, 0x00, 0x00, 0x00, 0x00, 0x00, 0x00, 0x00, 0x00, 0x00, 0x00, 0x00, 0x00, 0x00, 0x00, 0x00, 0x00, 0x00, 0x00, 0x00,
  0x00, 0x00, 0x00, 0x00, 0x00, 0x00, 0x00, 0x00, 0x00, 0x00, 0x00, 0x00, 0x00, 0x00, 0x00, 0x00, 0x00, 0x00, 0x00, 0x00, 0x00, 0x00, 0x00, 0x00, 0x00, 0x00, 0x00, 0x00, 0x00, 0x00, 0x00, 0x00,
  0x00, 0x00, 0x00, 0x00, 0x00, 0x00, 0x00, 0x00, 0x00, 0x00, 0x00, 0x00, 0x00, 0x00, 0x00, 0x00, 0x00, 0x00, 0x00, 0x00, 0x00, 0x00, 0x00, 0x00, 0x00, 0x00, 0x00, 0x00, 0x00, 0x00, 0x00, 0x00,
  0x00, 0x00, 0x00, 0x00, 0x00, 0x00, 0x00, 0x00, 0x00, 0x00, 0x00, 0x00, 0x00, 0x00, 0x00, 0x00, 0x00, 0x00, 0x00, 0x00, 0x00, 0x00, 0x00, 0x00, 0x00, 0x00, 0x00, 0x00, 0x00, 0x00, 0x00, 0x00,
  0x00, 0x00, 0x00, 0x00, 0x00, 0x00, 0x00, 0x00, 0x00, 0x00, 0x00, 0x00, 0x00, 0x00, 0x00, 0x00, 0x00, 0x00, 0x00, 0x00, 0x00, 0x00, 0x00, 0x00, 0x00, 0x00, 0x00, 0x00, 0x00, 0x00, 0x00, 0x00,
  0x00, 0x00, 0x00, 0x00, 0x00, 0x00, 0x00, 0x00, 0x00, 0x00, 0x00, 0x00, 0x00, 0x00, 0x00, 0x00, 0x00, 0x00, 0x00, 0x00, 0x00, 0x00, 0x00, 0x00, 0x00, 0x00, 0x00, 0x00, 0x00, 0x00, 0x00, 0x00,
  0x00, 0x00, 0x00, 0x00, 0x00, 0x00, 0x00, 0x00, 0x00, 0x00, 0x00, 0x00, 0x00, 0x00, 0x00, 0x00, 0x00, 0x00, 0x00, 0x00, 0x00, 0x00, 0x00, 0x00, 0x00, 0x00, 0x00, 0x00, 0x00, 0x00, 0x00, 0x00,
  0x00, 0x00, 0x00, 0x00, 0x00, 0x00, 0x00, 0x00, 0x00, 0x00, 0x00, 0x00, 0x00, 0x00, 0x00, 0x00, 0x00, 0x00, 0x00, 0x00, 0x00, 0x00, 0x00, 0x00, 0x00, 0x00, 0x00, 0x00, 0x00, 0x00, 0x00, 0x00,
  0x00, 0x00, 0x00, 0x00, 0x00, 0x00, 0x00, 0x00, 0x00, 0x00, 0x00, 0x00, 0x00, 0x00, 0x00, 0x00, 0x00, 0x00, 0x00, 0x00, 0x00, 0x00, 0x00, 0x00, 0x00, 0x00, 0x00, 0x00, 0x00, 0x00, 0x00, 0x00,
  0x00, 0x00, 0x00, 0x00, 0x00, 0x00, 0x00, 0x00, 0x00, 0x00, 0x00, 0x00, 0x00, 0x00, 0x00, 0x00, 0x00, 0x00, 0x00, 0x00, 0x00, 0x00, 0x00, 0x00, 0x00, 0x00, 0x00, 0x00, 0x00, 0x00, 0x00, 0x00,
  0x00, 0x00, 0x00, 0x00, 0x00, 0x00, 0x00, 0x00, 0x00, 0x00, 0x00, 0x00, 0x00, 0x00, 0x00, 0x00, 0x00, 0x00, 0x00, 0x00, 0x00, 0x00, 0x00, 0x00, 0x00, 0x00, 0x00, 0x00, 0x00, 0x00, 0x00, 0x00,
  0x00, 0x00, 0x00, 0x00, 0x00, 0x00, 0x00, 0x00, 0x00, 0x00, 0x00, 0x00, 0x00, 0x00, 0x00, 0x00, 0x7a, 0xec, 0xe8, 0xe4, 0xe8, 0xe4, 0xe8, 0xe4, 0xe8, 0xe4, 0xe8, 0xe4, 0xe8, 0xe4, 0xe8, 0xe4,
  0xe8, 0xe4, 0xe8, 0xe4, 0xe8, 0xe4, 0xe8, 0xe4, 0xe8, 0xe4, 0xe8, 0xe4, 0xe8, 0xe4, 0xe8, 0xe4, 0xe8, 0xe4, 0xe8, 0xe4, 0xe8, 0xe4, 0xe8, 0xe4, 0xe8, 0xe4, 0xe8, 0xe4, 0xe8, 0xe4, 0xe8, 0xe4,
  0xe8, 0xe4, 0xe8, 0xe4, 0xe8, 0xe4, 0xe8, 0xe4, 0xe8, 0xe4, 0xe8, 0xe4, 0xe8, 0xe4, 0xe8, 0xe4, 0xe8, 0xe4, 0xe8, 0xe4, 0xe8, 0xe4, 0xe8, 0xe4, 0xe8, 0xe4, 0xe8, 0xe4, 0xe8, 0xe4, 0xe8, 0xe4,
  0xe8, 0xe4, 0xe8, 0xe4, 0xe8, 0xe4, 0xe8, 0xe4, 0xe8, 0xe4, 0xe8, 0xe4, 0xe8, 0xe4, 0xe8, 0xe4, 0xe8, 0xe4, 0xe8, 0xe4, 0xe8, 0xe4, 0xe8, 0xe4, 0xe8, 0xe4, 0xe8, 0xe4, 0xe8, 0x83, 0xf3, 0x8e,
  0x00, 0x00, 0x00, 0x00, 0x00, 0x00, 0x00, 0x00, 0x00, 0x00, 0x00, 0x00, 0x00, 0x00, 0x00, 0x00, 0x00, 0x00, 0x00, 0x00, 0x00, 0x00, 0x00, 0x00, 0x00, 0x00, 0x00, 0x00, 0x00, 0x00, 0x00, 0x00,
  0x00, 0x00, 0x00, 0x00, 0x00, 0x00, 0x00, 0x00, 0x00, 0x00, 0x00, 0x00, 0x00, 0x00, 0x00, 0x00, 0x00, 0x00, 0x00, 0x00, 0x00, 0x00, 0x00, 0x00, 0x00, 0x00, 0x00, 0x00, 0x00, 0x00, 0x00, 0x00,
  0x00, 0x00, 0x00, 0x00, 0x00, 0x00, 0x00, 0x00, 0x00, 0x00, 0x00, 0x00, 0x00, 0x00, 0x00, 0x00, 0x00, 0x00, 0x00, 0x00, 0x00, 0x00, 0x00, 0x00, 0x00, 0x00, 0x00, 0x00, 0x00, 0x00, 0x00, 0x00,
  0x00, 0x00, 0x00, 0x00, 0x00, 0x00, 0x00, 0x00, 0x00, 0x00, 0x00, 0x00, 0x00, 0x00, 0x00, 0x00, 0x00, 0x00, 0x00, 0x00, 0x00, 0x00, 0x00, 0x00, 0x00, 0x00, 0x00, 0x00, 0x00, 0x00, 0x00, 0x00,
  0x00, 0x00, 0x00, 0x00, 0x00, 0x00, 0x00, 0x00, 0x00, 0x00, 0x00, 0x00, 0x00, 0x00, 0x00, 0x00, 0x00, 0x00, 0x00, 0x00, 0x00, 0x00, 0x00, 0x00, 0x00, 0x00, 0x00, 0x00, 0x00, 0x00, 0x00, 0x00,
  0x00, 0x00, 0x00, 0x00, 0x00, 0x00, 0x00, 0x00, 0x00, 0x00, 0x00, 0x00, 0x00, 0x00, 0x00, 0x00, 0x00, 0x00, 0x00, 0x00, 0x00, 0x00, 0x00, 0x00, 0x00, 0x00, 0x00, 0x00, 0x00, 0x00, 0x00, 0x00,
  0x00, 0x00, 0x00, 0x00, 0x00, 0x00, 0x00, 0x00, 0x00, 0x00, 0x00, 0x00, 0x00, 0x00, 0x00, 0x00, 0x00, 0x00, 0x00, 0x00, 0x00, 0x00, 0x00, 0x00, 0x00, 0x00, 0x00, 0x00, 0x00, 0x00, 0x00, 0x00,
  0x00, 0x00, 0x00, 0x00, 0x00, 0x00, 0x00, 0x00, 0x00, 0x00, 0x00, 0x00, 0x00, 0x00, 0x00, 0x00, 0x00, 0x00, 0x00, 0x00, 0x00, 0x00, 0x00, 0x00, 0x00, 0x00, 0x00, 0x00, 0x00, 0x00, 0x00, 0x00,
  0x00, 0x00, 0x00, 0x00, 0x00, 0x00, 0x00, 0x00, 0x00, 0x00, 0x00, 0x00, 0x00, 0x00, 0x00, 0x00, 0x00, 0x00, 0x00, 0x00, 0x00, 0x00, 0x00, 0x00, 0x00, 0x00, 0x00, 0x00, 0x00, 0x00, 0x00, 0x00,
  0x00, 0x00, 0x00, 0x00, 0x00, 0x00, 0x00, 0x00, 0x00, 0x00, 0x00, 0x00, 0x00, 0x00, 0x00, 0x00, 0x00, 0x00, 0x00, 0x00, 0x00, 0x00, 0x00, 0x00, 0x00, 0x00, 0x00, 0x00, 0x00, 0x00, 0x00, 0x00,
  0x00, 0x00, 0x00, 0x00, 0x00, 0x00, 0x00, 0x00, 0x00, 0x00, 0x00, 0x00, 0x00, 0x00, 0x00, 0x00, 0x00, 0x00, 0x00, 0x00, 0x00, 0x00, 0x00, 0x00, 0x00, 0x00, 0x00, 0x00, 0x00, 0x00, 0x00, 0x00,
  0x00, 0x00, 0x00, 0x00, 0x00, 0x00, 0x00, 0x00, 0x00, 0x00, 0x00, 0x00, 0x00, 0x00, 0x00, 0x00, 0x00, 0x00, 0x00, 0x00, 0x00, 0x00, 0x00, 0x00, 0x00, 0x00, 0x00, 0x00, 0x00, 0x00, 0x00, 0x00,
  0x00, 0x00, 0x00, 0x00, 0x00, 0x00, 0x00, 0x00, 0x00, 0x00, 0x00, 0x00, 0x00, 0x00, 0x00, 0x00, 0x00, 0x00, 0x00, 0x00, 0x00, 0x00, 0x00, 0x00, 0x00, 0x00, 0x00, 0x00, 0x00, 0x00, 0x00, 0x00,
  0x00, 0x00, 0x00, 0x00, 0x00, 0x00, 0x00, 0x00, 0x00, 0x00, 0x00, 0x00, 0x00, 0x00, 0x00, 0x00, 0x00, 0x00, 0x00, 0x00, 0x00, 0x00, 0x00, 0x00, 0x00, 0x00, 0x00, 0x00, 0x00, 0x00, 0x00, 0x00,
  0x00, 0x00, 0x00, 0x00, 0x00, 0x00, 0x00, 0x00, 0x00, 0x00, 0x00, 0x00, 0x00, 0x00, 0x00, 0x00, 0x00, 0x00, 0x00, 0x00, 0x00, 0x00, 0x00, 0x00, 0x00, 0x00, 0x00, 0x00, 0x00, 0x00, 0x00, 0x00,
  0x00, 0x00, 0x00, 0x00, 0x00, 0x00, 0x00, 0x00, 0x00, 0x00, 0x00, 0x00, 0x00, 0x00, 0x00, 0x00, 0x00, 0x00, 0x00, 0x00, 0x00, 0x00, 0x00, 0x00, 0x00, 0x00, 0x00, 0x00, 0x00, 0x00, 0x00, 0x00,
  0x00, 0x00, 0x00, 0x00, 0x00, 0x00, 0x00, 0x00, 0x00, 0x00, 0x00, 0x00, 0x00, 0x00, 0x00, 0x00, 0x00, 0x00, 0x00, 0x00, 0x00, 0x00, 0x00, 0x00, 0x00, 0x00, 0x00, 0x00, 0x00, 0x00, 0x00, 0x00,
  0x00, 0x00, 0x00, 0x00, 0x00, 0x00, 0x00, 0x00, 0x00, 0x00, 0x00, 0x00, 0x00, 0x00, 0x00, 0x00, 0x00, 0x00, 0x00, 0x00, 0x00, 0x00, 0x00, 0x00, 0xf2, 0xcc, 0xe8, 0x83, 0xe8, 0xe4, 0xe8, 0xe4,
  0xe8, 0xe4, 0xe8, 0xe4, 0xe8, 0xe4, 0xe8, 0xe4, 0xe8, 0xe4, 0xe8, 0xe4, 0xe8, 0xe4, 0xe8, 0xe4, 0xe8, 0xe4, 0xe8, 0xe4, 0xe8, 0xe4, 0xe8, 0xe4, 0xe8, 0xe4, 0xe8, 0xe4, 0xe8, 0xe4, 0xe8, 0xe4,
  0xe8, 0xe4, 0xe8, 0xe4, 0xe8, 0xe4, 0xe8, 0xe4, 0xe8, 0xe4, 0xe8, 0xe4, 0xe8, 0xe4, 0xe8, 0xe4, 0xe8, 0xe4, 0xe8, 0xe4, 0xe8, 0xe4, 0xe8, 0xe4, 0xe8, 0xe4, 0xe8, 0xe4, 0xe8, 0xe4, 0xe8, 0xe4,
  0xe8, 0xe4, 0xe8, 0xe4, 0xe8, 0xe4, 0xe8, 0xe4, 0xe8, 0xe4, 0xe8, 0xe4, 0xe8, 0xe4, 0xe8, 0xe4, 0xe8, 0xe4, 0xe8, 0xe4, 0xe8, 0xe4, 0xe8, 0xe4, 0xe8, 0xe4, 0xe8, 0xe4, 0xe8, 0xe4, 0xe8, 0xe4,
  0xe8, 0xe4, 0xe8, 0xc4, 0xe9, 0x46, 0x39, 0xa6, 0x00, 0x00, 0x00, 0x00, 0x00, 0x00, 0x00, 0x00, 0x00, 0x00, 0x00, 0x00, 0x00, 0x00, 0x00, 0x00, 0x00, 0x00, 0x00, 0x00, 0x00, 0x00, 0x00, 0x00,
  0x00, 0x00, 0x00, 0x00, 0x00, 0x00, 0x00, 0x00, 0x00, 0x00, 0x00, 0x00, 0x00, 0x00, 0x00, 0x00, 0x00, 0x00, 0x00, 0x00, 0x00, 0x00, 0x00, 0x00, 0x00, 0x00, 0x00, 0x00, 0x00, 0x00, 0x00, 0x00,
  0x00, 0x00, 0x00, 0x00, 0x00, 0x00, 0x00, 0x00, 0x00, 0x00, 0x00, 0x00, 0x00, 0x00, 0x00, 0x00, 0x00, 0x00, 0x00, 0x00, 0x00, 0x00, 0x00, 0x00, 0x00, 0x00, 0x00, 0x00, 0x00, 0x00, 0x00, 0x00,
  0x00, 0x00, 0x00, 0x00, 0x00, 0x00, 0x00, 0x00, 0x00, 0x00, 0x00, 0x00, 0x00, 0x00, 0x00, 0x00, 0x00, 0x00, 0x00, 0x00, 0x00, 0x00, 0x00, 0x00, 0x00, 0x00, 0x00, 0x00, 0x00, 0x00, 0x00, 0x00,
  0x00, 0x00, 0x00, 0x00, 0x00, 0x00, 0x00, 0x00, 0x00, 0x00, 0x00, 0x00, 0x00, 0x00, 0x00, 0x00, 0x00, 0x00, 0x00, 0x00, 0x00, 0x00, 0x00, 0x00, 0x00, 0x00, 0x00, 0x00, 0x00, 0x00, 0x00, 0x00,
  0x00, 0x00, 0x00, 0x00, 0x00, 0x00, 0x00, 0x00, 0x00, 0x00, 0x00, 0x00, 0x00, 0x00, 0x00, 0x00, 0x00, 0x00, 0x00, 0x00, 0x00, 0x00, 0x00, 0x00, 0x00, 0x00, 0x00, 0x00, 0x00, 0x00, 0x00, 0x00,
  0x00, 0x00, 0x00, 0x00, 0x00, 0x00, 0x00, 0x00, 0x00, 0x00, 0x00, 0x00, 0x00, 0x00, 0x00, 0x00, 0x00, 0x00, 0x00, 0x00, 0x00, 0x00, 0x00, 0x00, 0x00, 0x00, 0x00, 0x00, 0x00, 0x00, 0x00, 0x00,
  0x00, 0x00, 0x00, 0x00, 0x00, 0x00, 0x00, 0x00, 0x00, 0x00, 0x00, 0x00, 0x00, 0x00, 0x00, 0x00, 0x00, 0x00, 0x00, 0x00, 0x00, 0x00, 0x00, 0x00, 0x00, 0x00, 0x00, 0x00, 0x00, 0x00, 0x00, 0x00,
  0x00, 0x00, 0x00, 0x00, 0x00, 0x00, 0x00, 0x00, 0x00, 0x00, 0x00, 0x00, 0x00, 0x00, 0x00, 0x00, 0x00, 0x00, 0x00, 0x00, 0x00, 0x00, 0x00, 0x00, 0x00, 0x00, 0x00, 0x00, 0x00, 0x00, 0x00, 0x00,
  0x00, 0x00, 0x00, 0x00, 0x00, 0x00, 0x00, 0x00, 0x00, 0x00, 0x00, 0x00, 0x00, 0x00, 0x00, 0x00, 0x00, 0x00, 0x00, 0x00, 0x00, 0x00, 0x00, 0x00, 0x00, 0x00, 0x00, 0x00, 0x00, 0x00, 0x00, 0x00,
  0x00, 0x00, 0x00, 0x00, 0x00, 0x00, 0x00, 0x00, 0x00, 0x00, 0x00, 0x00, 0x00, 0x00, 0x00, 0x00, 0x00, 0x00, 0x00, 0x00, 0x00, 0x00, 0x00, 0x00, 0x00, 0x00, 0x00, 0x00, 0x00, 0x00, 0x00, 0x00,
  0x00, 0x00, 0x00, 0x00, 0x00, 0x00, 0x00, 0x00, 0x00, 0x00, 0x00, 0x00, 0x00, 0x00, 0x00, 0x00, 0x00, 0x00, 0x00, 0x00, 0x00, 0x00, 0x00, 0x00, 0x00, 0x00, 0x00, 0x00, 0x00, 0x00, 0x00, 0x00,
  0x00, 0x00, 0x00, 0x00, 0x00, 0x00, 0x00, 0x00, 0x00, 0x00, 0x00, 0x00, 0x00, 0x00, 0x00, 0x00, 0x00, 0x00, 0x00, 0x00, 0x00, 0x00, 0x00, 0x00, 0x00, 0x00, 0x00, 0x00, 0x00, 0x00, 0x00, 0x00,
  0x00, 0x00, 0x00, 0x00, 0x00, 0x00, 0x00, 0x00, 0x00, 0x00, 0x00, 0x00, 0x00, 0x00, 0x00, 0x00, 0x00, 0x00, 0x00, 0x00, 0x00, 0x00, 0x00, 0x00, 0x00, 0x00, 0x00, 0x00, 0x00, 0x00, 0x00, 0x00,
  0x00, 0x00, 0x00, 0x00, 0x00, 0x00, 0x00, 0x00, 0x00, 0x00, 0x00, 0x00, 0x00, 0x00, 0x00, 0x00, 0x00, 0x00, 0x00, 0x00, 0x00, 0x00, 0x00, 0x00, 0x00, 0x00, 0x00, 0x00, 0x00, 0x00, 0x00, 0x00,
  0x00, 0x00, 0x00, 0x00, 0x00, 0x00, 0x00, 0x00, 0x00, 0x00, 0x00, 0x00, 0x00, 0x00, 0x00, 0x00, 0x00, 0x00, 0x00, 0x00, 0x00, 0x00, 0x00, 0x00, 0x00, 0x00, 0x00, 0x00, 0x00, 0x00, 0x00, 0x00,
  0x00, 0x00, 0x00, 0x00, 0x00, 0x00, 0x00, 0x00, 0x00, 0x00, 0x00, 0x00, 0x00, 0x00, 0x00, 0x00, 0x00, 0x00, 0x00, 0x00, 0x00, 0x00, 0x00, 0x00, 0x00, 0x00, 0x00, 0x00, 0x00, 0x00, 0x00, 0x00,
  0x00, 0x00, 0x00, 0x00, 0x00, 0x00, 0x00, 0x00, 0x00, 0x00, 0x00, 0x00, 0x00, 0x00, 0x00, 0x00, 0x00, 0x00, 0x00, 0x00, 0x00, 0x00, 0x00, 0x00, 0x00, 0x00, 0x00, 0x00, 0x00, 0x00, 0x83, 0x2c,
  0xe8, 0xe4, 0xe8, 0xc4, 0xe8, 0xe4, 0xe8, 0xe4, 0xe8, 0xe4, 0xe8, 0xe4, 0xe8, 0xe4, 0xe8, 0xe4, 0xe8, 0xe4, 0xe8, 0xe4, 0xe8, 0xe4, 0xe8, 0xe4, 0xe8, 0xe4, 0xe8, 0xe4, 0xe8, 0xe4, 0xe8, 0xe4,
  0xe8, 0xe4, 0xe8, 0xe4, 0xe8, 0xe4, 0xe8, 0xe4, 0xe8, 0xe4, 0xe8, 0xe4, 0xe8, 0xe4, 0xe8, 0xe4, 0xe8, 0xe4, 0xe8, 0xe4, 0xe8, 0xe4, 0xe8, 0xe4, 0xe8, 0xe4, 0xe8, 0xe4, 0xe8, 0xe4, 0xe8, 0xe4,
  0xe8, 0xe4, 0xe8, 0xe4, 0xe8, 0xe4, 0xe8, 0xe4, 0xe8, 0xe4, 0xe8, 0xe4, 0xe8, 0xe4, 0xe8, 0xe4, 0xe8, 0xe4, 0xe8, 0xe4, 0xe8, 0xe4, 0xe8, 0xe4, 0xe8, 0xe4, 0xe8, 0xe4, 0xe8, 0xe4, 0xe8, 0xe4,
  0xe8, 0xe4, 0xe8, 0xe4, 0xe8, 0xe4, 0xe8, 0xe4, 0xe8, 0xe4, 0xe8, 0x83, 0xf3, 0xcf, 0x00, 0x00, 0x00, 0x00, 0x00, 0x00, 0x00, 0x00, 0x00, 0x00, 0x00, 0x00, 0x00, 0x00, 0x00, 0x00, 0x00, 0x00,
  0x00, 0x00, 0x00, 0x00, 0x00, 0x00, 0x00, 0x00, 0x00, 0x00, 0x00, 0x00, 0x00, 0x00, 0x00, 0x00, 0x00, 0x00, 0x00, 0x00, 0x00, 0x00, 0x00, 0x00, 0x00, 0x00, 0x00, 0x00, 0x00, 0x00, 0x00, 0x00,
  0x00, 0x00, 0x00, 0x00, 0x00, 0x00, 0x00, 0x00, 0x00, 0x00, 0x00, 0x00, 0x00, 0x00, 0x00, 0x00, 0x00, 0x00, 0x00, 0x00, 0x00, 0x00, 0x00, 0x00, 0x00, 0x00, 0x00, 0x00, 0x00, 0x00, 0x00, 0x00,
  0x00, 0x00, 0x00, 0x00, 0x00, 0x00, 0x00, 0x00, 0x00, 0x00, 0x00, 0x00, 0x00, 0x00, 0x00, 0x00, 0x00, 0x00, 0x00, 0x00, 0x00, 0x00, 0x00, 0x00, 0x00, 0x00, 0x00, 0x00, 0x00, 0x00, 0x00, 0x00,
  0x00, 0x00, 0x00, 0x00, 0x00, 0x00, 0x00, 0x00, 0x00, 0x00, 0x00, 0x00, 0x00, 0x00, 0x00, 0x00, 0x00, 0x00, 0x00, 0x00, 0x00, 0x00, 0x00, 0x00, 0x00, 0x00, 0x00, 0x00, 0x00, 0x00, 0x00, 0x00,
  0x00, 0x00, 0x00, 0x00, 0x00, 0x00, 0x00, 0x00, 0x00, 0x00, 0x00, 0x00, 0x00, 0x00, 0x00, 0x00, 0x00, 0x00, 0x00, 0x00, 0x00, 0x00, 0x00, 0x00, 0x00, 0x00, 0x00, 0x00, 0x00, 0x00, 0x00, 0x00,
  0x00, 0x00, 0x00, 0x00, 0x00, 0x00, 0x00, 0x00, 0x00, 0x00, 0x00, 0x00, 0x00, 0x00, 0x00, 0x00, 0x00, 0x00, 0x00, 0x00, 0x00, 0x00, 0x00, 0x00, 0x00, 0x00, 0x00, 0x00, 0x00, 0x00, 0x00, 0x00,
  0x00, 0x00, 0x00, 0x00, 0x00, 0x00, 0x00, 0x00, 0x00, 0x00, 0x00, 0x00, 0x00, 0x00, 0x00, 0x00, 0x00, 0x00, 0x00, 0x00, 0x00, 0x00, 0x00, 0x00, 0x00, 0x00, 0x00, 0x00, 0x00, 0x00, 0x00, 0x00,
  0x00, 0x00, 0x00, 0x00, 0x00, 0x00, 0x00, 0x00, 0x00, 0x00, 0x00, 0x00, 0x00, 0x00, 0x00, 0x00, 0x00, 0x00, 0x00, 0x00, 0x00, 0x00, 0x00, 0x00, 0x00, 0x00, 0x00, 0x00, 0x00, 0x00, 0x00, 0x00,
  0x00, 0x00, 0x00, 0x00, 0x00, 0x00, 0x00, 0x00, 0x00, 0x00, 0x00, 0x00, 0x00, 0x00, 0x00, 0x00, 0x00, 0x00, 0x00, 0x00, 0x00, 0x00, 0x00, 0x00, 0x00, 0x00, 0x00, 0x00, 0x00, 0x00, 0x00, 0x00,
  0x00, 0x00, 0x00, 0x00, 0x00, 0x00, 0x00, 0x00, 0x00, 0x00, 0x00, 0x00, 0x00, 0x00, 0x00, 0x00, 0x00, 0x00, 0x00, 0x00, 0x00, 0x00, 0x00, 0x00, 0x00, 0x00, 0x00, 0x00, 0x00, 0x00, 0x00, 0x00,
  0x00, 0x00, 0x00, 0x00, 0x00, 0x00, 0x00, 0x00, 0x00, 0x00, 0x00, 0x00, 0x00, 0x00, 0x00, 0x00, 0x00, 0x00, 0x00, 0x00, 0x00, 0x00, 0x00, 0x00, 0x00, 0x00, 0x00, 0x00, 0x00, 0x00, 0x00, 0x00,
  0x00, 0x00, 0x00, 0x00, 0x00, 0x00, 0x00, 0x00, 0x00, 0x00, 0x00, 0x00, 0x00, 0x00, 0x00, 0x00, 0x00, 0x00, 0x00, 0x00, 0x00, 0x00, 0x00, 0x00, 0x00, 0x00, 0x00, 0x00, 0x00, 0x00, 0x00, 0x00,
  0x00, 0x00, 0x00, 0x00, 0x00, 0x00, 0x00, 0x00, 0x00, 0x00, 0x00, 0x00, 0x00, 0x00, 0x00, 0x00, 0x00, 0x00, 0x00, 0x00, 0x00, 0x00, 0x00, 0x00, 0x00, 0x00, 0x00, 0x00, 0x00, 0x00, 0x00, 0x00,
  0x00, 0x00, 0x00, 0x00, 0x00, 0x00, 0x00, 0x00, 0x00, 0x00, 0x00, 0x00, 0x00, 0x00, 0x00, 0x00, 0x00, 0x00, 0x00, 0x00, 0x00, 0x00, 0x00, 0x00, 0x00, 0x00, 0x00, 0x00, 0x00, 0x00, 0x00, 0x00,
  0x00, 0x00, 0x00, 0x00, 0x00, 0x00, 0x00, 0x00, 0x00, 0x00, 0x00, 0x00, 0x00, 0x00, 0x00, 0x00, 0x00, 0x00, 0x00, 0x00, 0x00, 0x00, 0x00, 0x00, 0x00, 0x00, 0x00, 0x00, 0x00, 0x00, 0x00, 0x00,
  0x00, 0x00, 0x00, 0x00, 0x00, 0x00, 0x00, 0x00, 0x00, 0x00, 0x00, 0x00, 0x00, 0x00, 0x00, 0x00, 0x00, 0x00, 0x00, 0x00, 0x00, 0x00, 0x00, 0x00, 0x00, 0x00, 0x00, 0x00, 0x00, 0x00, 0x00, 0x00,
  0x00, 0x00, 0x00, 0x00, 0x00, 0x00, 0x00, 0x00, 0x00, 0x00, 0x00, 0x00, 0x00, 0x00, 0x00, 0x00, 0x00, 0x00, 0x00, 0x00, 0x00, 0x00, 0x00, 0x00, 0x00, 0x00, 0x00, 0x00, 0x00, 0x00, 0x00, 0x00,
  0x00, 0x00, 0x00, 0x00, 0x00, 0x00, 0xf2, 0xcb, 0xe8, 0x83, 0xe8, 0xe4, 0xe8, 0xe4, 0xe8, 0xe4, 0xe8, 0xe4, 0xe8, 0xe4, 0xe8, 0xe4, 0xe8, 0xe4, 0xe8, 0xe4, 0xe8, 0xe4, 0xe8, 0xe4, 0xe8, 0xe4,
  0xe8, 0xe4, 0xe8, 0xe4, 0xe8, 0xe4, 0xe8, 0xe4, 0xe8, 0xe4, 0xe8, 0xe4, 0xe8, 0xe4, 0xe8, 0xe4, 0xe8, 0xe4, 0xe8, 0xe4, 0xe8, 0xe4, 0xe8, 0xe4, 0xe8, 0xe4, 0xe8, 0xe4, 0xe8, 0xe4, 0xe8, 0xe4,
  0xe8, 0xe4, 0xe8, 0xe4, 0xe8, 0xe4, 0xe8, 0xe4, 0xe8, 0xe4, 0xe8, 0xe4, 0xe8, 0xe4, 0xe8, 0xe4, 0xe8, 0xe4, 0xe8, 0xe4, 0xe8, 0xe4, 0xe8, 0xe4, 0xe8, 0xe4, 0xe8, 0xe4, 0xe8, 0xe4, 0xe8, 0xe4,
  0xe8, 0xe4, 0xe8, 0xe4, 0xe8, 0xe4, 0xe8, 0xe4, 0xe8, 0xe4, 0xe8, 0xe4, 0xe8, 0xe4, 0xe8, 0xe4, 0xe8, 0xc4, 0xe9, 0x66, 0x29, 0x24, 0x00, 0x00, 0x00, 0x00, 0x00, 0x00, 0x00, 0x00, 0x00, 0x00,
  0x00, 0x00, 0x00, 0x00, 0x00, 0x00, 0x00, 0x00, 0x00, 0x00, 0x00, 0x00, 0x00, 0x00, 0x00, 0x00, 0x00, 0x00, 0x00, 0x00, 0x00, 0x00, 0x00, 0x00, 0x00, 0x00, 0x00, 0x00, 0x00, 0x00, 0x00, 0x00,
  0x00, 0x00, 0x00, 0x00, 0x00, 0x00, 0x00, 0x00, 0x00, 0x00, 0x00, 0x00, 0x00, 0x00, 0x00, 0x00, 0x00, 0x00, 0x00, 0x00, 0x00, 0x00, 0x00, 0x00, 0x00, 0x00, 0x00, 0x00, 0x00, 0x00, 0x00, 0x00,
  0x00, 0x00, 0x00, 0x00, 0x00, 0x00, 0x00, 0x00, 0x00, 0x00, 0x00, 0x00, 0x00, 0x00, 0x00, 0x00, 0x00, 0x00, 0x00, 0x00, 0x00, 0x00, 0x00, 0x00, 0x00, 0x00, 0x00, 0x00, 0x00, 0x00, 0x00, 0x00,
  0x00, 0x00, 0x00, 0x00, 0x00, 0x00, 0x00, 0x00, 0x00, 0x00, 0x00, 0x00, 0x00, 0x00, 0x00, 0x00, 0x00, 0x00, 0x00, 0x00, 0x00, 0x00, 0x00, 0x00, 0x00, 0x00, 0x00, 0x00, 0x00, 0x00, 0x00, 0x00,
  0x00, 0x00, 0x00, 0x00, 0x00, 0x00, 0x00, 0x00, 0x00, 0x00, 0x00, 0x00, 0x00, 0x00, 0x00, 0x00, 0x00, 0x00, 0x00, 0x00, 0x00, 0x00, 0x00, 0x00, 0x00, 0x00, 0x00, 0x00, 0x00, 0x00, 0x00, 0x00,
  0x00, 0x00, 0x00, 0x00, 0x00, 0x00, 0x00, 0x00, 0x00, 0x00, 0x00, 0x00, 0x00, 0x00, 0x00, 0x00, 0x00, 0x00, 0x00, 0x00, 0x00, 0x00, 0x00, 0x00, 0x00, 0x00, 0x00, 0x00, 0x00, 0x00, 0x00, 0x00,
  0x00, 0x00, 0x00, 0x00, 0x00, 0x00, 0x00, 0x00, 0x00, 0x00, 0x00, 0x00, 0x00, 0x00, 0x00, 0x00, 0x00, 0x00, 0x00, 0x00, 0x00, 0x00, 0x00, 0x00, 0x00, 0x00, 0x00, 0x00, 0x00, 0x00, 0x00, 0x00,
  0x00, 0x00, 0x00, 0x00, 0x00, 0x00, 0x00, 0x00, 0x00, 0x00, 0x00, 0x00, 0x00, 0x00, 0x00, 0x00, 0x00, 0x00, 0x00, 0x00, 0x00, 0x00, 0x00, 0x00, 0x00, 0x00, 0x00, 0x00, 0x00, 0x00, 0x00, 0x00,
  0x00, 0x00, 0x00, 0x00, 0x00, 0x00, 0x00, 0x00, 0x00, 0x00, 0x00, 0x00, 0x00, 0x00, 0x00, 0x00, 0x00, 0x00, 0x00, 0x00, 0x00, 0x00, 0x00, 0x00, 0x00, 0x00, 0x00, 0x00, 0x00, 0x00, 0x00, 0x00,
  0x00, 0x00, 0x00, 0x00, 0x00, 0x00, 0x00, 0x00, 0x00, 0x00, 0x00, 0x00, 0x00, 0x00, 0x00, 0x00, 0x00, 0x00, 0x00, 0x00, 0x00, 0x00, 0x00, 0x00, 0x00, 0x00, 0x00, 0x00, 0x00, 0x00, 0x00, 0x00,
  0x00, 0x00, 0x00, 0x00, 0x00, 0x00, 0x00, 0x00, 0x00, 0x00, 0x00, 0x00, 0x00, 0x00, 0x00, 0x00, 0x00, 0x00, 0x00, 0x00, 0x00, 0x00, 0x00, 0x00, 0x00, 0x00, 0x00, 0x00, 0x00, 0x00, 0x00, 0x00,
  0x00, 0x00, 0x00, 0x00, 0x00, 0x00, 0x00, 0x00, 0x00, 0x00, 0x00, 0x00, 0x00, 0x00, 0x00, 0x00, 0x00, 0x00, 0x00, 0x00, 0x00, 0x00, 0x00, 0x00, 0x00, 0x00, 0x00, 0x00, 0x00, 0x00, 0x00, 0x00,
  0x00, 0x00, 0x00, 0x00, 0x00, 0x00, 0x00, 0x00, 0x00, 0x00, 0x00, 0x00, 0x00, 0x00, 0x00, 0x00, 0x00, 0x00, 0x00, 0x00, 0x00, 0x00, 0x00, 0x00, 0x00, 0x00, 0x00, 0x00, 0x00, 0x00, 0x00, 0x00,
  0x00, 0x00, 0x00, 0x00, 0x00, 0x00, 0x00, 0x00, 0x00, 0x00, 0x00, 0x00, 0x00, 0x00, 0x00, 0x00, 0x00, 0x00, 0x00, 0x00, 0x00, 0x00, 0x00, 0x00, 0x00, 0x00, 0x00, 0x00, 0x00, 0x00, 0x00, 0x00,
  0x00, 0x00, 0x00, 0x00, 0x00, 0x00, 0x00, 0x00, 0x00, 0x00, 0x00, 0x00, 0x00, 0x00, 0x00, 0x00, 0x00, 0x00, 0x00, 0x00, 0x00, 0x00, 0x00, 0x00, 0x00, 0x00, 0x00, 0x00, 0x00, 0x00, 0x00, 0x00,
  0x00, 0x00, 0x00, 0x00, 0x00, 0x00, 0x00, 0x00, 0x00, 0x00, 0x00, 0x00, 0x00, 0x00, 0x00, 0x00, 0x00, 0x00, 0x00, 0x00, 0x00, 0x00, 0x00, 0x00, 0x00, 0x00, 0x00, 0x00, 0x00, 0x00, 0x00, 0x00,
  0x00, 0x00, 0x00, 0x00, 0x00, 0x00, 0x00, 0x00, 0x00, 0x00, 0x00, 0x00, 0x00, 0x00, 0x00, 0x00, 0x00, 0x00, 0x00, 0x00, 0x00, 0x00, 0x00, 0x00, 0x00, 0x00, 0x00, 0x00, 0x00, 0x00, 0x00, 0x00,
  0x00, 0x00, 0x00, 0x00, 0x00, 0x00, 0x00, 0x00, 0x00, 0x00, 0x00, 0x00, 0x8b, 0x4d, 0xe8, 0xc4, 0xe8, 0xe4, 0xe8, 0xe4, 0xe8, 0xe4, 0xe8, 0xe4, 0xe8, 0xe4, 0xe8, 0xe4, 0xe8, 0xe4, 0xe8, 0xe4,
  0xe8, 0xe4, 0xe8, 0xe4, 0xe8, 0xe4, 0xe8, 0xe4, 0xe8, 0xe4, 0xe8, 0xe4, 0xe8, 0xa3, 0xe8, 0x83, 0xe8, 0x83, 0xe8, 0x83, 0xe8, 0x83, 0xe8, 0x83, 0xe8, 0x83, 0xe8, 0x83, 0xe8, 0x83, 0xe8, 0x83,
  0xe8, 0x83, 0xe8, 0x83, 0xe8, 0x83, 0xe8, 0x83, 0xe8, 0x83, 0xe8, 0x83, 0xe8, 0x83, 0xe8, 0x83, 0xe8, 0x83, 0xe8, 0x83, 0xe8, 0x83, 0xe8, 0x83, 0xe8, 0xa3, 0xe8, 0xe4, 0xe8, 0xe4, 0xe8, 0xe4,
  0xe8, 0xe4, 0xe8, 0xe4, 0xe8, 0xe4, 0xe8, 0xe4, 0xe8, 0xe4, 0xe8, 0xe4, 0xe8, 0xe4, 0xe8, 0xe4, 0xe8, 0xe4, 0xe8, 0xe4, 0xe8, 0xe4, 0xe8, 0xe4, 0xe8, 0x83, 0xf4, 0x10, 0x00, 0x00, 0x00, 0x00,
  0x00, 0x00, 0x00, 0x00, 0x00, 0x00, 0x00, 0x00, 0x00, 0x00, 0x00, 0x00, 0x00, 0x00, 0x00, 0x00, 0x00, 0x00, 0x00, 0x00, 0x00, 0x00, 0x00, 0x00, 0x00, 0x00, 0x00, 0x00, 0x00, 0x00, 0x00, 0x00,
  0x00, 0x00, 0x00, 0x00, 0x00, 0x00, 0x00, 0x00, 0x00, 0x00, 0x00, 0x00, 0x00, 0x00, 0x00, 0x00, 0x00, 0x00, 0x00, 0x00, 0x00, 0x00, 0x00, 0x00, 0x00, 0x00, 0x00, 0x00, 0x00, 0x00, 0x00, 0x00,
  0x00, 0x00, 0x00, 0x00, 0x00, 0x00, 0x00, 0x00, 0x00, 0x00, 0x00, 0x00, 0x00, 0x00, 0x00, 0x00, 0x00, 0x00, 0x00, 0x00, 0x00, 0x00, 0x00, 0x00, 0x00, 0x00, 0x00, 0x00, 0x00, 0x00, 0x00, 0x00,
  0x00, 0x00, 0x00, 0x00, 0x00, 0x00, 0x00, 0x00, 0x00, 0x00, 0x00, 0x00, 0x00, 0x00, 0x00, 0x00, 0x00, 0x00, 0x00, 0x00, 0x00, 0x00, 0x00, 0x00, 0x00, 0x00, 0x00, 0x00, 0x00, 0x00, 0x00, 0x00,
  0x00, 0x00, 0x00, 0x00, 0x00, 0x00, 0x00, 0x00, 0x00, 0x00, 0x00, 0x00, 0x00, 0x00, 0x00, 0x00, 0x00, 0x00, 0x00, 0x00, 0x00, 0x00, 0x00, 0x00, 0x00, 0x00, 0x00, 0x00, 0x00, 0x00, 0x00, 0x00,
  0x00, 0x00, 0x00, 0x00, 0x00, 0x00, 0x00, 0x00, 0x00, 0x00, 0x00, 0x00, 0x00, 0x00, 0x00, 0x00, 0x00, 0x00, 0x00, 0x00, 0x00, 0x00, 0x00, 0x00, 0x00, 0x00, 0x00, 0x00, 0x00, 0x00, 0x00, 0x00,
  0x00, 0x00, 0x00, 0x00, 0x00, 0x00, 0x00, 0x00, 0x00, 0x00, 0x00, 0x00, 0x00, 0x00, 0x00, 0x00, 0x00, 0x00, 0x00, 0x00, 0x00, 0x00, 0x00, 0x00, 0x00, 0x00, 0x00, 0x00, 0x00, 0x00, 0x00, 0x00,
  0x00, 0x00, 0x00, 0x00, 0x00, 0x00, 0x00, 0x00, 0x00, 0x00, 0x00, 0x00, 0x00, 0x00, 0x00, 0x00, 0x00, 0x00, 0x00, 0x00, 0x00, 0x00, 0x00, 0x00, 0x00, 0x00, 0x00, 0x00, 0x00, 0x00, 0x00, 0x00,
  0x00, 0x00, 0x00, 0x00, 0x00, 0x00, 0x00, 0x00, 0x00, 0x00, 0x00, 0x00, 0x00, 0x00, 0x00, 0x00, 0x00, 0x00, 0x00, 0x00, 0x00, 0x00, 0x00, 0x00, 0x00, 0x00, 0x00, 0x00, 0x00, 0x00, 0x00, 0x00,
  0x00, 0x00, 0x00, 0x00, 0x00, 0x00, 0x00, 0x00, 0x00, 0x00, 0x00, 0x00, 0x00, 0x00, 0x00, 0x00, 0x00, 0x00, 0x00, 0x00, 0x00, 0x00, 0x00, 0x00, 0x00, 0x00, 0x00, 0x00, 0x00, 0x00, 0x00, 0x00,
  0x00, 0x00, 0x00, 0x00, 0x00, 0x00, 0x00, 0x00, 0x00, 0x00, 0x00, 0x00, 0x00, 0x00, 0x00, 0x00, 0x00, 0x00, 0x00, 0x00, 0x00, 0x00, 0x00, 0x00, 0x00, 0x00, 0x00, 0x00, 0x00, 0x00, 0x00, 0x00,
  0x00, 0x00, 0x00, 0x00, 0x00, 0x00, 0x00, 0x00, 0x00, 0x00, 0x00, 0x00, 0x00, 0x00, 0x00, 0x00, 0x00, 0x00, 0x00, 0x00, 0x00, 0x00, 0x00, 0x00, 0x00, 0x00, 0x00, 0x00, 0x00, 0x00, 0x00, 0x00,
  0x00, 0x00, 0x00, 0x00, 0x00, 0x00, 0x00, 0x00, 0x00, 0x00, 0x00, 0x00, 0x00, 0x00, 0x00, 0x00, 0x00, 0x00, 0x00, 0x00, 0x00, 0x00, 0x00, 0x00, 0x00, 0x00, 0x00, 0x00, 0x00, 0x00, 0x00, 0x00,
  0x00, 0x00, 0x00, 0x00, 0x00, 0x00, 0x00, 0x00, 0x00, 0x00, 0x00, 0x00, 0x00, 0x00, 0x00, 0x00, 0x00, 0x00, 0x00, 0x00, 0x00, 0x00, 0x00, 0x00, 0x00, 0x00, 0x00, 0x00, 0x00, 0x00, 0x00, 0x00,
  0x00, 0x00, 0x00, 0x00, 0x00, 0x00, 0x00, 0x00, 0x00, 0x00, 0x00, 0x00, 0x00, 0x00, 0x00, 0x00, 0x00, 0x00, 0x00, 0x00, 0x00, 0x00, 0x00, 0x00, 0x00, 0x00, 0x00, 0x00, 0x00, 0x00, 0x00, 0x00,
  0x00, 0x00, 0x00, 0x00, 0x00, 0x00, 0x00, 0x00, 0x00, 0x00, 0x00, 0x00, 0x00, 0x00, 0x00, 0x00, 0x00, 0x00, 0x00, 0x00, 0x00, 0x00, 0x00, 0x00, 0x00, 0x00, 0x00, 0x00, 0x00, 0x00, 0x00, 0x00,
  0x00, 0x00, 0x00, 0x00, 0x00, 0x00, 0x00, 0x00, 0x00, 0x00, 0x00, 0x00, 0x00, 0x00, 0x00, 0x00, 0x00, 0x00, 0x00, 0x00, 0x00, 0x00, 0x00, 0x00, 0x00, 0x00, 0x00, 0x00, 0x00, 0x00, 0x00, 0x00,
  0x00, 0x00, 0x00, 0x00, 0x00, 0x00, 0x00, 0x00, 0x00, 0x00, 0x00, 0x00, 0x00, 0x00, 0x00, 0x00, 0x00, 0x00, 0x00, 0x00, 0xf2, 0xab, 0xe8, 0x83, 0xe8, 0xe4, 0xe8, 0xe4, 0xe8, 0xe4, 0xe8, 0xe4,
  0xe8, 0xe4, 0xe8, 0xe4, 0xe8, 0xe4, 0xe8, 0xe4, 0xe8, 0xe4, 0xe8, 0xe4, 0xe8, 0xe4, 0xe8, 0xe4, 0xe8, 0xe4, 0xe8, 0xc4, 0xf3, 0xf0, 0xbb, 0xf0, 0xcc, 0x30, 0xc4, 0x10, 0xc4, 0x10, 0xc4, 0x10,
  0xc4, 0x10, 0xc4, 0x10, 0xc4, 0x10, 0xc4, 0x10, 0xc4, 0x10, 0xc4, 0x10, 0xc4, 0x10, 0xc4, 0x10, 0xc4, 0x10, 0xc4, 0x10, 0xc4, 0x10, 0xc4, 0x10, 0xc4, 0x10, 0xc4, 0x10, 0xcc, 0x30, 0xbb, 0xef,
  0xf3, 0x8e, 0xe8, 0xc4, 0xe8, 0xe4, 0xe8, 0xe4, 0xe8, 0xe4, 0xe8, 0xe4, 0xe8, 0xe4, 0xe8, 0xe4, 0xe8, 0xe4, 0xe8, 0xe4, 0xe8, 0xe4, 0xe8, 0xe4, 0xe8, 0xe4, 0xe8, 0xe4, 0xe8, 0xe4, 0xe8, 0xc4,
  0xe9, 0x87, 0x18, 0xc3, 0x00, 0x00, 0x00, 0x00, 0x00, 0x00, 0x00, 0x00, 0x00, 0x00, 0x00, 0x00, 0x00, 0x00, 0x00, 0x00, 0x00, 0x00, 0x00, 0x00, 0x00, 0x00, 0x00, 0x00, 0x00, 0x00, 0x00, 0x00,
  0x00, 0x00, 0x00, 0x00, 0x00, 0x00, 0x00, 0x00, 0x00, 0x00, 0x00, 0x00, 0x00, 0x00, 0x00, 0x00, 0x00, 0x00, 0x00, 0x00, 0x00, 0x00, 0x00, 0x00, 0x00, 0x00, 0x00, 0x00, 0x00, 0x00, 0x00, 0x00,
  0x00, 0x00, 0x00, 0x00, 0x00, 0x00, 0x00, 0x00, 0x00, 0x00, 0x00, 0x00, 0x00, 0x00, 0x00, 0x00, 0x00, 0x00, 0x00, 0x00, 0x00, 0x00, 0x00, 0x00, 0x00, 0x00, 0x00, 0x00, 0x00, 0x00, 0x00, 0x00,
  0x00, 0x00, 0x00, 0x00, 0x00, 0x00, 0x00, 0x00, 0x00, 0x00, 0x00, 0x00, 0x00, 0x00, 0x00, 0x00, 0x00, 0x00, 0x00, 0x00, 0x00, 0x00, 0x00, 0x00, 0x00, 0x00, 0x00, 0x00, 0x00, 0x00, 0x00, 0x00,
  0x00, 0x00, 0x00, 0x00, 0x00, 0x00, 0x00, 0x00, 0x00, 0x00, 0x00, 0x00, 0x00, 0x00, 0x00, 0x00, 0x00, 0x00, 0x00, 0x00, 0x00, 0x00, 0x00, 0x00, 0x00, 0x00, 0x00, 0x00, 0x00, 0x00, 0x00, 0x00,
  0x00, 0x00, 0x00, 0x00, 0x00, 0x00, 0x00, 0x00, 0x00, 0x00, 0x00, 0x00, 0x00, 0x00, 0x00, 0x00, 0x00, 0x00, 0x00, 0x00, 0x00, 0x00, 0x00, 0x00, 0x00, 0x00, 0x00, 0x00, 0x00, 0x00, 0x00, 0x00,
  0x00, 0x00, 0x00, 0x00, 0x00, 0x00, 0x00, 0x00, 0x00, 0x00, 0x00, 0x00, 0x00, 0x00, 0x00, 0x00, 0x00, 0x00, 0x00, 0x00, 0x00, 0x00, 0x00, 0x00, 0x00, 0x00, 0x00, 0x00, 0x00, 0x00, 0x00, 0x00,
  0x00, 0x00, 0x00, 0x00, 0x00, 0x00, 0x00, 0x00, 0x00, 0x00, 0x00, 0x00, 0x00, 0x00, 0x00, 0x00, 0x00, 0x00, 0x00, 0x00, 0x00, 0x00, 0x00, 0x00, 0x00, 0x00, 0x00, 0x00, 0x00, 0x00, 0x00, 0x00,
  0x00, 0x00, 0x00, 0x00, 0x00, 0x00, 0x00, 0x00, 0x00, 0x00, 0x00, 0x00, 0x00, 0x00, 0x00, 0x00, 0x00, 0x00, 0x00, 0x00, 0x00, 0x00, 0x00, 0x00, 0x00, 0x00, 0x00, 0x00, 0x00, 0x00, 0x00, 0x00,
  0x00, 0x00, 0x00, 0x00, 0x00, 0x00, 0x00, 0x00, 0x00, 0x00, 0x00, 0x00, 0x00, 0x00, 0x00, 0x00, 0x00, 0x00, 0x00, 0x00, 0x00, 0x00, 0x00, 0x00, 0x00, 0x00, 0x00, 0x00, 0x00, 0x00, 0x00, 0x00,
  0x00, 0x00, 0x00, 0x00, 0x00, 0x00, 0x00, 0x00, 0x00, 0x00, 0x00, 0x00, 0x00, 0x00, 0x00, 0x00, 0x00, 0x00, 0x00, 0x00, 0x00, 0x00, 0x00, 0x00, 0x00, 0x00, 0x00, 0x00, 0x00, 0x00, 0x00, 0x00,
  0x00, 0x00, 0x00, 0x00, 0x00, 0x00, 0x00, 0x00, 0x00, 0x00, 0x00, 0x00, 0x00, 0x00, 0x00, 0x00, 0x00, 0x00, 0x00, 0x00, 0x00, 0x00, 0x00, 0x00, 0x00, 0x00, 0x00, 0x00, 0x00, 0x00, 0x00, 0x00,
  0x00, 0x00, 0x00, 0x00, 0x00, 0x00, 0x00, 0x00, 0x00, 0x00, 0x00, 0x00, 0x00, 0x00, 0x00, 0x00, 0x00, 0x00, 0x00, 0x00, 0x00, 0x00, 0x00, 0x00, 0x00, 0x00, 0x00, 0x00, 0x00, 0x00, 0x00, 0x00,
  0x00, 0x00, 0x00, 0x00, 0x00, 0x00, 0x00, 0x00, 0x00, 0x00, 0x00, 0x00, 0x00, 0x00, 0x00, 0x00, 0x00, 0x00, 0x00, 0x00, 0x00, 0x00, 0x00, 0x00, 0x00, 0x00, 0x00, 0x00, 0x00, 0x00, 0x00, 0x00,
  0x00, 0x00, 0x00, 0x00, 0x00, 0x00, 0x00, 0x00, 0x00, 0x00, 0x00, 0x00, 0x00, 0x00, 0x00, 0x00, 0x00, 0x00, 0x00, 0x00, 0x00, 0x00, 0x00, 0x00, 0x00, 0x00, 0x00, 0x00, 0x00, 0x00, 0x00, 0x00,
  0x00, 0x00, 0x00, 0x00, 0x00, 0x00, 0x00, 0x00, 0x00, 0x00, 0x00, 0x00, 0x00, 0x00, 0x00, 0x00, 0x00, 0x00, 0x00, 0x00, 0x00, 0x00, 0x00, 0x00, 0x00, 0x00, 0x00, 0x00, 0x00, 0x00, 0x00, 0x00,
  0x00, 0x00, 0x00, 0x00, 0x00, 0x00, 0x00, 0x00, 0x00, 0x00, 0x00, 0x00, 0x00, 0x00, 0x00, 0x00, 0x00, 0x00, 0x00, 0x00, 0x00, 0x00, 0x00, 0x00, 0x00, 0x00, 0x00, 0x00, 0x00, 0x00, 0x00, 0x00,
  0x00, 0x00, 0x00, 0x00, 0x00, 0x00, 0x00, 0x00, 0x00, 0x00, 0x00, 0x00, 0x00, 0x00, 0x00, 0x00, 0x00, 0x00, 0x00, 0x00, 0x00, 0x00, 0x00, 0x00, 0x00, 0x00, 0x9b, 0x6e, 0xe8, 0xc4, 0xe8, 0xe4,
  0xe8, 0xe4, 0xe8, 0xe4, 0xe8, 0xe4, 0xe8, 0xe4, 0xe8, 0xe4, 0xe8, 0xe4, 0xe8, 0xe4, 0xe8, 0xe4, 0xe8, 0xe4, 0xe8, 0xe4, 0xe8, 0xe4, 0xe8, 0xe4, 0xe8, 0xa3, 0xf2, 0x4a, 0x00, 0x00, 0x00, 0x00,
  0x00, 0x00, 0x00, 0x00, 0x00, 0x00, 0x00, 0x00, 0x00, 0x00, 0x00, 0x00, 0x00, 0x00, 0x00, 0x00, 0x00, 0x00, 0x00, 0x00, 0x00, 0x00, 0x00, 0x00, 0x00, 0x00, 0x00, 0x00, 0x00, 0x00, 0x00, 0x00,
  0x00, 0x00, 0x00, 0x00, 0x00, 0x00, 0x00, 0x00, 0xf3, 0x2d, 0xe8, 0x83, 0xe8, 0xe4, 0xe8, 0xe4, 0xe8, 0xe4, 0xe8, 0xe4, 0xe8, 0xe4, 0xe8, 0xe4, 0xe8, 0xe4, 0xe8, 0xe4, 0xe8, 0xe4, 0xe8, 0xe4,
  0xe8, 0xe4, 0xe8, 0xe4, 0xe8, 0xe4, 0xe8, 0x83, 0xf4, 0x51, 0x00, 0x00, 0x00, 0x00, 0x00, 0x00, 0x00, 0x00, 0x00, 0x00, 0x00, 0x00, 0x00, 0x00, 0x00, 0x00, 0x00, 0x00, 0x00, 0x00, 0x00, 0x00,
  0x00, 0x00, 0x00, 0x00, 0x00, 0x00, 0x00, 0x00, 0x00, 0x00, 0x00, 0x00, 0x00, 0x00, 0x00, 0x00, 0x00, 0x00, 0x00, 0x00, 0x00, 0x00, 0x00, 0x00, 0x00, 0x00, 0x00, 0x00, 0x00, 0x00, 0x00, 0x00,
  0x00, 0x00, 0x00, 0x00, 0x00, 0x00, 0x00, 0x00, 0x00, 0x00, 0x00, 0x00, 0x00, 0x00, 0x00, 0x00, 0x00, 0x00, 0x00, 0x00, 0x00, 0x00, 0x00, 0x00, 0x00, 0x00, 0x00, 0x00, 0x00, 0x00, 0x00, 0x00,
  0x00, 0x00, 0x00, 0x00, 0x00, 0x00, 0x00, 0x00, 0x00, 0x00, 0x00, 0x00, 0x00, 0x00, 0x00, 0x00, 0x00, 0x00, 0x00, 0x00, 0x00, 0x00, 0x00, 0x00, 0x00, 0x00, 0x00, 0x00, 0x00, 0x00, 0x00, 0x00,
  0x00, 0x00, 0x00, 0x00, 0x00, 0x00, 0x00, 0x00, 0x00, 0x00, 0x00, 0x00, 0x00, 0x00, 0x00, 0x00, 0x00, 0x00, 0x00, 0x00, 0x00, 0x00, 0x00, 0x00, 0x00, 0x00, 0x00, 0x00, 0x00, 0x00, 0x00, 0x00,
  0x00, 0x00, 0x00, 0x00, 0x00, 0x00, 0x00, 0x00, 0x00, 0x00, 0x00, 0x00, 0x00, 0x00, 0x00, 0x00, 0x00, 0x00, 0x00, 0x00, 0x00, 0x00, 0x00, 0x00, 0x00, 0x00, 0x00, 0x00, 0x00, 0x00, 0x00, 0x00,
  0x00, 0x00, 0x00, 0x00, 0x00, 0x00, 0x00, 0x00, 0x00, 0x00, 0x00, 0x00, 0x00, 0x00, 0x00, 0x00, 0x00, 0x00, 0x00, 0x00, 0x00, 0x00, 0x00, 0x00, 0x00, 0x00, 0x00, 0x00, 0x00, 0x00, 0x00, 0x00,
  0x00, 0x00, 0x00, 0x00, 0x00, 0x00, 0x00, 0x00, 0x00, 0x00, 0x00, 0x00, 0x00, 0x00, 0x00, 0x00, 0x00, 0x00, 0x00, 0x00, 0x00, 0x00, 0x00, 0x00, 0x00, 0x00, 0x00, 0x00, 0x00, 0x00, 0x00, 0x00,
  0x00, 0x00, 0x00, 0x00, 0x00, 0x00, 0x00, 0x00, 0x00, 0x00, 0x00, 0x00, 0x00, 0x00, 0x00, 0x00, 0x00, 0x00, 0x00, 0x00, 0x00, 0x00, 0x00, 0x00, 0x00, 0x00, 0x00, 0x00, 0x00, 0x00, 0x00, 0x00,
  0x00, 0x00, 0x00, 0x00, 0x00, 0x00, 0x00, 0x00, 0x00, 0x00, 0x00, 0x00, 0x00, 0x00, 0x00, 0x00, 0x00, 0x00, 0x00, 0x00, 0x00, 0x00, 0x00, 0x00, 0x00, 0x00, 0x00, 0x00, 0x00, 0x00, 0x00, 0x00,
  0x00, 0x00, 0x00, 0x00, 0x00, 0x00, 0x00, 0x00, 0x00, 0x00, 0x00, 0x00, 0x00, 0x00, 0x00, 0x00, 0x00, 0x00, 0x00, 0x00, 0x00, 0x00, 0x00, 0x00, 0x00, 0x00, 0x00, 0x00, 0x00, 0x00, 0x00, 0x00,
  0x00, 0x00, 0x00, 0x00, 0x00, 0x00, 0x00, 0x00, 0x00, 0x00, 0x00, 0x00, 0x00, 0x00, 0x00, 0x00, 0x00, 0x00, 0x00, 0x00, 0x00, 0x00, 0x00, 0x00, 0x00, 0x00, 0x00, 0x00, 0x00, 0x00, 0x00, 0x00,
  0x00, 0x00, 0x00, 0x00, 0x00, 0x00, 0x00, 0x00, 0x00, 0x00, 0x00, 0x00, 0x00, 0x00, 0x00, 0x00, 0x00, 0x00, 0x00, 0x00, 0x00, 0x00, 0x00, 0x00, 0x00, 0x00, 0x00, 0x00, 0x00, 0x00, 0x00, 0x00,
  0x00, 0x00, 0x00, 0x00, 0x00, 0x00, 0x00, 0x00, 0x00, 0x00, 0x00, 0x00, 0x00, 0x00, 0x00, 0x00, 0x00, 0x00, 0x00, 0x00, 0x00, 0x00, 0x00, 0x00, 0x00, 0x00, 0x00, 0x00, 0x00, 0x00, 0x00, 0x00,
  0x00, 0x00, 0x00, 0x00, 0x00, 0x00, 0x00, 0x00, 0x00, 0x00, 0x00, 0x00, 0x00, 0x00, 0x00, 0x00, 0x00, 0x00, 0x00, 0x00, 0x00, 0x00, 0x00, 0x00, 0x00, 0x00, 0x00, 0x00, 0x00, 0x00, 0x00, 0x00,
  0x00, 0x00, 0x00, 0x00, 0x00, 0x00, 0x00, 0x00, 0x00, 0x00, 0x00, 0x00, 0x00, 0x00, 0x00, 0x00, 0x00, 0x00, 0x00, 0x00, 0x00, 0x00, 0x00, 0x00, 0x00, 0x00, 0x00, 0x00, 0x00, 0x00, 0x00, 0x00,
  0x00, 0x00, 0x00, 0x00, 0x00, 0x00, 0x00, 0x00, 0x00, 0x00, 0x00, 0x00, 0x00, 0x00, 0x00, 0x00, 0x00, 0x00, 0x00, 0x00, 0x00, 0x00, 0x00, 0x00, 0x00, 0x00, 0x00, 0x00, 0x00, 0x00, 0x00, 0x00,
  0x00, 0x00, 0x00, 0x00, 0x00, 0x00, 0x00, 0x00, 0x00, 0x00, 0x00, 0x00, 0x00, 0x00, 0x00, 0x00, 0x00, 0x00, 0x00, 0x00, 0x00, 0x00, 0x00, 0x00, 0x00, 0x00, 0x00, 0x00, 0x00, 0x00, 0x00, 0x00,
  0x00, 0x00, 0xf2, 0x8a, 0xe8, 0x83, 0xe8, 0xe4, 0xe8, 0xe4, 0xe8, 0xe4, 0xe8, 0xe4, 0xe8, 0xe4, 0xe8, 0xe4, 0xe8, 0xe4, 0xe8, 0xe4, 0xe8, 0xe4, 0xe8, 0xe4, 0xe8, 0xe4, 0xe8, 0xe4, 0xe8, 0xe4,
  0xe8, 0xa4, 0xab, 0xae, 0x00, 0x00, 0x00, 0x00, 0x00, 0x00, 0x00, 0x00, 0x00, 0x00, 0x00, 0x00, 0x00, 0x00, 0x00, 0x00, 0x00, 0x00, 0x00, 0x00, 0x00, 0x00, 0x00, 0x00, 0x00, 0x00, 0x00, 0x00,
  0x00, 0x00, 0x00, 0x00, 0x00, 0x00, 0x00, 0x00, 0x00, 0x00, 0x00, 0x00, 0x00, 0x00, 0x8b, 0x2c, 0xe8, 0xc4, 0xe8, 0xe4, 0xe8, 0xe4, 0xe8, 0xe4, 0xe8, 0xe4, 0xe8, 0xe4, 0xe8, 0xe4, 0xe8, 0xe4,
  0xe8, 0xe4, 0xe8, 0xe4, 0xe8, 0xe4, 0xe8, 0xe4, 0xe8, 0xe4, 0xe8, 0xe4, 0xe8, 0xa3, 0xe9, 0xa7, 0x08, 0x61, 0x00, 0x00, 0x00, 0x00, 0x00, 0x00, 0x00, 0x00, 0x00, 0x00, 0x00, 0x00, 0x00, 0x00,
  0x00, 0x00, 0x00, 0x00, 0x00, 0x00, 0x00, 0x00, 0x00, 0x00, 0x00, 0x00, 0x00, 0x00, 0x00, 0x00, 0x00, 0x00, 0x00, 0x00, 0x00, 0x00, 0x00, 0x00, 0x00, 0x00, 0x00, 0x00, 0x00, 0x00, 0x00, 0x00,
  0x00, 0x00, 0x00, 0x00, 0x00, 0x00, 0x00, 0x00, 0x00, 0x00, 0x00, 0x00, 0x00, 0x00, 0x00, 0x00, 0x00, 0x00, 0x00, 0x00, 0x00, 0x00, 0x00, 0x00, 0x00, 0x00, 0x00, 0x00, 0x00, 0x00, 0x00, 0x00,
  0x00, 0x00, 0x00, 0x00, 0x00, 0x00, 0x00, 0x00, 0x00, 0x00, 0x00, 0x00, 0x00, 0x00, 0x00, 0x00, 0x00, 0x00, 0x00, 0x00, 0x00, 0x00, 0x00, 0x00, 0x00, 0x00, 0x00, 0x00, 0x00, 0x00, 0x00, 0x00,
  0x00, 0x00, 0x00, 0x00, 0x00, 0x00, 0x00, 0x00, 0x00, 0x00, 0x00, 0x00, 0x00, 0x00, 0x00, 0x00, 0x00, 0x00, 0x00, 0x00, 0x00, 0x00, 0x00, 0x00, 0x00, 0x00, 0x00, 0x00, 0x00, 0x00, 0x00, 0x00,
  0x00, 0x00, 0x00, 0x00, 0x00, 0x00, 0x00, 0x00, 0x00, 0x00, 0x00, 0x00, 0x00, 0x00, 0x00, 0x00, 0x00, 0x00, 0x00, 0x00, 0x00, 0x00, 0x00, 0x00, 0x00, 0x00, 0x00, 0x00, 0x00, 0x00, 0x00, 0x00,
  0x00, 0x00, 0x00, 0x00, 0x00, 0x00, 0x00, 0x00, 0x00, 0x00, 0x00, 0x00, 0x00, 0x00, 0x00, 0x00, 0x00, 0x00, 0x00, 0x00, 0x00, 0x00, 0x00, 0x00, 0x00, 0x00, 0x00, 0x00, 0x00, 0x00, 0x00, 0x00,
  0x00, 0x00, 0x00, 0x00, 0x00, 0x00, 0x00, 0x00, 0x00, 0x00, 0x00, 0x00, 0x00, 0x00, 0x00, 0x00, 0x00, 0x00, 0x00, 0x00, 0x00, 0x00, 0x00, 0x00, 0x00, 0x00, 0x00, 0x00, 0x00, 0x00, 0x00, 0x00,
  0x00, 0x00, 0x00, 0x00, 0x00, 0x00, 0x00, 0x00, 0x00, 0x00, 0x00, 0x00, 0x00, 0x00, 0x00, 0x00, 0x00, 0x00, 0x00, 0x00, 0x00, 0x00, 0x00, 0x00, 0x00, 0x00, 0x00, 0x00, 0x00, 0x00, 0x00, 0x00,
  0x00, 0x00, 0x00, 0x00, 0x00, 0x00, 0x00, 0x00, 0x00, 0x00, 0x00, 0x00, 0x00, 0x00, 0x00, 0x00, 0x00, 0x00, 0x00, 0x00, 0x00, 0x00, 0x00, 0x00, 0x00, 0x00, 0x00, 0x00, 0x00, 0x00, 0x00, 0x00,
  0x00, 0x00, 0x00, 0x00, 0x00, 0x00, 0x00, 0x00, 0x00, 0x00, 0x00, 0x00, 0x00, 0x00, 0x00, 0x00, 0x00, 0x00, 0x00, 0x00, 0x00, 0x00, 0x00, 0x00, 0x00, 0x00, 0x00, 0x00, 0x00, 0x00, 0x00, 0x00,
  0x00, 0x00, 0x00, 0x00, 0x00, 0x00, 0x00, 0x00, 0x00, 0x00, 0x00, 0x00, 0x00, 0x00, 0x00, 0x00, 0x00, 0x00, 0x00, 0x00, 0x00, 0x00, 0x00, 0x00, 0x00, 0x00, 0x00, 0x00, 0x00, 0x00, 0x00, 0x00,
  0x00, 0x00, 0x00, 0x00, 0x00, 0x00, 0x00, 0x00, 0x00, 0x00, 0x00, 0x00, 0x00, 0x00, 0x00, 0x00, 0x00, 0x00, 0x00, 0x00, 0x00, 0x00, 0x00, 0x00, 0x00, 0x00, 0x00, 0x00, 0x00, 0x00, 0x00, 0x00,
  0x00, 0x00, 0x00, 0x00, 0x00, 0x00, 0x00, 0x00, 0x00, 0x00, 0x00, 0x00, 0x00, 0x00, 0x00, 0x00, 0x00, 0x00, 0x00, 0x00, 0x00, 0x00, 0x00, 0x00, 0x00, 0x00, 0x00, 0x00, 0x00, 0x00, 0x00, 0x00,
  0x00, 0x00, 0x00, 0x00, 0x00, 0x00, 0x00, 0x00, 0x00, 0x00, 0x00, 0x00, 0x00, 0x00, 0x00, 0x00, 0x00, 0x00, 0x00, 0x00, 0x00, 0x00, 0x00, 0x00, 0x00, 0x00, 0x00, 0x00, 0x00, 0x00, 0x00, 0x00,
  0x00, 0x00, 0x00, 0x00, 0x00, 0x00, 0x00, 0x00, 0x00, 0x00, 0x00, 0x00, 0x00, 0x00, 0x00, 0x00, 0x00, 0x00, 0x00, 0x00, 0x00, 0x00, 0x00, 0x00, 0x00, 0x00, 0x00, 0x00, 0x00, 0x00, 0x00, 0x00,
  0x00, 0x00, 0x00, 0x00, 0x00, 0x00, 0x00, 0x00, 0x00, 0x00, 0x00, 0x00, 0x00, 0x00, 0x00, 0x00, 0x00, 0x00, 0x00, 0x00, 0x00, 0x00, 0x00, 0x00, 0x00, 0x00, 0x00, 0x00, 0x00, 0x00, 0x00, 0x00,
  0x00, 0x00, 0x00, 0x00, 0x00, 0x00, 0x00, 0x00, 0x00, 0x00, 0x00, 0x00, 0x00, 0x00, 0x00, 0x00, 0x00, 0x00, 0x00, 0x00, 0x00, 0x00, 0x00, 0x00, 0x00, 0x00, 0x00, 0x00, 0x00, 0x00, 0x00, 0x00,
  0x00, 0x00, 0x00, 0x00, 0x00, 0x00, 0x00, 0x00, 0xa3, 0x8e, 0xe8, 0xc4, 0xe8, 0xe4, 0xe8, 0xe4, 0xe8, 0xe4, 0xe8, 0xe4, 0xe8, 0xe4, 0xe8, 0xe4, 0xe8, 0xe4, 0xe8, 0xe4, 0xe8, 0xe4, 0xe8, 0xe4,
  0xe8, 0xe4, 0xe8, 0xe4, 0xe8, 0xe4, 0xe8, 0x83, 0xf2, 0x8b, 0x00, 0x00, 0x00, 0x00, 0x00, 0x00, 0x00, 0x00, 0x00, 0x00, 0x00, 0x00, 0x00, 0x00, 0x00, 0x00, 0x00, 0x00, 0x00, 0x00, 0x00, 0x00,
  0x00, 0x00, 0x00, 0x00, 0x00, 0x00, 0x00, 0x00, 0x00, 0x00, 0x00, 0x00, 0x00, 0x00, 0x00, 0x00, 0x00, 0x00, 0x00, 0x00, 0x00, 0x00, 0xf2, 0xcc, 0xe8, 0x83, 0xe8, 0xe4, 0xe8, 0xe4, 0xe8, 0xe4,
  0xe8, 0xe4, 0xe8, 0xe4, 0xe8, 0xe4, 0xe8, 0xe4, 0xe8, 0xe4, 0xe8, 0xe4, 0xe8, 0xe4, 0xe8, 0xe4, 0xe8, 0xe4, 0xe8, 0xe4, 0xe8, 0x83, 0xf4, 0x92, 0x00, 0x00, 0x00, 0x00, 0x00, 0x00, 0x00, 0x00,
  0x00, 0x00, 0x00, 0x00, 0x00, 0x00, 0x00, 0x00, 0x00, 0x00, 0x00, 0x00, 0x00, 0x00, 0x00, 0x00, 0x00, 0x00, 0x00, 0x00, 0x00, 0x00, 0x00, 0x00, 0x00, 0x00, 0x00, 0x00, 0x00, 0x00, 0x00, 0x00,
  0x00, 0x00, 0x00, 0x00, 0x00, 0x00, 0x00, 0x00, 0x00, 0x00, 0x00, 0x00, 0x00, 0x00, 0x00, 0x00, 0x00, 0x00, 0x00, 0x00, 0x00, 0x00, 0x00, 0x00, 0x00, 0x00, 0x00, 0x00, 0x00, 0x00, 0x00, 0x00,
  0x00, 0x00, 0x00, 0x00, 0x00, 0x00, 0x00, 0x00, 0x00, 0x00, 0x00, 0x00, 0x00, 0x00, 0x00, 0x00, 0x00, 0x00, 0x00, 0x00, 0x00, 0x00, 0x00, 0x00, 0x00, 0x00, 0x00, 0x00, 0x00, 0x00, 0x00, 0x00,
  0x00, 0x00, 0x00, 0x00, 0x00, 0x00, 0x00, 0x00, 0x00, 0x00, 0x00, 0x00, 0x00, 0x00, 0x00, 0x00, 0x00, 0x00, 0x00, 0x00, 0x00, 0x00, 0x00, 0x00, 0x00, 0x00, 0x00, 0x00, 0x00, 0x00, 0x00, 0x00,
  0x00, 0x00, 0x00, 0x00, 0x00, 0x00, 0x00, 0x00, 0x00, 0x00, 0x00, 0x00, 0x00, 0x00, 0x00, 0x00, 0x00, 0x00, 0x00, 0x00, 0x00, 0x00, 0x00, 0x00, 0x00, 0x00, 0x00, 0x00, 0x00, 0x00, 0x00, 0x00,
  0x00, 0x00, 0x00, 0x00, 0x00, 0x00, 0x00, 0x00, 0x00, 0x00, 0x00, 0x00, 0x00, 0x00, 0x00, 0x00, 0x00, 0x00, 0x00, 0x00, 0x00, 0x00, 0x00, 0x00, 0x00, 0x00, 0x00, 0x00, 0x00, 0x00, 0x00, 0x00,
  0x00, 0x00, 0x00, 0x00, 0x00, 0x00, 0x00, 0x00, 0x00, 0x00, 0x00, 0x00, 0x00, 0x00, 0x00, 0x00, 0x00, 0x00, 0x00, 0x00, 0x00, 0x00, 0x00, 0x00, 0x00, 0x00, 0x00, 0x00, 0x00, 0x00, 0x00, 0x00,
  0x00, 0x00, 0x00, 0x00, 0x00, 0x00, 0x00, 0x00, 0x00, 0x00, 0x00, 0x00, 0x00, 0x00, 0x00, 0x00, 0x00, 0x00, 0x00, 0x00, 0x00, 0x00, 0x00, 0x00, 0x00, 0x00, 0x00, 0x00, 0x00, 0x00, 0x00, 0x00,
  0x00, 0x00, 0x00, 0x00, 0x00, 0x00, 0x00, 0x00, 0x00, 0x00, 0x00, 0x00, 0x00, 0x00, 0x00, 0x00, 0x00, 0x00, 0x00, 0x00, 0x00, 0x00, 0x00, 0x00, 0x00, 0x00, 0x00, 0x00, 0x00, 0x00, 0x00, 0x00,
  0x00, 0x00, 0x00, 0x00, 0x00, 0x00, 0x00, 0x00, 0x00, 0x00, 0x00, 0x00, 0x00, 0x00, 0x00, 0x00, 0x00, 0x00, 0x00, 0x00, 0x00, 0x00, 0x00, 0x00, 0x00, 0x00, 0x00, 0x00, 0x00, 0x00, 0x00, 0x00,
  0x00, 0x00, 0x00, 0x00, 0x00, 0x00, 0x00, 0x00, 0x00, 0x00, 0x00, 0x00, 0x00, 0x00, 0x00, 0x00, 0x00, 0x00, 0x00, 0x00, 0x00, 0x00, 0x00, 0x00, 0x00, 0x00, 0x00, 0x00, 0x00, 0x00, 0x00, 0x00,
  0x00, 0x00, 0x00, 0x00, 0x00, 0x00, 0x00, 0x00, 0x00, 0x00, 0x00, 0x00, 0x00, 0x00, 0x00, 0x00, 0x00, 0x00, 0x00, 0x00, 0x00, 0x00, 0x00, 0x00, 0x00, 0x00, 0x00, 0x00, 0x00, 0x00, 0x00, 0x00,
  0x00, 0x00, 0x00, 0x00, 0x00, 0x00, 0x00, 0x00, 0x00, 0x00, 0x00, 0x00, 0x00, 0x00, 0x00, 0x00, 0x00, 0x00, 0x00, 0x00, 0x00, 0x00, 0x00, 0x00, 0x00, 0x00, 0x00, 0x00, 0x00, 0x00, 0x00, 0x00,
  0x00, 0x00, 0x00, 0x00, 0x00, 0x00, 0x00, 0x00, 0x00, 0x00, 0x00, 0x00, 0x00, 0x00, 0x00, 0x00, 0x00, 0x00, 0x00, 0x00, 0x00, 0x00, 0x00, 0x00, 0x00, 0x00, 0x00, 0x00, 0x00, 0x00, 0x00, 0x00,
  0x00, 0x00, 0x00, 0x00, 0x00, 0x00, 0x00, 0x00, 0x00, 0x00, 0x00, 0x00, 0x00, 0x00, 0x00, 0x00, 0x00, 0x00, 0x00, 0x00, 0x00, 0x00, 0x00, 0x00, 0x00, 0x00, 0x00, 0x00, 0x00, 0x00, 0x00, 0x00,
  0x00, 0x00, 0x00, 0x00, 0x00, 0x00, 0x00, 0x00, 0x00, 0x00, 0x00, 0x00, 0x00, 0x00, 0x00, 0x00, 0x00, 0x00, 0x00, 0x00, 0x00, 0x00, 0x00, 0x00, 0x00, 0x00, 0x00, 0x00, 0x00, 0x00, 0x00, 0x00,
  0x00, 0x00, 0x00, 0x00, 0x00, 0x00, 0x00, 0x00, 0x00, 0x00, 0x00, 0x00, 0x00, 0x00, 0x00, 0x00, 0x00, 0x00, 0x00, 0x00, 0x00, 0x00, 0x00, 0x00, 0x00, 0x00, 0x00, 0x00, 0x00, 0x00, 0x00, 0x00,
  0x00, 0x00, 0x00, 0x00, 0x00, 0x00, 0x00, 0x00, 0x00, 0x00, 0x00, 0x00, 0x00, 0x00, 0x00, 0x00, 0xf2, 0x6a, 0xe8, 0x83, 0xe8, 0xe4, 0xe8, 0xe4, 0xe8, 0xe4, 0xe8, 0xe4, 0xe8, 0xe4, 0xe8, 0xe4,
  0xe8, 0xe4, 0xe8, 0xe4, 0xe8, 0xe4, 0xe8, 0xe4, 0xe8, 0xe4, 0xe8, 0xe4, 0xe8, 0xe4, 0xe8, 0xc4, 0x93, 0x4d, 0x00, 0x00, 0x00, 0x00, 0x00, 0x00, 0x00, 0x00, 0x00, 0x00, 0x00, 0x00, 0x00, 0x00,
  0x00, 0x00, 0x00, 0x00, 0x00, 0x00, 0x00, 0x00, 0x00, 0x00, 0x00, 0x00, 0x00, 0x00, 0x00, 0x00, 0x00, 0x00, 0x00, 0x00, 0x00, 0x00, 0x00, 0x00, 0x00, 0x00, 0x00, 0x00, 0x8b, 0x2d, 0xe8, 0xc4,
  0xe8, 0xe4, 0xe8, 0xe4, 0xe8, 0xe4, 0xe8, 0xe4, 0xe8, 0xe4, 0xe8, 0xe4, 0xe8, 0xe4, 0xe8, 0xe4, 0xe8, 0xe4, 0xe8, 0xe4, 0xe8, 0xe4, 0xe8, 0xe4, 0xe8, 0xe4, 0xe8, 0xa3, 0xe9, 0xc8, 0x00, 0x00,
  0x00, 0x00, 0x00, 0x00, 0x00, 0x00, 0x00, 0x00, 0x00, 0x00, 0x00, 0x00, 0x00, 0x00, 0x00, 0x00, 0x00, 0x00, 0x00, 0x00, 0x00, 0x00, 0x00, 0x00, 0x00, 0x00, 0x00, 0x00, 0x00, 0x00, 0x00, 0x00,
  0x00, 0x00, 0x00, 0x00, 0x00, 0x00, 0x00, 0x00, 0x00, 0x00, 0x00, 0x00, 0x00, 0x00, 0x00, 0x00, 0x00, 0x00, 0x00, 0x00, 0x00, 0x00, 0x00, 0x00, 0x00, 0x00, 0x00, 0x00, 0x00, 0x00, 0x00, 0x00,
  0x00, 0x00, 0x00, 0x00, 0x00, 0x00, 0x00, 0x00, 0x00, 0x00, 0x00, 0x00, 0x00, 0x00, 0x00, 0x00, 0x00, 0x00, 0x00, 0x00, 0x00, 0x00, 0x00, 0x00, 0x00, 0x00, 0x00, 0x00, 0x00, 0x00, 0x00, 0x00,
  0x00, 0x00, 0x00, 0x00, 0x00, 0x00, 0x00, 0x00, 0x00, 0x00, 0x00, 0x00, 0x00, 0x00, 0x00, 0x00, 0x00, 0x00, 0x00, 0x00, 0x00, 0x00, 0x00, 0x00, 0x00, 0x00, 0x00, 0x00, 0x00, 0x00, 0x00, 0x00,
  0x00, 0x00, 0x00, 0x00, 0x00, 0x00, 0x00, 0x00, 0x00, 0x00, 0x00, 0x00, 0x00, 0x00, 0x00, 0x00, 0x00, 0x00, 0x00, 0x00, 0x00, 0x00, 0x00, 0x00, 0x00, 0x00, 0x00, 0x00, 0x00, 0x00, 0x00, 0x00,
  0x00, 0x00, 0x00, 0x00, 0x00, 0x00, 0x00, 0x00, 0x00, 0x00, 0x00, 0x00, 0x00, 0x00, 0x00, 0x00, 0x00, 0x00, 0x00, 0x00, 0x00, 0x00, 0x00, 0x00, 0x00, 0x00, 0x00, 0x00, 0x00, 0x00, 0x00, 0x00,
  0x00, 0x00, 0x00, 0x00, 0x00, 0x00, 0x00, 0x00, 0x00, 0x00, 0x00, 0x00, 0x00, 0x00, 0x00, 0x00, 0x00, 0x00, 0x00, 0x00, 0x00, 0x00, 0x00, 0x00, 0x00, 0x00, 0x00, 0x00, 0x00, 0x00, 0x00, 0x00,
  0x00, 0x00, 0x00, 0x00, 0x00, 0x00, 0x00, 0x00, 0x00, 0x00, 0x00, 0x00, 0x00, 0x00, 0x00, 0x00, 0x00, 0x00, 0x00, 0x00, 0x00, 0x00, 0x00, 0x00, 0x00, 0x00, 0x00, 0x00, 0x00, 0x00, 0x00, 0x00,
  0x00, 0x00, 0x00, 0x00, 0x00, 0x00, 0x00, 0x00, 0x00, 0x00, 0x00, 0x00, 0x00, 0x00, 0x00, 0x00, 0x00, 0x00, 0x00, 0x00, 0x00, 0x00, 0x00, 0x00, 0x00, 0x00, 0x00, 0x00, 0x00, 0x00, 0x00, 0x00,
  0x00, 0x00, 0x00, 0x00, 0x00, 0x00, 0x00, 0x00, 0x00, 0x00, 0x00, 0x00, 0x00, 0x00, 0x00, 0x00, 0x00, 0x00, 0x00, 0x00, 0x00, 0x00, 0x00, 0x00, 0x00, 0x00, 0x00, 0x00, 0x00, 0x00, 0x00, 0x00,
  0x00, 0x00, 0x00, 0x00, 0x00, 0x00, 0x00, 0x00, 0x00, 0x00, 0x00, 0x00, 0x00, 0x00, 0x00, 0x00, 0x00, 0x00, 0x00, 0x00, 0x00, 0x00, 0x00, 0x00, 0x00, 0x00, 0x00, 0x00, 0x00, 0x00, 0x00, 0x00,
  0x00, 0x00, 0x00, 0x00, 0x00, 0x00, 0x00, 0x00, 0x00, 0x00, 0x00, 0x00, 0x00, 0x00, 0x00, 0x00, 0x00, 0x00, 0x00, 0x00, 0x00, 0x00, 0x00, 0x00, 0x00, 0x00, 0x00, 0x00, 0x00, 0x00, 0x00, 0x00,
  0x00, 0x00, 0x00, 0x00, 0x00, 0x00, 0x00, 0x00, 0x00, 0x00, 0x00, 0x00, 0x00, 0x00, 0x00, 0x00, 0x00, 0x00, 0x00, 0x00, 0x00, 0x00, 0x00, 0x00, 0x00, 0x00, 0x00, 0x00, 0x00, 0x00, 0x00, 0x00,
  0x00, 0x00, 0x00, 0x00, 0x00, 0x00, 0x00, 0x00, 0x00, 0x00, 0x00, 0x00, 0x00, 0x00, 0x00, 0x00, 0x00, 0x00, 0x00, 0x00, 0x00, 0x00, 0x00, 0x00, 0x00, 0x00, 0x00, 0x00, 0x00, 0x00, 0x00, 0x00,
  0x00, 0x00, 0x00, 0x00, 0x00, 0x00, 0x00, 0x00, 0x00, 0x00, 0x00, 0x00, 0x00, 0x00, 0x00, 0x00, 0x00, 0x00, 0x00, 0x00, 0x00, 0x00, 0x00, 0x00, 0x00, 0x00, 0x00, 0x00, 0x00, 0x00, 0x00, 0x00,
  0x00, 0x00, 0x00, 0x00, 0x00, 0x00, 0x00, 0x00, 0x00, 0x00, 0x00, 0x00, 0x00, 0x00, 0x00, 0x00, 0x00, 0x00, 0x00, 0x00, 0x00, 0x00, 0x00, 0x00, 0x00, 0x00, 0x00, 0x00, 0x00, 0x00, 0x00, 0x00,
  0x00, 0x00, 0x00, 0x00, 0x00, 0x00, 0x00, 0x00, 0x00, 0x00, 0x00, 0x00, 0x00, 0x00, 0x00, 0x00, 0x00, 0x00, 0x00, 0x00, 0x00, 0x00, 0x00, 0x00, 0x00, 0x00, 0x00, 0x00, 0x00, 0x00, 0x00, 0x00,
  0x00, 0x00, 0x00, 0x00, 0x00, 0x00, 0x00, 0x00, 0x00, 0x00, 0x00, 0x00, 0x00, 0x00, 0x00, 0x00, 0x00, 0x00, 0x00, 0x00, 0x00, 0x00, 0xab, 0xcf, 0xe8, 0xa3, 0xe8, 0xe4, 0xe8, 0xe4, 0xe8, 0xe4,
  0xe8, 0xe4, 0xe8, 0xe4, 0xe8, 0xe4, 0xe8, 0xe4, 0xe8, 0xe4, 0xe8, 0xe4, 0xe8, 0xe4, 0xe8, 0xe4, 0xe8, 0xe4, 0xe8, 0xe4, 0xe8, 0x83, 0xf2, 0xcb, 0x00, 0x00, 0x00, 0x00, 0x00, 0x00, 0x00, 0x00,
  0x00, 0x00, 0x00, 0x00, 0x00, 0x00, 0x00, 0x00, 0x00, 0x00, 0x00, 0x00, 0x00, 0x00, 0x00, 0x00, 0x00, 0x00, 0x00, 0x00, 0x00, 0x00, 0x00, 0x00, 0x00, 0x00, 0x00, 0x00, 0x00, 0x00, 0x00, 0x00,
  0x00, 0x00, 0x00, 0x00, 0xf2, 0xab, 0xe8, 0x83, 0xe8, 0xe4, 0xe8, 0xe4, 0xe8, 0xe4, 0xe8, 0xe4, 0xe8, 0xe4, 0xe8, 0xe4, 0xe8, 0xe4, 0xe8, 0xe4, 0xe8, 0xe4, 0xe8, 0xe4, 0xe8, 0xe4, 0xe8, 0xe4,
  0xe8, 0xe4, 0xe8, 0xa3, 0xe4, 0x51, 0x00, 0x00, 0x00, 0x00, 0x00, 0x00, 0x00, 0x00, 0x00, 0x00, 0x00, 0x00, 0x00, 0x00, 0x00, 0x00, 0x00, 0x00, 0x00, 0x00, 0x00, 0x00, 0x00, 0x00, 0x00, 0x00,
  0x00, 0x00, 0x00, 0x00, 0x00, 0x00, 0x00, 0x00, 0x00, 0x00, 0x00, 0x00, 0x00, 0x00, 0x00, 0x00, 0x00, 0x00, 0x00, 0x00, 0x00, 0x00, 0x00, 0x00, 0x00, 0x00, 0x00, 0x00, 0x00, 0x00, 0x00, 0x00,
  0x00, 0x00, 0x00, 0x00, 0x00, 0x00, 0x00, 0x00, 0x00, 0x00, 0x00, 0x00, 0x00, 0x00, 0x00, 0x00, 0x00, 0x00, 0x00, 0x00, 0x00, 0x00, 0x00, 0x00, 0x00, 0x00, 0x00, 0x00, 0x00, 0x00, 0x00, 0x00,
  0x00, 0x00, 0x00, 0x00, 0x00, 0x00, 0x00, 0x00, 0x00, 0x00, 0x00, 0x00, 0x00, 0x00, 0x00, 0x00, 0x00, 0x00, 0x00, 0x00, 0x00, 0x00, 0x00, 0x00, 0x00, 0x00, 0x00, 0x00, 0x00, 0x00, 0x00, 0x00,
  0x00, 0x00, 0x00, 0x00, 0x00, 0x00, 0x00, 0x00, 0x00, 0x00, 0x00, 0x00, 0x00, 0x00, 0x00, 0x00, 0x00, 0x00, 0x00, 0x00, 0x00, 0x00, 0x00, 0x00, 0x00, 0x00, 0x00, 0x00, 0x00, 0x00, 0x00, 0x00,
  0x00, 0x00, 0x00, 0x00, 0x00, 0x00, 0x00, 0x00, 0x00, 0x00, 0x00, 0x00, 0x00, 0x00, 0x00, 0x00, 0x00, 0x00, 0x00, 0x00, 0x00, 0x00, 0x00, 0x00, 0x00, 0x00, 0x00, 0x00, 0x00, 0x00, 0x00, 0x00,
  0x00, 0x00, 0x00, 0x00, 0x00, 0x00, 0x00, 0x00, 0x00, 0x00, 0x00, 0x00, 0x00, 0x00, 0x00, 0x00, 0x00, 0x00, 0x00, 0x00, 0x00, 0x00, 0x00, 0x00, 0x00, 0x00, 0x00, 0x00, 0x00, 0x00, 0x00, 0x00,
  0x00, 0x00, 0x00, 0x00, 0x00, 0x00, 0x00, 0x00, 0x00, 0x00, 0x00, 0x00, 0x00, 0x00, 0x00, 0x00, 0x00, 0x00, 0x00, 0x00, 0x00, 0x00, 0x00, 0x00, 0x00, 0x00, 0x00, 0x00, 0x00, 0x00, 0x00, 0x00,
  0x00, 0x00, 0x00, 0x00, 0x00, 0x00, 0x00, 0x00, 0x00, 0x00, 0x00, 0x00, 0x00, 0x00, 0x00, 0x00, 0x00, 0x00, 0x00, 0x00, 0x00, 0x00, 0x00, 0x00, 0x00, 0x00, 0x00, 0x00, 0x00, 0x00, 0x00, 0x00,
  0x00, 0x00, 0x00, 0x00, 0x00, 0x00, 0x00, 0x00, 0x00, 0x00, 0x00, 0x00, 0x00, 0x00, 0x00, 0x00, 0x00, 0x00, 0x00, 0x00, 0x00, 0x00, 0x00, 0x00, 0x00, 0x00, 0x00, 0x00, 0x00, 0x00, 0x00, 0x00,
  0x00, 0x00, 0x00, 0x00, 0x00, 0x00, 0x00, 0x00, 0x00, 0x00, 0x00, 0x00, 0x00, 0x00, 0x00, 0x00, 0x00, 0x00, 0x00, 0x00, 0x00, 0x00, 0x00, 0x00, 0x00, 0x00, 0x00, 0x00, 0x00, 0x00, 0x00, 0x00,
  0x00, 0x00, 0x00, 0x00, 0x00, 0x00, 0x00, 0x00, 0x00, 0x00, 0x00, 0x00, 0x00, 0x00, 0x00, 0x00, 0x00, 0x00, 0x00, 0x00, 0x00, 0x00, 0x00, 0x00, 0x00, 0x00, 0x00, 0x00, 0x00, 0x00, 0x00, 0x00,
  0x00, 0x00, 0x00, 0x00, 0x00, 0x00, 0x00, 0x00, 0x00, 0x00, 0x00, 0x00, 0x00, 0x00, 0x00, 0x00, 0x00, 0x00, 0x00, 0x00, 0x00, 0x00, 0x00, 0x00, 0x00, 0x00, 0x00, 0x00, 0x00, 0x00, 0x00, 0x00,
  0x00, 0x00, 0x00, 0x00, 0x00, 0x00, 0x00, 0x00, 0x00, 0x00, 0x00, 0x00, 0x00, 0x00, 0x00, 0x00, 0x00, 0x00, 0x00, 0x00, 0x00, 0x00, 0x00, 0x00, 0x00, 0x00, 0x00, 0x00, 0x00, 0x00, 0x00, 0x00,
  0x00, 0x00, 0x00, 0x00, 0x00, 0x00, 0x00, 0x00, 0x00, 0x00, 0x00, 0x00, 0x00, 0x00, 0x00, 0x00, 0x00, 0x00, 0x00, 0x00, 0x00, 0x00, 0x00, 0x00, 0x00, 0x00, 0x00, 0x00, 0x00, 0x00, 0x00, 0x00,
  0x00, 0x00, 0x00, 0x00, 0x00, 0x00, 0x00, 0x00, 0x00, 0x00, 0x00, 0x00, 0x00, 0x00, 0x00, 0x00, 0x00, 0x00, 0x00, 0x00, 0x00, 0x00, 0x00, 0x00, 0x00, 0x00, 0x00, 0x00, 0x00, 0x00, 0x00, 0x00,
  0x00, 0x00, 0x00, 0x00, 0x00, 0x00, 0x00, 0x00, 0x00, 0x00, 0x00, 0x00, 0x00, 0x00, 0x00, 0x00, 0x00, 0x00, 0x00, 0x00, 0x00, 0x00, 0x00, 0x00, 0x00, 0x00, 0x00, 0x00, 0x00, 0x00, 0x00, 0x00,
  0x00, 0x00, 0x00, 0x00, 0x00, 0x00, 0x00, 0x00, 0x00, 0x00, 0x00, 0x00, 0x00, 0x00, 0x00, 0x00, 0x00, 0x00, 0x00, 0x00, 0x00, 0x00, 0x00, 0x00, 0x00, 0x00, 0x00, 0x00, 0x00, 0x00, 0xea, 0x4a,
  0xe8, 0xa3, 0xe8, 0xe4, 0xe8, 0xe4, 0xe8, 0xe4, 0xe8, 0xe4, 0xe8, 0xe4, 0xe8, 0xe4, 0xe8, 0xe4, 0xe8, 0xe4, 0xe8, 0xe4, 0xe8, 0xe4, 0xe8, 0xe4, 0xe8, 0xe4, 0xe8, 0xe4, 0xe8, 0xe4, 0x7a, 0xec,
  0x00, 0x00, 0x00, 0x00, 0x00, 0x00, 0x00, 0x00, 0x00, 0x00, 0x00, 0x00, 0x00, 0x00, 0x00, 0x00, 0x00, 0x00, 0x00, 0x00, 0x00, 0x00, 0x00, 0x00, 0x00, 0x00, 0x00, 0x00, 0x00, 0x00, 0x00, 0x00,
  0x00, 0x00, 0x00, 0x00, 0x00, 0x00, 0x00, 0x00, 0x00, 0x00, 0x93, 0x6d, 0xe8, 0xc4, 0xe8, 0xe4, 0xe8, 0xe4, 0xe8, 0xe4, 0xe8, 0xe4, 0xe8, 0xe4, 0xe8, 0xe4, 0xe8, 0xe4, 0xe8, 0xe4, 0xe8, 0xe4,
  0xe8, 0xe4, 0xe8, 0xe4, 0xe8, 0xe4, 0xe8, 0xe4, 0xe8, 0xa3, 0xea, 0x08, 0x00, 0x00, 0x00, 0x00, 0x00, 0x00, 0x00, 0x00, 0x00, 0x00, 0x00, 0x00, 0x00, 0x00, 0x00, 0x00, 0x00, 0x00, 0x00, 0x00,
  0x00, 0x00, 0x00, 0x00, 0x00, 0x00, 0x00, 0x00, 0x00, 0x00, 0x00, 0x00, 0x00, 0x00, 0x00, 0x00, 0x00, 0x00, 0x00, 0x00, 0x00, 0x00, 0x00, 0x00, 0x00, 0x00, 0x00, 0x00, 0x00, 0x00, 0x00, 0x00,
  0x00, 0x00, 0x00, 0x00, 0x00, 0x00, 0x00, 0x00, 0x00, 0x00, 0x00, 0x00, 0x00, 0x00, 0x00, 0x00, 0x00, 0x00, 0x00, 0x00, 0x00, 0x00, 0x00, 0x00, 0x00, 0x00, 0x00, 0x00, 0x00, 0x00, 0x00, 0x00,
  0x00, 0x00, 0x00, 0x00, 0x00, 0x00, 0x00, 0x00, 0x00, 0x00, 0x00, 0x00, 0x00, 0x00, 0x00, 0x00, 0x00, 0x00, 0x00, 0x00, 0x00, 0x00, 0x00, 0x00, 0x00, 0x00, 0x00, 0x00, 0x00, 0x00, 0x00, 0x00,
  0x00, 0x00, 0x00, 0x00, 0x00, 0x00, 0x00, 0x00, 0x00, 0x00, 0x00, 0x00, 0x00, 0x00, 0x00, 0x00, 0x00, 0x00, 0x00, 0x00, 0x00, 0x00, 0x00, 0x00, 0x00, 0x00, 0x00, 0x00, 0x00, 0x00, 0x00, 0x00,
  0x00, 0x00, 0x00, 0x00, 0x00, 0x00, 0x00, 0x00, 0x00, 0x00, 0x00, 0x00, 0x00, 0x00, 0x00, 0x00, 0x00, 0x00, 0x00, 0x00, 0x00, 0x00, 0x00, 0x00, 0x00, 0x00, 0x00, 0x00, 0x00, 0x00, 0x00, 0x00,
  0x00, 0x00, 0x00, 0x00, 0x00, 0x00, 0x00, 0x00, 0x00, 0x00, 0x00, 0x00, 0x00, 0x00, 0x00, 0x00, 0x00, 0x00, 0x00, 0x00, 0x00, 0x00, 0x00, 0x00, 0x00, 0x00, 0x00, 0x00, 0x00, 0x00, 0x00, 0x00,
  0x00, 0x00, 0x00, 0x00, 0x00, 0x00, 0x00, 0x00, 0x00, 0x00, 0x00, 0x00, 0x00, 0x00, 0x00, 0x00, 0x00, 0x00, 0x00, 0x00, 0x00, 0x00, 0x00, 0x00, 0x00, 0x00, 0x00, 0x00, 0x00, 0x00, 0x00, 0x00,
  0x00, 0x00, 0x00, 0x00, 0x00, 0x00, 0x00, 0x00, 0x00, 0x00, 0x00, 0x00, 0x00, 0x00, 0x00, 0x00, 0x00, 0x00, 0x00, 0x00, 0x00, 0x00, 0x00, 0x00, 0x00, 0x00, 0x00, 0x00, 0x00, 0x00, 0x00, 0x00,
  0x00, 0x00, 0x00, 0x00, 0x00, 0x00, 0x00, 0x00, 0x00, 0x00, 0x00, 0x00, 0x00, 0x00, 0x00, 0x00, 0x00, 0x00, 0x00, 0x00, 0x00, 0x00, 0x00, 0x00, 0x00, 0x00, 0x00, 0x00, 0x00, 0x00, 0x00, 0x00,
  0x00, 0x00, 0x00, 0x00, 0x00, 0x00, 0x00, 0x00, 0x00, 0x00, 0x00, 0x00, 0x00, 0x00, 0x00, 0x00, 0x00, 0x00, 0x00, 0x00, 0x00, 0x00, 0x00, 0x00, 0x00, 0x00, 0x00, 0x00, 0x00, 0x00, 0x00, 0x00,
  0x00, 0x00, 0x00, 0x00, 0x00, 0x00, 0x00, 0x00, 0x00, 0x00, 0x00, 0x00, 0x00, 0x00, 0x00, 0x00, 0x00, 0x00, 0x00, 0x00, 0x00, 0x00, 0x00, 0x00, 0x00, 0x00, 0x00, 0x00, 0x00, 0x00, 0x00, 0x00,
  0x00, 0x00, 0x00, 0x00, 0x00, 0x00, 0x00, 0x00, 0x00, 0x00, 0x00, 0x00, 0x00, 0x00, 0x00, 0x00, 0x00, 0x00, 0x00, 0x00, 0x00, 0x00, 0x00, 0x00, 0x00, 0x00, 0x00, 0x00, 0x00, 0x00, 0x00, 0x00,
  0x00, 0x00, 0x00, 0x00, 0x00, 0x00, 0x00, 0x00, 0x00, 0x00, 0x00, 0x00, 0x00, 0x00, 0x00, 0x00, 0x00, 0x00, 0x00, 0x00, 0x00, 0x00, 0x00, 0x00, 0x00, 0x00, 0x00, 0x00, 0x00, 0x00, 0x00, 0x00,
  0x00, 0x00, 0x00, 0x00, 0x00, 0x00, 0x00, 0x00, 0x00, 0x00, 0x00, 0x00, 0x00, 0x00, 0x00, 0x00, 0x00, 0x00, 0x00, 0x00, 0x00, 0x00, 0x00, 0x00, 0x00, 0x00, 0x00, 0x00, 0x00, 0x00, 0x00, 0x00,
  0x00, 0x00, 0x00, 0x00, 0x00, 0x00, 0x00, 0x00, 0x00, 0x00, 0x00, 0x00, 0x00, 0x00, 0x00, 0x00, 0x00, 0x00, 0x00, 0x00, 0x00, 0x00, 0x00, 0x00, 0x00, 0x00, 0x00, 0x00, 0x00, 0x00, 0x00, 0x00,
  0x00, 0x00, 0x00, 0x00, 0x00, 0x00, 0x00, 0x00, 0x00, 0x00, 0x00, 0x00, 0x00, 0x00, 0x00, 0x00, 0x00, 0x00, 0x00, 0x00, 0x00, 0x00, 0x00, 0x00, 0x00, 0x00, 0x00, 0x00, 0x00, 0x00, 0x00, 0x00,
  0x00, 0x00, 0x00, 0x00, 0x00, 0x00, 0x00, 0x00, 0x00, 0x00, 0x00, 0x00, 0x00, 0x00, 0x00, 0x00, 0x00, 0x00, 0x00, 0x00, 0x00, 0x00, 0x00, 0x00, 0x00, 0x00, 0x00, 0x00, 0x00, 0x00, 0x00, 0x00,
  0x00, 0x00, 0x00, 0x00, 0xb3, 0xcf, 0xe8, 0xa3, 0xe8, 0xe4, 0xe8, 0xe4, 0xe8, 0xe4, 0xe8, 0xe4, 0xe8, 0xe4, 0xe8, 0xe4, 0xe8, 0xe4, 0xe8, 0xe4, 0xe8, 0xe4, 0xe8, 0xe4, 0xe8, 0xe4, 0xe8, 0xe4,
  0xe8, 0xe4, 0xe8, 0x83, 0xf3, 0x0c, 0x00, 0x00, 0x00, 0x00, 0x00, 0x00, 0x00, 0x00, 0x00, 0x00, 0x00, 0x00, 0x00, 0x00, 0x00, 0x00, 0x00, 0x00, 0x00, 0x00, 0x00, 0x00, 0x00, 0x00, 0x00, 0x00,
  0x00, 0x00, 0x00, 0x00, 0x00, 0x00, 0x00, 0x00, 0x00, 0x00, 0x00, 0x00, 0x00, 0x00, 0x00, 0x00, 0x00, 0x00, 0xf2, 0xab, 0xe8, 0x83, 0xe8, 0xe4, 0xe8, 0xe4, 0xe8, 0xe4, 0xe8, 0xe4, 0xe8, 0xe4,
  0xe8, 0xe4, 0xe8, 0xe4, 0xe8, 0xe4, 0xe8, 0xe4, 0xe8, 0xe4, 0xe8, 0xe4, 0xe8, 0xe4, 0xe8, 0xe4, 0xe8, 0xa3, 0xcc, 0x30, 0x00, 0x00, 0x00, 0x00, 0x00, 0x00, 0x00, 0x00, 0x00, 0x00, 0x00, 0x00,
  0x00, 0x00, 0x00, 0x00, 0x00, 0x00, 0x00, 0x00, 0x00, 0x00, 0x00, 0x00, 0x00, 0x00, 0x00, 0x00, 0x00, 0x00, 0x00, 0x00, 0x00, 0x00, 0x00, 0x00, 0x00, 0x00, 0x00, 0x00, 0x00, 0x00, 0x00, 0x00,
  0x00, 0x00, 0x00, 0x00, 0x00, 0x00, 0x00, 0x00, 0x00, 0x00, 0x00, 0x00, 0x00, 0x00, 0x00, 0x00, 0x00, 0x00, 0x00, 0x00, 0x00, 0x00, 0x00, 0x00, 0x00, 0x00, 0x00, 0x00, 0x00, 0x00, 0x00, 0x00,
  0x00, 0x00, 0x00, 0x00, 0x00, 0x00, 0x00, 0x00, 0x00, 0x00, 0x00, 0x00, 0x00, 0x00, 0x00, 0x00, 0x00, 0x00, 0x00, 0x00, 0x00, 0x00, 0x00, 0x00, 0x00, 0x00, 0x00, 0x00, 0x00, 0x00, 0x00, 0x00,
  0x00, 0x00, 0x00, 0x00, 0x00, 0x00, 0x00, 0x00, 0x00, 0x00, 0x00, 0x00, 0x00, 0x00, 0x00, 0x00, 0x00, 0x00, 0x00, 0x00, 0x00, 0x00, 0x00, 0x00, 0x00, 0x00, 0x00, 0x00, 0x00, 0x00, 0x00, 0x00,
  0x00, 0x00, 0x00, 0x00, 0x00, 0x00, 0x00, 0x00, 0x00, 0x00, 0x00, 0x00, 0x00, 0x00, 0x00, 0x00, 0x00, 0x00, 0x00, 0x00, 0x00, 0x00, 0x00, 0x00, 0x00, 0x00, 0x00, 0x00, 0x00, 0x00, 0x00, 0x00,
  0x00, 0x00, 0x00, 0x00, 0x00, 0x00, 0x00, 0x00, 0x00, 0x00, 0x00, 0x00, 0x00, 0x00, 0x00, 0x00, 0x00, 0x00, 0x00, 0x00, 0x00, 0x00, 0x00, 0x00, 0x00, 0x00, 0x00, 0x00, 0x00, 0x00, 0x00, 0x00,
  0x00, 0x00, 0x00, 0x00, 0x00, 0x00, 0x00, 0x00, 0x00, 0x00, 0x00, 0x00, 0x00, 0x00, 0x00, 0x00, 0x00, 0x00, 0x00, 0x00, 0x00, 0x00, 0x00, 0x00, 0x00, 0x00, 0x00, 0x00, 0x00, 0x00, 0x00, 0x00,
  0x00, 0x00, 0x00, 0x00, 0x00, 0x00, 0x00, 0x00, 0x00, 0x00, 0x00, 0x00, 0x00, 0x00, 0x00, 0x00, 0x00, 0x00, 0x00, 0x00, 0x00, 0x00, 0x00, 0x00, 0x00, 0x00, 0x00, 0x00, 0x00, 0x00, 0x00, 0x00,
  0x00, 0x00, 0x00, 0x00, 0x00, 0x00, 0x00, 0x00, 0x00, 0x00, 0x00, 0x00, 0x00, 0x00, 0x00, 0x00, 0x00, 0x00, 0x00, 0x00, 0x00, 0x00, 0x00, 0x00, 0x00, 0x00, 0x00, 0x00, 0x00, 0x00, 0x00, 0x00,
  0x00, 0x00, 0x00, 0x00, 0x00, 0x00, 0x00, 0x00, 0x00, 0x00, 0x00, 0x00, 0x00, 0x00, 0x00, 0x00, 0x00, 0x00, 0x00, 0x00, 0x00, 0x00, 0x00, 0x00, 0x00, 0x00, 0x00, 0x00, 0x00, 0x00, 0x00, 0x00,
  0x00, 0x00, 0x00, 0x00, 0x00, 0x00, 0x00, 0x00, 0x00, 0x00, 0x00, 0x00, 0x00, 0x00, 0x00, 0x00, 0x00, 0x00, 0x00, 0x00, 0x00, 0x00, 0x00, 0x00, 0x00, 0x00, 0x00, 0x00, 0x00, 0x00, 0x00, 0x00,
  0x00, 0x00, 0x00, 0x00, 0x00, 0x00, 0x00, 0x00, 0x00, 0x00, 0x00, 0x00, 0x00, 0x00, 0x00, 0x00, 0x00, 0x00, 0x00, 0x00, 0x00, 0x00, 0x00, 0x00, 0x00, 0x00, 0x00, 0x00, 0x00, 0x00, 0x00, 0x00,
  0x00, 0x00, 0x00, 0x00, 0x00, 0x00, 0x00, 0x00, 0x00, 0x00, 0x00, 0x00, 0x00, 0x00, 0x00, 0x00, 0x00, 0x00, 0x00, 0x00, 0x00, 0x00, 0x00, 0x00, 0x00, 0x00, 0x00, 0x00, 0x00, 0x00, 0x00, 0x00,
  0x00, 0x00, 0x00, 0x00, 0x00, 0x00, 0x00, 0x00, 0x00, 0x00, 0x00, 0x00, 0x00, 0x00, 0x00, 0x00, 0x00, 0x00, 0x00, 0x00, 0x00, 0x00, 0x00, 0x00, 0x00, 0x00, 0x00, 0x00, 0x00, 0x00, 0x00, 0x00,
  0x00, 0x00, 0x00, 0x00, 0x00, 0x00, 0x00, 0x00, 0x00, 0x00, 0x00, 0x00, 0x00, 0x00, 0x00, 0x00, 0x00, 0x00, 0x00, 0x00, 0x00, 0x00, 0x00, 0x00, 0x00, 0x00, 0x00, 0x00, 0x00, 0x00, 0x00, 0x00,
  0x00, 0x00, 0x00, 0x00, 0x00, 0x00, 0x00, 0x00, 0x00, 0x00, 0x00, 0x00, 0x00, 0x00, 0x00, 0x00, 0x00, 0x00, 0x00, 0x00, 0x00, 0x00, 0x00, 0x00, 0x00, 0x00, 0x00, 0x00, 0x00, 0x00, 0x00, 0x00,
  0x00, 0x00, 0x00, 0x00, 0x00, 0x00, 0x00, 0x00, 0x00, 0x00, 0x00, 0x00, 0x00, 0x00, 0x00, 0x00, 0x00, 0x00, 0x00, 0x00, 0x00, 0x00, 0x00, 0x00, 0x00, 0x00, 0x00, 0x00, 0x00, 0x00, 0x00, 0x00,
  0x00, 0x00, 0x00, 0x00, 0x00, 0x00, 0x00, 0x00, 0x00, 0x00, 0x00, 0x00, 0xea, 0x4a, 0xe8, 0xa3, 0xe8, 0xe4, 0xe8, 0xe4, 0xe8, 0xe4, 0xe8, 0xe4, 0xe8, 0xe4, 0xe8, 0xe4, 0xe8, 0xe4, 0xe8, 0xe4,
  0xe8, 0xe4, 0xe8, 0xe4, 0xe8, 0xe4, 0xe8, 0xe4, 0xe8, 0xc4, 0xe9, 0x04, 0x6a, 0x8a, 0x00, 0x00, 0x00, 0x00, 0x00, 0x00, 0x00, 0x00, 0x00, 0x00, 0x00, 0x00, 0x00, 0x00, 0x00, 0x00, 0x00, 0x00,
  0x00, 0x00, 0x00, 0x00, 0x00, 0x00, 0x00, 0x00, 0x00, 0x00, 0x00, 0x00, 0x00, 0x00, 0x00, 0x00, 0x00, 0x00, 0x00, 0x00, 0x00, 0x00, 0x00, 0x00, 0x9b, 0x8e, 0xe8, 0xc4, 0xe8, 0xe4, 0xe8, 0xe4,
  0xe8, 0xe4, 0xe8, 0xe4, 0xe8, 0xe4, 0xe8, 0xe4, 0xe8, 0xe4, 0xe8, 0xe4, 0xe8, 0xe4, 0xe8, 0xe4, 0xe8, 0xe4, 0xe8, 0xe4, 0xe8, 0xe4, 0xe8, 0xa3, 0xf2, 0x49, 0x00, 0x00, 0x00, 0x00, 0x00, 0x00,
  0x00, 0x00, 0x00, 0x00, 0x00, 0x00, 0x00, 0x00, 0x00, 0x00, 0x00, 0x00, 0x00, 0x00, 0x00, 0x00, 0x00, 0x00, 0x00, 0x00, 0x00, 0x00, 0x00, 0x00, 0x00, 0x00, 0x00, 0x00, 0x00, 0x00, 0x00, 0x00,
  0x00, 0x00, 0x00, 0x00, 0x00, 0x00, 0x00, 0x00, 0x00, 0x00, 0x00, 0x00, 0x00, 0x00, 0x00, 0x00, 0x00, 0x00, 0x00, 0x00, 0x00, 0x00, 0x00, 0x00, 0x00, 0x00, 0x00, 0x00, 0x00, 0x00, 0x00, 0x00,
  0x00, 0x00, 0x00, 0x00, 0x00, 0x00, 0x00, 0x00, 0x00, 0x00, 0x00, 0x00, 0x00, 0x00, 0x00, 0x00, 0x00, 0x00, 0x00, 0x00, 0x00, 0x00, 0x00, 0x00, 0x00, 0x00, 0x00, 0x00, 0x00, 0x00, 0x00, 0x00,
  0x00, 0x00, 0x00, 0x00, 0x00, 0x00, 0x00, 0x00, 0x00, 0x00, 0x00, 0x00, 0x00, 0x00, 0x00, 0x00, 0x00, 0x00, 0x00, 0x00, 0x00, 0x00, 0x00, 0x00, 0x00, 0x00, 0x00, 0x00, 0x00, 0x00, 0x00, 0x00,
  0x00, 0x00, 0x00, 0x00, 0x00, 0x00, 0x00, 0x00, 0x00, 0x00, 0x00, 0x00, 0x00, 0x00, 0x00, 0x00, 0x00, 0x00, 0x00, 0x00, 0x00, 0x00, 0x00, 0x00, 0x00, 0x00, 0x00, 0x00, 0x00, 0x00, 0x00, 0x00,
  0x00, 0x00, 0x00, 0x00, 0x00, 0x00, 0x00, 0x00, 0x00, 0x00, 0x00, 0x00, 0x00, 0x00, 0x00, 0x00, 0x00, 0x00, 0x00, 0x00, 0x00, 0x00, 0x00, 0x00, 0x00, 0x00, 0x00, 0x00, 0x00, 0x00, 0x00, 0x00,
  0x00, 0x00, 0x00, 0x00, 0x00, 0x00, 0x00, 0x00, 0x00, 0x00, 0x00, 0x00, 0x00, 0x00, 0x00, 0x00, 0x00, 0x00, 0x00, 0x00, 0x00, 0x00, 0x00, 0x00, 0x00, 0x00, 0x00, 0x00, 0x00, 0x00, 0x00, 0x00,
  0x00, 0x00, 0x00, 0x00, 0x00, 0x00, 0x00, 0x00, 0x00, 0x00, 0x00, 0x00, 0x00, 0x00, 0x00, 0x00, 0x00, 0x00, 0x00, 0x00, 0x00, 0x00, 0x00, 0x00, 0x00, 0x00, 0x00, 0x00, 0x00, 0x00, 0x00, 0x00,
  0x00, 0x00, 0x00, 0x00, 0x00, 0x00, 0x00, 0x00, 0x00, 0x00, 0x00, 0x00, 0x00, 0x00, 0x00, 0x00, 0x00, 0x00, 0x00, 0x00, 0x00, 0x00, 0x00, 0x00, 0x00, 0x00, 0x00, 0x00, 0x00, 0x00, 0x00, 0x00,
  0x00, 0x00, 0x00, 0x00, 0x00, 0x00, 0x00, 0x00, 0x00, 0x00, 0x00, 0x00, 0x00, 0x00, 0x00, 0x00, 0x00, 0x00, 0x00, 0x00, 0x00, 0x00, 0x00, 0x00, 0x00, 0x00, 0x00, 0x00, 0x00, 0x00, 0x00, 0x00,
  0x00, 0x00, 0x00, 0x00, 0x00, 0x00, 0x00, 0x00, 0x00, 0x00, 0x00, 0x00, 0x00, 0x00, 0x00, 0x00, 0x00, 0x00, 0x00, 0x00, 0x00, 0x00, 0x00, 0x00, 0x00, 0x00, 0x00, 0x00, 0x00, 0x00, 0x00, 0x00,
  0x00, 0x00, 0x00, 0x00, 0x00, 0x00, 0x00, 0x00, 0x00, 0x00, 0x00, 0x00, 0x00, 0x00, 0x00, 0x00, 0x00, 0x00, 0x00, 0x00, 0x00, 0x00, 0x00, 0x00, 0x00, 0x00, 0x00, 0x00, 0x00, 0x00, 0x00, 0x00,
  0x00, 0x00, 0x00, 0x00, 0x00, 0x00, 0x00, 0x00, 0x00, 0x00, 0x00, 0x00, 0x00, 0x00, 0x00, 0x00, 0x00, 0x00, 0x00, 0x00, 0x00, 0x00, 0x00, 0x00, 0x00, 0x00, 0x00, 0x00, 0x00, 0x00, 0x00, 0x00,
  0x00, 0x00, 0x00, 0x00, 0x00, 0x00, 0x00, 0x00, 0x00, 0x00, 0x00, 0x00, 0x00, 0x00, 0x00, 0x00, 0x00, 0x00, 0x00, 0x00, 0x00, 0x00, 0x00, 0x00, 0x00, 0x00, 0x00, 0x00, 0x00, 0x00, 0x00, 0x00,
  0x00, 0x00, 0x00, 0x00, 0x00, 0x00, 0x00, 0x00, 0x00, 0x00, 0x00, 0x00, 0x00, 0x00, 0x00, 0x00, 0x00, 0x00, 0x00, 0x00, 0x00, 0x00, 0x00, 0x00, 0x00, 0x00, 0x00, 0x00, 0x00, 0x00, 0x00, 0x00,
  0x00, 0x00, 0x00, 0x00, 0x00, 0x00, 0x00, 0x00, 0x00, 0x00, 0x00, 0x00, 0x00, 0x00, 0x00, 0x00, 0x00, 0x00, 0x00, 0x00, 0x00, 0x00, 0x00, 0x00, 0x00, 0x00, 0x00, 0x00, 0x00, 0x00, 0x00, 0x00,
  0x00, 0x00, 0x00, 0x00, 0x00, 0x00, 0x00, 0x00, 0x00, 0x00, 0x00, 0x00, 0x00, 0x00, 0x00, 0x00, 0x00, 0x00, 0x00, 0x00, 0x00, 0x00, 0x00, 0x00, 0x00, 0x00, 0x00, 0x00, 0x00, 0x00, 0x00, 0x00,
  0x00, 0x00, 0x00, 0x00, 0x00, 0x00, 0x00, 0x00, 0x00, 0x00, 0x00, 0x00, 0x00, 0x00, 0x00, 0x00, 0x00, 0x00, 0xbb, 0xf0, 0xe8, 0xa3, 0xe8, 0xe4, 0xe8, 0xe4, 0xe8, 0xe4, 0xe8, 0xe4, 0xe8, 0xe4,
  0xe8, 0xe4, 0xe8, 0xe4, 0xe8, 0xe4, 0xe8, 0xe4, 0xe8, 0xe4, 0xe8, 0xe4, 0xe8, 0xe4, 0xe8, 0xe4, 0xe8, 0x83, 0xf3, 0x2d, 0x00, 0x00, 0x00, 0x00, 0x00, 0x00, 0x00, 0x00, 0x00, 0x00, 0x00, 0x00,
  0x00, 0x00, 0x00, 0x00, 0x00, 0x00, 0x00, 0x00, 0x00, 0x00, 0x00, 0x00, 0x00, 0x00, 0x00, 0x00, 0x00, 0x00, 0x00, 0x00, 0x00, 0x00, 0x00, 0x00, 0x00, 0x00, 0x00, 0x00, 0x00, 0x00, 0x00, 0x00,
  0xf2, 0x8a, 0xe8, 0x83, 0xe8, 0xe4, 0xe8, 0xe4, 0xe8, 0xe4, 0xe8, 0xe4, 0xe8, 0xe4, 0xe8, 0xe4, 0xe8, 0xe4, 0xe8, 0xe4, 0xe8, 0xe4, 0xe8, 0xe4, 0xe8, 0xe4, 0xe8, 0xe4, 0xe8, 0xe4, 0xe8, 0xa3,
  0xb3, 0xef, 0x00, 0x00, 0x00, 0x00, 0x00, 0x00, 0x00, 0x00, 0x00, 0x00, 0x00, 0x00, 0x00, 0x00, 0x00, 0x00, 0x00, 0x00, 0x00, 0x00, 0x00, 0x00, 0x00, 0x00, 0x00, 0x00, 0x00, 0x00, 0x00, 0x00,
  0x00, 0x00, 0x00, 0x00, 0x00, 0x00, 0x00, 0x00, 0x00, 0x00, 0x00, 0x00, 0x00, 0x00, 0x00, 0x00, 0x00, 0x00, 0x00, 0x00, 0x00, 0x00, 0x00, 0x00, 0x00, 0x00, 0x00, 0x00, 0x00, 0x00, 0x00, 0x00,
  0x00, 0x00, 0x00, 0x00, 0x00, 0x00, 0x00, 0x00, 0x00, 0x00, 0x00, 0x00, 0x00, 0x00, 0x00, 0x00, 0x00, 0x00, 0x00, 0x00, 0x00, 0x00, 0x00, 0x00, 0x00, 0x00, 0x00, 0x00, 0x00, 0x00, 0x00, 0x00,
  0x00, 0x00, 0x00, 0x00, 0x00, 0x00, 0x00, 0x00, 0x00, 0x00, 0x00, 0x00, 0x00, 0x00, 0x00, 0x00, 0x00, 0x00, 0x00, 0x00, 0x00, 0x00, 0x00, 0x00, 0x00, 0x00, 0x00, 0x00, 0x00, 0x00, 0x00, 0x00,
  0x00, 0x00, 0x00, 0x00, 0x00, 0x00, 0x00, 0x00, 0x00, 0x00, 0x00, 0x00, 0x00, 0x00, 0x00, 0x00, 0x00, 0x00, 0x00, 0x00, 0x00, 0x00, 0x00, 0x00, 0x00, 0x00, 0x00, 0x00, 0x00, 0x00, 0x00, 0x00,
  0x00, 0x00, 0x00, 0x00, 0x00, 0x00, 0x00, 0x00, 0x00, 0x00, 0x00, 0x00, 0x00, 0x00, 0x00, 0x00, 0x00, 0x00, 0x00, 0x00, 0x00, 0x00, 0x00, 0x00, 0x00, 0x00, 0x00, 0x00, 0x00, 0x00, 0x00, 0x00,
  0x00, 0x00, 0x00, 0x00, 0x00, 0x00, 0x00, 0x00, 0x00, 0x00, 0x00, 0x00, 0x00, 0x00, 0x00, 0x00, 0x00, 0x00, 0x00, 0x00, 0x00, 0x00, 0x00, 0x00, 0x00, 0x00, 0x00, 0x00, 0x00, 0x00, 0x00, 0x00,
  0x00, 0x00, 0x00, 0x00, 0x00, 0x00, 0x00, 0x00, 0x00, 0x00, 0x00, 0x00, 0x00, 0x00, 0x00, 0x00, 0x00, 0x00, 0x00, 0x00, 0x00, 0x00, 0x00, 0x00, 0x00, 0x00, 0x00, 0x00, 0x00, 0x00, 0x00, 0x00,
  0x00, 0x00, 0x00, 0x00, 0x00, 0x00, 0x00, 0x00, 0x00, 0x00, 0x00, 0x00, 0x00, 0x00, 0x00, 0x00, 0x00, 0x00, 0x00, 0x00, 0x00, 0x00, 0x00, 0x00, 0x00, 0x00, 0x00, 0x00, 0x00, 0x00, 0x00, 0x00,
  0x00, 0x00, 0x00, 0x00, 0x00, 0x00, 0x00, 0x00, 0x00, 0x00, 0x00, 0x00, 0x00, 0x00, 0x00, 0x00, 0x00, 0x00, 0x00, 0x00, 0x00, 0x00, 0x00, 0x00, 0x00, 0x00, 0x00, 0x00, 0x00, 0x00, 0x00, 0x00,
  0x00, 0x00, 0x00, 0x00, 0x00, 0x00, 0x00, 0x00, 0x00, 0x00, 0x00, 0x00, 0x00, 0x00, 0x00, 0x00, 0x00, 0x00, 0x00, 0x00, 0x00, 0x00, 0x00, 0x00, 0x00, 0x00, 0x00, 0x00, 0x00, 0x00, 0x00, 0x00,
  0x00, 0x00, 0x00, 0x00, 0x00, 0x00, 0x00, 0x00, 0x00, 0x00, 0x00, 0x00, 0x00, 0x00, 0x00, 0x00, 0x00, 0x00, 0x00, 0x00, 0x00, 0x00, 0x00, 0x00, 0x00, 0x00, 0x00, 0x00, 0x00, 0x00, 0x00, 0x00,
  0x00, 0x00, 0x00, 0x00, 0x00, 0x00, 0x00, 0x00, 0x00, 0x00, 0x00, 0x00, 0x00, 0x00, 0x00, 0x00, 0x00, 0x00, 0x00, 0x00, 0x00, 0x00, 0x00, 0x00, 0x00, 0x00, 0x00, 0x00, 0x00, 0x00, 0x00, 0x00,
  0x00, 0x00, 0x00, 0x00, 0x00, 0x00, 0x00, 0x00, 0x00, 0x00, 0x00, 0x00, 0x00, 0x00, 0x00, 0x00, 0x00, 0x00, 0x00, 0x00, 0x00, 0x00, 0x00, 0x00, 0x00, 0x00, 0x00, 0x00, 0x00, 0x00, 0x00, 0x00,
  0x00, 0x00, 0x00, 0x00, 0x00, 0x00, 0x00, 0x00, 0x00, 0x00, 0x00, 0x00, 0x00, 0x00, 0x00, 0x00, 0x00, 0x00, 0x00, 0x00, 0x00, 0x00, 0x00, 0x00, 0x00, 0x00, 0x00, 0x00, 0x00, 0x00, 0x00, 0x00,
  0x00, 0x00, 0x00, 0x00, 0x00, 0x00, 0x00, 0x00, 0x00, 0x00, 0x00, 0x00, 0x00, 0x00, 0x00, 0x00, 0x00, 0x00, 0x00, 0x00, 0x00, 0x00, 0x00, 0x00, 0x00, 0x00, 0x00, 0x00, 0x00, 0x00, 0x00, 0x00,
  0x00, 0x00, 0x00, 0x00, 0x00, 0x00, 0x00, 0x00, 0x00, 0x00, 0x00, 0x00, 0x00, 0x00, 0x00, 0x00, 0x00, 0x00, 0x00, 0x00, 0x00, 0x00, 0x00, 0x00, 0x00, 0x00, 0x00, 0x00, 0x00, 0x00, 0x00, 0x00,
  0x00, 0x00, 0x00, 0x00, 0x00, 0x00, 0x00, 0x00, 0x00, 0x00, 0x00, 0x00, 0x00, 0x00, 0x00, 0x00, 0x00, 0x00, 0x00, 0x00, 0x00, 0x00, 0x00, 0x00, 0x00, 0x00, 0xea, 0x29, 0xe8, 0xa3, 0xe8, 0xe4,
  0xe8, 0xe4, 0xe8, 0xe4, 0xe8, 0xe4, 0xe8, 0xe4, 0xe8, 0xe4, 0xe8, 0xe4, 0xe8, 0xe4, 0xe8, 0xe4, 0xe8, 0xe4, 0xe8, 0xe4, 0xe8, 0xe4, 0xe8, 0xc4, 0xe9, 0x05, 0x52, 0x28, 0x00, 0x00, 0x00, 0x00,
  0x00, 0x00, 0x00, 0x00, 0x00, 0x00, 0x00, 0x00, 0x00, 0x00, 0x00, 0x00, 0x00, 0x00, 0x00, 0x00, 0x00, 0x00, 0x00, 0x00, 0x00, 0x00, 0x00, 0x00, 0x00, 0x00, 0x00, 0x00, 0x00, 0x00, 0x00, 0x00,
  0x00, 0x00, 0x00, 0x00, 0x00, 0x00, 0xa3, 0x8e, 0xe8, 0xc4, 0xe8, 0xe4, 0xe8, 0xe4, 0xe8, 0xe4, 0xe8, 0xe4, 0xe8, 0xe4, 0xe8, 0xe4, 0xe8, 0xe4, 0xe8, 0xe4, 0xe8, 0xe4, 0xe8, 0xe4, 0xe8, 0xe4,
  0xe8, 0xe4, 0xe8, 0xe4, 0xe8, 0xa3, 0xf2, 0x6a, 0x00, 0x00, 0x00, 0x00, 0x00, 0x00, 0x00, 0x00, 0x00, 0x00, 0x00, 0x00, 0x00, 0x00, 0x00, 0x00, 0x00, 0x00, 0x00, 0x00, 0x00, 0x00, 0x00, 0x00,
  0x00, 0x00, 0x00, 0x00, 0x00, 0x00, 0x00, 0x00, 0x00, 0x00, 0x00, 0x00, 0x00, 0x00, 0x00, 0x00, 0x00, 0x00, 0x00, 0x00, 0x00, 0x00, 0x00, 0x00, 0x00, 0x00, 0x00, 0x00, 0x00, 0x00, 0x00, 0x00,
  0x00, 0x00, 0x00, 0x00, 0x00, 0x00, 0x00, 0x00, 0x00, 0x00, 0x00, 0x00, 0x00, 0x00, 0x00, 0x00, 0x00, 0x00, 0x00, 0x00, 0x00, 0x00, 0x00, 0x00, 0x00, 0x00, 0x00, 0x00, 0x00, 0x00, 0x00, 0x00,
  0x00, 0x00, 0x00, 0x00, 0x00, 0x00, 0x00, 0x00, 0x00, 0x00, 0x00, 0x00, 0x00, 0x00, 0x00, 0x00, 0x00, 0x00, 0x00, 0x00, 0x00, 0x00, 0x00, 0x00, 0x00, 0x00, 0x00, 0x00, 0x00, 0x00, 0x00, 0x00,
  0x00, 0x00, 0x00, 0x00, 0x00, 0x00, 0x00, 0x00, 0x00, 0x00, 0x00, 0x00, 0x00, 0x00, 0x00, 0x00, 0x00, 0x00, 0x00, 0x00, 0x00, 0x00, 0x00, 0x00, 0x00, 0x00, 0x00, 0x00, 0x00, 0x00, 0x00, 0x00,
  0x00, 0x00, 0x00, 0x00, 0x00, 0x00, 0x00, 0x00, 0x00, 0x00, 0x00, 0x00, 0x00, 0x00, 0x00, 0x00, 0x00, 0x00, 0x00, 0x00, 0x00, 0x00, 0x00, 0x00, 0x00, 0x00, 0x00, 0x00, 0x00, 0x00, 0x00, 0x00,
  0x00, 0x00, 0x00, 0x00, 0x00, 0x00, 0x00, 0x00, 0x00, 0x00, 0x00, 0x00, 0x00, 0x00, 0x00, 0x00, 0x00, 0x00, 0x00, 0x00, 0x00, 0x00, 0x00, 0x00, 0x00, 0x00, 0x00, 0x00, 0x00, 0x00, 0x00, 0x00,
  0x00, 0x00, 0x00, 0x00, 0x00, 0x00, 0x00, 0x00, 0x00, 0x00, 0x00, 0x00, 0x00, 0x00, 0x00, 0x00, 0x00, 0x00, 0x00, 0x00, 0x00, 0x00, 0x00, 0x00, 0x00, 0x00, 0x00, 0x00, 0x00, 0x00, 0x00, 0x00,
  0x00, 0x00, 0x00, 0x00, 0x00, 0x00, 0x00, 0x00, 0x00, 0x00, 0x00, 0x00, 0x00, 0x00, 0x00, 0x00, 0x00, 0x00, 0x00, 0x00, 0x00, 0x00, 0x00, 0x00, 0x00, 0x00, 0x00, 0x00, 0x00, 0x00, 0x00, 0x00,
  0x00, 0x00, 0x00, 0x00, 0x00, 0x00, 0x00, 0x00, 0x00, 0x00, 0x00, 0x00, 0x00, 0x00, 0x00, 0x00, 0x00, 0x00, 0x00, 0x00, 0x00, 0x00, 0x00, 0x00, 0x00, 0x00, 0x00, 0x00, 0x00, 0x00, 0x00, 0x00,
  0x00, 0x00, 0x00, 0x00, 0x00, 0x00, 0x00, 0x00, 0x00, 0x00, 0x00, 0x00, 0x00, 0x00, 0x00, 0x00, 0x00, 0x00, 0x00, 0x00, 0x00, 0x00, 0x00, 0x00, 0x00, 0x00, 0x00, 0x00, 0x00, 0x00, 0x00, 0x00,
  0x00, 0x00, 0x00, 0x00, 0x00, 0x00, 0x00, 0x00, 0x00, 0x00, 0x00, 0x00, 0x00, 0x00, 0x00, 0x00, 0x00, 0x00, 0x00, 0x00, 0x00, 0x00, 0x00, 0x00, 0x00, 0x00, 0x00, 0x00, 0x00, 0x00, 0x00, 0x00,
  0x00, 0x00, 0x00, 0x00, 0x00, 0x00, 0x00, 0x00, 0x00, 0x00, 0x00, 0x00, 0x00, 0x00, 0x00, 0x00, 0x00, 0x00, 0x00, 0x00, 0x00, 0x00, 0x00, 0x00, 0x00, 0x00, 0x00, 0x00, 0x00, 0x00, 0x00, 0x00,
  0x00, 0x00, 0x00, 0x00, 0x00, 0x00, 0x00, 0x00, 0x00, 0x00, 0x00, 0x00, 0x00, 0x00, 0x00, 0x00, 0x00, 0x00, 0x00, 0x00, 0x00, 0x00, 0x00, 0x00, 0x00, 0x00, 0x00, 0x00, 0x00, 0x00, 0x00, 0x00,
  0x00, 0x00, 0x00, 0x00, 0x00, 0x00, 0x00, 0x00, 0x00, 0x00, 0x00, 0x00, 0x00, 0x00, 0x00, 0x00, 0x00, 0x00, 0x00, 0x00, 0x00, 0x00, 0x00, 0x00, 0x00, 0x00, 0x00, 0x00, 0x00, 0x00, 0x00, 0x00,
  0x00, 0x00, 0x00, 0x00, 0x00, 0x00, 0x00, 0x00, 0x00, 0x00, 0x00, 0x00, 0x00, 0x00, 0x00, 0x00, 0x00, 0x00, 0x00, 0x00, 0x00, 0x00, 0x00, 0x00, 0x00, 0x00, 0x00, 0x00, 0x00, 0x00, 0x00, 0x00,
  0x00, 0x00, 0x00, 0x00, 0x00, 0x00, 0x00, 0x00, 0x00, 0x00, 0x00, 0x00, 0x00, 0x00, 0x00, 0x00, 0x00, 0x00, 0x00, 0x00, 0x00, 0x00, 0x00, 0x00, 0x00, 0x00, 0x00, 0x00, 0x00, 0x00, 0x00, 0x00,
  0x00, 0x00, 0x00, 0x00, 0x00, 0x00, 0x00, 0x00, 0x00, 0x00, 0x00, 0x00, 0x00, 0x00, 0x00, 0x00, 0x00, 0x00, 0x00, 0x00, 0x00, 0x00, 0x00, 0x00, 0x00, 0x00, 0x00, 0x00, 0x00, 0x00, 0x00, 0x00,
  0xcc, 0x30, 0xe8, 0xa3, 0xe8, 0xe4, 0xe8, 0xe4, 0xe8, 0xe4, 0xe8, 0xe4, 0xe8, 0xe4, 0xe8, 0xe4, 0xe8, 0xe4, 0xe8, 0xe4, 0xe8, 0xe4, 0xe8, 0xe4, 0xe8, 0xe4, 0xe8, 0xe4, 0xe8, 0xe4, 0xe8, 0x83,
  0xf3, 0x8e, 0x00, 0x00, 0x00, 0x00, 0x00, 0x00, 0x00, 0x00, 0x00, 0x00, 0x00, 0x00, 0x00, 0x00, 0x00, 0x00, 0x00, 0x00, 0x00, 0x00, 0x00, 0x00, 0x00, 0x00, 0x00, 0x00, 0x00, 0x00, 0x00, 0x00,
  0x00, 0x00, 0x00, 0x00, 0x00, 0x00, 0x00, 0x00, 0x00, 0x00, 0x00, 0x00, 0x00, 0x00, 0xf2, 0x6a, 0xe8, 0x83, 0xe8, 0xe4, 0xe8, 0xe4, 0xe8, 0xe4, 0xe8, 0xe4, 0xe8, 0xe4, 0xe8, 0xe4, 0xe8, 0xe4,
  0xe8, 0xe4, 0xe8, 0xe4, 0xe8, 0xe4, 0xe8, 0xe4, 0xe8, 0xe4, 0xe8, 0xe4, 0xe8, 0xc4, 0xa3, 0x8e, 0x00, 0x00, 0x00, 0x00, 0x00, 0x00, 0x00, 0x00, 0x00, 0x00, 0x00, 0x00, 0x00, 0x00, 0x00, 0x00,
  0x00, 0x00, 0x00, 0x00, 0x00, 0x00, 0x00, 0x00, 0x00, 0x00, 0x00, 0x00, 0x00, 0x00, 0x00, 0x00, 0x00, 0x00, 0x00, 0x00, 0x00, 0x00, 0x00, 0x00, 0x00, 0x00, 0x00, 0x00, 0x00, 0x00, 0x00, 0x00,
  0x00, 0x00, 0x00, 0x00, 0x00, 0x00, 0x00, 0x00, 0x00, 0x00, 0x00, 0x00, 0x00, 0x00, 0x00, 0x00, 0x00, 0x00, 0x00, 0x00, 0x00, 0x00, 0x00, 0x00, 0x00, 0x00, 0x00, 0x00, 0x00, 0x00, 0x00, 0x00,
  0x00, 0x00, 0x00, 0x00, 0x00, 0x00, 0x00, 0x00, 0x00, 0x00, 0x00, 0x00, 0x00, 0x00, 0x00, 0x00, 0x00, 0x00, 0x00, 0x00, 0x00, 0x00, 0x00, 0x00, 0x00, 0x00, 0x00, 0x00, 0x00, 0x00, 0x00, 0x00,
  0x00, 0x00, 0x00, 0x00, 0x00, 0x00, 0x00, 0x00, 0x00, 0x00, 0x00, 0x00, 0x00, 0x00, 0x00, 0x00, 0x00, 0x00, 0x00, 0x00, 0x00, 0x00, 0x00, 0x00, 0x00, 0x00, 0x00, 0x00, 0x00, 0x00, 0x00, 0x00,
  0x00, 0x00, 0x00, 0x00, 0x00, 0x00, 0x00, 0x00, 0x00, 0x00, 0x00, 0x00, 0x00, 0x00, 0x00, 0x00, 0x00, 0x00, 0x00, 0x00, 0x00, 0x00, 0x00, 0x00, 0x00, 0x00, 0x00, 0x00, 0x00, 0x00, 0x00, 0x00,
  0x00, 0x00, 0x00, 0x00, 0x00, 0x00, 0x00, 0x00, 0x00, 0x00, 0x00, 0x00, 0x00, 0x00, 0x00, 0x00, 0x00, 0x00, 0x00, 0x00, 0x00, 0x00, 0x00, 0x00, 0x00, 0x00, 0x00, 0x00, 0x00, 0x00, 0x00, 0x00,
  0x00, 0x00, 0x00, 0x00, 0x00, 0x00, 0x00, 0x00, 0x00, 0x00, 0x00, 0x00, 0x00, 0x00, 0x00, 0x00, 0x00, 0x00, 0x00, 0x00, 0x00, 0x00, 0x00, 0x00, 0x00, 0x00, 0x00, 0x00, 0x00, 0x00, 0x00, 0x00,
  0x00, 0x00, 0x00, 0x00, 0x00, 0x00, 0x00, 0x00, 0x00, 0x00, 0x00, 0x00, 0x00, 0x00, 0x00, 0x00, 0x00, 0x00, 0x00, 0x00, 0x00, 0x00, 0x00, 0x00, 0x00, 0x00, 0x00, 0x00, 0x00, 0x00, 0x00, 0x00,
  0x00, 0x00, 0x00, 0x00, 0x00, 0x00, 0x00, 0x00, 0x00, 0x00, 0x00, 0x00, 0x00, 0x00, 0x00, 0x00, 0x00, 0x00, 0x00, 0x00, 0x00, 0x00, 0x00, 0x00, 0x00, 0x00, 0x00, 0x00, 0x00, 0x00, 0x00, 0x00,
  0x00, 0x00, 0x00, 0x00, 0x00, 0x00, 0x00, 0x00, 0x00, 0x00, 0x00, 0x00, 0x00, 0x00, 0x00, 0x00, 0x00, 0x00, 0x00, 0x00, 0x00, 0x00, 0x00, 0x00, 0x00, 0x00, 0x00, 0x00, 0x00, 0x00, 0x00, 0x00,
  0x00, 0x00, 0x00, 0x00, 0x00, 0x00, 0x00, 0x00, 0x00, 0x00, 0x00, 0x00, 0x00, 0x00, 0x00, 0x00, 0x00, 0x00, 0x00, 0x00, 0x00, 0x00, 0x00, 0x00, 0x00, 0x00, 0x00, 0x00, 0x00, 0x00, 0x00, 0x00,
  0x00, 0x00, 0x00, 0x00, 0x00, 0x00, 0x00, 0x00, 0x00, 0x00, 0x00, 0x00, 0x00, 0x00, 0x00, 0x00, 0x00, 0x00, 0x00, 0x00, 0x00, 0x00, 0x00, 0x00, 0x00, 0x00, 0x00, 0x00, 0x00, 0x00, 0x00, 0x00,
  0x00, 0x00, 0x00, 0x00, 0x00, 0x00, 0x00, 0x00, 0x00, 0x00, 0x00, 0x00, 0x00, 0x00, 0x00, 0x00, 0x00, 0x00, 0x00, 0x00, 0x00, 0x00, 0x00, 0x00, 0x00, 0x00, 0x00, 0x00, 0x00, 0x00, 0x00, 0x00,
  0x00, 0x00, 0x00, 0x00, 0x00, 0x00, 0x00, 0x00, 0x00, 0x00, 0x00, 0x00, 0x00, 0x00, 0x00, 0x00, 0x00, 0x00, 0x00, 0x00, 0x00, 0x00, 0x00, 0x00, 0x00, 0x00, 0x00, 0x00, 0x00, 0x00, 0x00, 0x00,
  0x00, 0x00, 0x00, 0x00, 0x00, 0x00, 0x00, 0x00, 0x00, 0x00, 0x00, 0x00, 0x00, 0x00, 0x00, 0x00, 0x00, 0x00, 0x00, 0x00, 0x00, 0x00, 0x00, 0x00, 0x00, 0x00, 0x00, 0x00, 0x00, 0x00, 0x00, 0x00,
  0x00, 0x00, 0x00, 0x00, 0x00, 0x00, 0x00, 0x00, 0x00, 0x00, 0x00, 0x00, 0x00, 0x00, 0x00, 0x00, 0x00, 0x00, 0x00, 0x00, 0x00, 0x00, 0x00, 0x00, 0x00, 0x00, 0x00, 0x00, 0x00, 0x00, 0x00, 0x00,
  0x00, 0x00, 0x00, 0x00, 0x00, 0x00, 0x00, 0x00, 0x00, 0x00, 0x00, 0x00, 0x00, 0x00, 0x00, 0x00, 0x00, 0x00, 0x00, 0x00, 0x00, 0x00, 0x00, 0x00, 0x00, 0x00, 0x00, 0x00, 0x00, 0x00, 0x00, 0x00,
  0x00, 0x00, 0x00, 0x00, 0x00, 0x00, 0x00, 0x00, 0xea, 0x09, 0xe8, 0xa3, 0xe8, 0xe4, 0xe8, 0xe4, 0xe8, 0xe4, 0xe8, 0xe4, 0xe8, 0xe4, 0xe8, 0xe4, 0xe8, 0xe4, 0xe8, 0xe4, 0xe8, 0xe4, 0xe8, 0xe4,
  0xe8, 0xe4, 0xe8, 0xe4, 0xe8, 0xc4, 0xe9, 0x45, 0x41, 0xc7, 0x00, 0x00, 0x00, 0x00, 0x00, 0x00, 0x00, 0x00, 0x00, 0x00, 0x00, 0x00, 0x00, 0x00, 0x00, 0x00, 0x00, 0x00, 0x00, 0x00, 0x00, 0x00,
  0x00, 0x00, 0x00, 0x00, 0x00, 0x00, 0x00, 0x00, 0x00, 0x00, 0x00, 0x00, 0x00, 0x00, 0x00, 0x00, 0x00, 0x00, 0x00, 0x00, 0xab, 0xcf, 0xe8, 0xc4, 0xe8, 0xe4, 0xe8, 0xe4, 0xe8, 0xe4, 0xe8, 0xe4,
  0xe8, 0xe4, 0xe8, 0xe4, 0xe8, 0xe4, 0xe8, 0xe4, 0xe8, 0xe4, 0xe8, 0xe4, 0xe8, 0xe4, 0xe8, 0xe4, 0xe8, 0xe4, 0xe8, 0x83, 0xf2, 0xab, 0x00, 0x00, 0x00, 0x00, 0x00, 0x00, 0x00, 0x00, 0x00, 0x00,
  0x00, 0x00, 0x00, 0x00, 0x00, 0x00, 0x00, 0x00, 0x00, 0x00, 0x00, 0x00, 0x00, 0x00, 0x00, 0x00, 0x00, 0x00, 0x00, 0x00, 0x00, 0x00, 0x00, 0x00, 0x00, 0x00, 0x00, 0x00, 0x00, 0x00, 0x00, 0x00,
  0x00, 0x00, 0x00, 0x00, 0x00, 0x00, 0x00, 0x00, 0x00, 0x00, 0x00, 0x00, 0x00, 0x00, 0x00, 0x00, 0x00, 0x00, 0x00, 0x00, 0x00, 0x00, 0x00, 0x00, 0x00, 0x00, 0x00, 0x00, 0x00, 0x00, 0x00, 0x00,
  0x00, 0x00, 0x00, 0x00, 0x00, 0x00, 0x00, 0x00, 0x00, 0x00, 0x00, 0x00, 0x00, 0x00, 0x00, 0x00, 0x00, 0x00, 0x00, 0x00, 0x00, 0x00, 0x00, 0x00, 0x00, 0x00, 0x00, 0x00, 0x00, 0x00, 0x00, 0x00,
  0x00, 0x00, 0x00, 0x00, 0x00, 0x00, 0x00, 0x00, 0x00, 0x00, 0x00, 0x00, 0x00, 0x00, 0x00, 0x00, 0x00, 0x00, 0x00, 0x00, 0x00, 0x00, 0x00, 0x00, 0x00, 0x00, 0x00, 0x00, 0x00, 0x00, 0x00, 0x00,
  0x00, 0x00, 0x00, 0x00, 0x00, 0x00, 0x00, 0x00, 0x00, 0x00, 0x00, 0x00, 0x00, 0x00, 0x00, 0x00, 0x00, 0x00, 0x00, 0x00, 0x00, 0x00, 0x00, 0x00, 0x00, 0x00, 0x00, 0x00, 0x00, 0x00, 0x00, 0x00,
  0x00, 0x00, 0x00, 0x00, 0x00, 0x00, 0x00, 0x00, 0x00, 0x00, 0x00, 0x00, 0x00, 0x00, 0x00, 0x00, 0x00, 0x00, 0x00, 0x00, 0x00, 0x00, 0x00, 0x00, 0x00, 0x00, 0x00, 0x00, 0x00, 0x00, 0x00, 0x00,
  0x00, 0x00, 0x00, 0x00, 0x00, 0x00, 0x00, 0x00, 0x00, 0x00, 0x00, 0x00, 0x00, 0x00, 0x00, 0x00, 0x00, 0x00, 0x00, 0x00, 0x00, 0x00, 0x00, 0x00, 0x00, 0x00, 0x00, 0x00, 0x00, 0x00, 0x00, 0x00,
  0x00, 0x00, 0x00, 0x00, 0x00, 0x00, 0x00, 0x00, 0x00, 0x00, 0x00, 0x00, 0x00, 0x00, 0x00, 0x00, 0x00, 0x00, 0x00, 0x00, 0x00, 0x00, 0x00, 0x00, 0x00, 0x00, 0x00, 0x00, 0x00, 0x00, 0x00, 0x00,
  0x00, 0x00, 0x00, 0x00, 0x00, 0x00, 0x00, 0x00, 0x00, 0x00, 0x00, 0x00, 0x00, 0x00, 0x00, 0x00, 0x00, 0x00, 0x00, 0x00, 0x00, 0x00, 0x00, 0x00, 0x00, 0x00, 0x00, 0x00, 0x00, 0x00, 0x00, 0x00,
  0x00, 0x00, 0x00, 0x00, 0x00, 0x00, 0x00, 0x00, 0x00, 0x00, 0x00, 0x00, 0x00, 0x00, 0x00, 0x00, 0x00, 0x00, 0x00, 0x00, 0x00, 0x00, 0x00, 0x00, 0x00, 0x00, 0x00, 0x00, 0x00, 0x00, 0x00, 0x00,
  0x00, 0x00, 0x00, 0x00, 0x00, 0x00, 0x00, 0x00, 0x00, 0x00, 0x00, 0x00, 0x00, 0x00, 0x00, 0x00, 0x00, 0x00, 0x00, 0x00, 0x00, 0x00, 0x00, 0x00, 0x00, 0x00, 0x00, 0x00, 0x00, 0x00, 0x00, 0x00,
  0x00, 0x00, 0x00, 0x00, 0x00, 0x00, 0x00, 0x00, 0x00, 0x00, 0x00, 0x00, 0x00, 0x00, 0x00, 0x00, 0x00, 0x00, 0x00, 0x00, 0x00, 0x00, 0x00, 0x00, 0x00, 0x00, 0x00, 0x00, 0x00, 0x00, 0x00, 0x00,
  0x00, 0x00, 0x00, 0x00, 0x00, 0x00, 0x00, 0x00, 0x00, 0x00, 0x00, 0x00, 0x00, 0x00, 0x00, 0x00, 0x00, 0x00, 0x00, 0x00, 0x00, 0x00, 0x00, 0x00, 0x00, 0x00, 0x00, 0x00, 0x00, 0x00, 0x00, 0x00,
  0x00, 0x00, 0x00, 0x00, 0x00, 0x00, 0x00, 0x00, 0x00, 0x00, 0x00, 0x00, 0x00, 0x00, 0x00, 0x00, 0x00, 0x00, 0x00, 0x00, 0x00, 0x00, 0x00, 0x00, 0x00, 0x00, 0x00, 0x00, 0x00, 0x00, 0x00, 0x00,
  0x00, 0x00, 0x00, 0x00, 0x00, 0x00, 0x00, 0x00, 0x00, 0x00, 0x00, 0x00, 0x00, 0x00, 0x00, 0x00, 0x00, 0x00, 0x00, 0x00, 0x00, 0x00, 0x00, 0x00, 0x00, 0x00, 0x00, 0x00, 0x00, 0x00, 0x00, 0x00,
  0x00, 0x00, 0x00, 0x00, 0x00, 0x00, 0x00, 0x00, 0x00, 0x00, 0x00, 0x00, 0x00, 0x00, 0x00, 0x00, 0x00, 0x00, 0x00, 0x00, 0x00, 0x00, 0x00, 0x00, 0x00, 0x00, 0x00, 0x00, 0x00, 0x00, 0x00, 0x00,
  0x00, 0x00, 0x00, 0x00, 0x00, 0x00, 0x00, 0x00, 0x00, 0x00, 0x00, 0x00, 0x00, 0x00, 0x00, 0x00, 0x00, 0x00, 0x00, 0x00, 0x00, 0x00, 0x00, 0x00, 0x00, 0x00, 0x00, 0x00, 0x00, 0x00, 0x00, 0x00,
  0x00, 0x00, 0x00, 0x00, 0x00, 0x00, 0x00, 0x00, 0x00, 0x00, 0x00, 0x00, 0x00, 0x00, 0xd4, 0x31, 0xe8, 0xa3, 0xe8, 0xe4, 0xe8, 0xe4, 0xe8, 0xe4, 0xe8, 0xe4, 0xe8, 0xe4, 0xe8, 0xe4, 0xe8, 0xe4,
  0xe8, 0xe4, 0xe8, 0xe4, 0xe8, 0xe4, 0xe8, 0xe4, 0xe8, 0xe4, 0xe8, 0xe4, 0xe8, 0x83, 0xf3, 0xaf, 0x00, 0x00, 0x00, 0x00, 0x00, 0x00, 0x00, 0x00, 0x00, 0x00, 0x00, 0x00, 0x00, 0x00, 0x00, 0x00,
  0x00, 0x00, 0x00, 0x00, 0x00, 0x00, 0x00, 0x00, 0x00, 0x00, 0x00, 0x00, 0x00, 0x00, 0x00, 0x00, 0x00, 0x00, 0x00, 0x00, 0x00, 0x00, 0x00, 0x00, 0x00, 0x00, 0x00, 0x00, 0xf2, 0x4a, 0xe8, 0xa3,
  0xe8, 0xe4, 0xe8, 0xe4, 0xe8, 0xe4, 0xe8, 0xe4, 0xe8, 0xe4, 0xe8, 0xe4, 0xe8, 0xe4, 0xe8, 0xe4, 0xe8, 0xe4, 0xe8, 0xe4, 0xe8, 0xe4, 0xe8, 0xe4, 0xe8, 0xe4, 0xe8, 0xc4, 0x8b, 0x4d, 0x00, 0x00,
  0x00, 0x00, 0x00, 0x00, 0x00, 0x00, 0x00, 0x00, 0x00, 0x00, 0x00, 0x00, 0x00, 0x00, 0x00, 0x00, 0x00, 0x00, 0x00, 0x00, 0x00, 0x00, 0x00, 0x00, 0x00, 0x00, 0x00, 0x00, 0x00, 0x00, 0x00, 0x00,
  0x00, 0x00, 0x00, 0x00, 0x00, 0x00, 0x00, 0x00, 0x00, 0x00, 0x00, 0x00, 0x00, 0x00, 0x00, 0x00, 0x00, 0x00, 0x00, 0x00, 0x00, 0x00, 0x00, 0x00, 0x00, 0x00, 0x00, 0x00, 0x00, 0x00, 0x00, 0x00,
  0x00, 0x00, 0x00, 0x00, 0x00, 0x00, 0x00, 0x00, 0x00, 0x00, 0x00, 0x00, 0x00, 0x00, 0x00, 0x00, 0x00, 0x00, 0x00, 0x00, 0x00, 0x00, 0x00, 0x00, 0x00, 0x00, 0x00, 0x00, 0x00, 0x00, 0x00, 0x00,
  0x00, 0x00, 0x00, 0x00, 0x00, 0x00, 0x00, 0x00, 0x00, 0x00, 0x00, 0x00, 0x00, 0x00, 0x00, 0x00, 0x00, 0x00, 0x00, 0x00, 0x00, 0x00, 0x00, 0x00, 0x00, 0x00, 0x00, 0x00, 0x00, 0x00, 0x00, 0x00,
  0x00, 0x00, 0x00, 0x00, 0x00, 0x00, 0x00, 0x00, 0x00, 0x00, 0x00, 0x00, 0x00, 0x00, 0x00, 0x00, 0x00, 0x00, 0x00, 0x00, 0x00, 0x00, 0x00, 0x00, 0x00, 0x00, 0x00, 0x00, 0x00, 0x00, 0x00, 0x00,
  0x00, 0x00, 0x00, 0x00, 0x00, 0x00, 0x00, 0x00, 0x00, 0x00, 0x00, 0x00, 0x00, 0x00, 0x00, 0x00, 0x00, 0x00, 0x00, 0x00, 0x00, 0x00, 0x00, 0x00, 0x00, 0x00, 0x00, 0x00, 0x00, 0x00, 0x00, 0x00,
  0x00, 0x00, 0x00, 0x00, 0x00, 0x00, 0x00, 0x00, 0x00, 0x00, 0x00, 0x00, 0x00, 0x00, 0x00, 0x00, 0x00, 0x00, 0x00, 0x00, 0x00, 0x00, 0x00, 0x00, 0x00, 0x00, 0x00, 0x00, 0x00, 0x00, 0x00, 0x00,
  0x00, 0x00, 0x00, 0x00, 0x00, 0x00, 0x00, 0x00, 0x00, 0x00, 0x00, 0x00, 0x00, 0x00, 0x00, 0x00, 0x00, 0x00, 0x00, 0x00, 0x00, 0x00, 0x00, 0x00, 0x00, 0x00, 0x00, 0x00, 0x00, 0x00, 0x00, 0x00,
  0x00, 0x00, 0x00, 0x00, 0x00, 0x00, 0x00, 0x00, 0x00, 0x00, 0x00, 0x00, 0x00, 0x00, 0x00, 0x00, 0x00, 0x00, 0x00, 0x00, 0x00, 0x00, 0x00, 0x00, 0x00, 0x00, 0x00, 0x00, 0x00, 0x00, 0x00, 0x00,
  0x00, 0x00, 0x00, 0x00, 0x00, 0x00, 0x00, 0x00, 0x00, 0x00, 0x00, 0x00, 0x00, 0x00, 0x00, 0x00, 0x00, 0x00, 0x00, 0x00, 0x00, 0x00, 0x00, 0x00, 0x00, 0x00, 0x00, 0x00, 0x00, 0x00, 0x00, 0x00,
  0x00, 0x00, 0x00, 0x00, 0x00, 0x00, 0x00, 0x00, 0x00, 0x00, 0x00, 0x00, 0x00, 0x00, 0x00, 0x00, 0x00, 0x00, 0x00, 0x00, 0x00, 0x00, 0x00, 0x00, 0x00, 0x00, 0x00, 0x00, 0x00, 0x00, 0x00, 0x00,
  0x00, 0x00, 0x00, 0x00, 0x00, 0x00, 0x00, 0x00, 0x00, 0x00, 0x00, 0x00, 0x00, 0x00, 0x00, 0x00, 0x00, 0x00, 0x00, 0x00, 0x00, 0x00, 0x00, 0x00, 0x00, 0x00, 0x00, 0x00, 0x00, 0x00, 0x00, 0x00,
  0x00, 0x00, 0x00, 0x00, 0x00, 0x00, 0x00, 0x00, 0x00, 0x00, 0x00, 0x00, 0x00, 0x00, 0x00, 0x00, 0x00, 0x00, 0x00, 0x00, 0x00, 0x00, 0x00, 0x00, 0x00, 0x00, 0x00, 0x00, 0x00, 0x00, 0x00, 0x00,
  0x00, 0x00, 0x00, 0x00, 0x00, 0x00, 0x00, 0x00, 0x00, 0x00, 0x00, 0x00, 0x00, 0x00, 0x00, 0x00, 0x00, 0x00, 0x00, 0x00, 0x00, 0x00, 0x00, 0x00, 0x00, 0x00, 0x00, 0x00, 0x00, 0x00, 0x00, 0x00,
  0x00, 0x00, 0x00, 0x00, 0x00, 0x00, 0x00, 0x00, 0x00, 0x00, 0x00, 0x00, 0x00, 0x00, 0x00, 0x00, 0x00, 0x00, 0x00, 0x00, 0x00, 0x00, 0x00, 0x00, 0x00, 0x00, 0x00, 0x00, 0x00, 0x00, 0x00, 0x00,
  0x00, 0x00, 0x00, 0x00, 0x00, 0x00, 0x00, 0x00, 0x00, 0x00, 0x00, 0x00, 0x00, 0x00, 0x00, 0x00, 0x00, 0x00, 0x00, 0x00, 0x00, 0x00, 0x00, 0x00, 0x00, 0x00, 0x00, 0x00, 0x00, 0x00, 0x00, 0x00,
  0x00, 0x00, 0x00, 0x00, 0x00, 0x00, 0x00, 0x00, 0x00, 0x00, 0x00, 0x00, 0x00, 0x00, 0x00, 0x00, 0x00, 0x00, 0x00, 0x00, 0x00, 0x00, 0x00, 0x00, 0x00, 0x00, 0x00, 0x00, 0x00, 0x00, 0x00, 0x00,
  0x00, 0x00, 0x00, 0x00, 0x00, 0x00, 0x00, 0x00, 0x00, 0x00, 0x00, 0x00, 0x00, 0x00, 0x00, 0x00, 0x00, 0x00, 0x00, 0x00, 0x00, 0x00, 0xea, 0x09, 0xe8, 0xa3, 0xe8, 0xe4, 0xe8, 0xe4, 0xe8, 0xe4,
  0xe8, 0xe4, 0xe8, 0xe4, 0xe8, 0xe4, 0xe8, 0xe4, 0xe8, 0xe4, 0xe8, 0xe4, 0xe8, 0xe4, 0xe8, 0xe4, 0xe8, 0xe4, 0xe8, 0xc4, 0xe9, 0x46, 0x31, 0x45, 0x00, 0x00, 0x00, 0x00, 0x00, 0x00, 0x00, 0x00,
  0x00, 0x00, 0x00, 0x00, 0x00, 0x00, 0x00, 0x00, 0x00, 0x00, 0x00, 0x00, 0x00, 0x00, 0x00, 0x00, 0x00, 0x00, 0x00, 0x00, 0x00, 0x00, 0x00, 0x00, 0x00, 0x00, 0x00, 0x00, 0x00, 0x00, 0x00, 0x00,
  0x00, 0x00, 0xb3, 0xef, 0xe8, 0xa3, 0xe8, 0xe4, 0xe8, 0xe4, 0xe8, 0xe4, 0xe8, 0xe4, 0xe8, 0xe4, 0xe8, 0xe4, 0xe8, 0xe4, 0xe8, 0xe4, 0xe8, 0xe4, 0xe8, 0xe4, 0xe8, 0xe4, 0xe8, 0xe4, 0xe8, 0xe4,
  0xe8, 0x83, 0xf2, 0xcc, 0x00, 0x00, 0x00, 0x00, 0x00, 0x00, 0x00, 0x00, 0x00, 0x00, 0x00, 0x00, 0x00, 0x00, 0x00, 0x00, 0x00, 0x00, 0x00, 0x00, 0x00, 0x00, 0x00, 0x00, 0x00, 0x00, 0x00, 0x00,
  0x00, 0x00, 0x00, 0x00, 0x00, 0x00, 0x00, 0x00, 0x00, 0x00, 0x00, 0x00, 0x00, 0x00, 0x00, 0x00, 0x00, 0x00, 0x00, 0x00, 0x00, 0x00, 0x00, 0x00, 0x00, 0x00, 0x00, 0x00, 0x00, 0x00, 0x00, 0x00,
  0x00, 0x00, 0x00, 0x00, 0x00, 0x00, 0x00, 0x00, 0x00, 0x00, 0x00, 0x00, 0x00, 0x00, 0x00, 0x00, 0x00, 0x00, 0x00, 0x00, 0x00, 0x00, 0x00, 0x00, 0x00, 0x00, 0x00, 0x00, 0x00, 0x00, 0x00, 0x00,
  0x00, 0x00, 0x00, 0x00, 0x00, 0x00, 0x00, 0x00, 0x00, 0x00, 0x00, 0x00, 0x00, 0x00, 0x00, 0x00, 0x00, 0x00, 0x00, 0x00, 0x00, 0x00, 0x00, 0x00, 0x00, 0x00, 0x00, 0x00, 0x00, 0x00, 0x00, 0x00,
  0x00, 0x00, 0x00, 0x00, 0x00, 0x00, 0x00, 0x00, 0x00, 0x00, 0x00, 0x00, 0x00, 0x00, 0x00, 0x00, 0x00, 0x00, 0x00, 0x00, 0x00, 0x00, 0x00, 0x00, 0x00, 0x00, 0x00, 0x00, 0x00, 0x00, 0x00, 0x00,
  0x00, 0x00, 0x00, 0x00, 0x00, 0x00, 0x00, 0x00, 0x00, 0x00, 0x00, 0x00, 0x00, 0x00, 0x00, 0x00, 0x00, 0x00, 0x00, 0x00, 0x00, 0x00, 0x00, 0x00, 0x00, 0x00, 0x00, 0x00, 0x00, 0x00, 0x00, 0x00,
  0x00, 0x00, 0x00, 0x00, 0x00, 0x00, 0x00, 0x00, 0x00, 0x00, 0x00, 0x00, 0x00, 0x00, 0x00, 0x00, 0x00, 0x00, 0x00, 0x00, 0x00, 0x00, 0x00, 0x00, 0x00, 0x00, 0x00, 0x00, 0x00, 0x00, 0x00, 0x00,
  0x00, 0x00, 0x00, 0x00, 0x00, 0x00, 0x00, 0x00, 0x00, 0x00, 0x00, 0x00, 0x00, 0x00, 0x00, 0x00, 0x00, 0x00, 0x00, 0x00, 0x00, 0x00, 0x00, 0x00, 0x00, 0x00, 0x00, 0x00, 0x00, 0x00, 0x00, 0x00,
  0x00, 0x00, 0x00, 0x00, 0x00, 0x00, 0x00, 0x00, 0x00, 0x00, 0x00, 0x00, 0x00, 0x00, 0x00, 0x00, 0x00, 0x00, 0x00, 0x00, 0x00, 0x00, 0x00, 0x00, 0x00, 0x00, 0x00, 0x00, 0x00, 0x00, 0x00, 0x00,
  0x00, 0x00, 0x00, 0x00, 0x00, 0x00, 0x00, 0x00, 0x00, 0x00, 0x00, 0x00, 0x00, 0x00, 0x00, 0x00, 0x00, 0x00, 0x00, 0x00, 0x00, 0x00, 0x00, 0x00, 0x00, 0x00, 0x00, 0x00, 0x00, 0x00, 0x00, 0x00,
  0x00, 0x00, 0x00, 0x00, 0x00, 0x00, 0x00, 0x00, 0x00, 0x00, 0x00, 0x00, 0x00, 0x00, 0x00, 0x00, 0x00, 0x00, 0x00, 0x00, 0x00, 0x00, 0x00, 0x00, 0x00, 0x00, 0x00, 0x00, 0x00, 0x00, 0x00, 0x00,
  0x00, 0x00, 0x00, 0x00, 0x00, 0x00, 0x00, 0x00, 0x00, 0x00, 0x00, 0x00, 0x00, 0x00, 0x00, 0x00, 0x00, 0x00, 0x00, 0x00, 0x00, 0x00, 0x00, 0x00, 0x00, 0x00, 0x00, 0x00, 0x00, 0x00, 0x00, 0x00,
  0x00, 0x00, 0x00, 0x00, 0x00, 0x00, 0x00, 0x00, 0x00, 0x00, 0x00, 0x00, 0x00, 0x00, 0x00, 0x00, 0x00, 0x00, 0x00, 0x00, 0x00, 0x00, 0x00, 0x00, 0x00, 0x00, 0x00, 0x00, 0x00, 0x00, 0x00, 0x00,
  0x00, 0x00, 0x00, 0x00, 0x00, 0x00, 0x00, 0x00, 0x00, 0x00, 0x00, 0x00, 0x00, 0x00, 0x00, 0x00, 0x00, 0x00, 0x00, 0x00, 0x00, 0x00, 0x00, 0x00, 0x00, 0x00, 0x00, 0x00, 0x00, 0x00, 0x00, 0x00,
  0x00, 0x00, 0x00, 0x00, 0x00, 0x00, 0x00, 0x00, 0x00, 0x00, 0x00, 0x00, 0x00, 0x00, 0x00, 0x00, 0x00, 0x00, 0x00, 0x00, 0x00, 0x00, 0x00, 0x00, 0x00, 0x00, 0x00, 0x00, 0x00, 0x00, 0x00, 0x00,
  0x00, 0x00, 0x00, 0x00, 0x00, 0x00, 0x00, 0x00, 0x00, 0x00, 0x00, 0x00, 0x00, 0x00, 0x00, 0x00, 0x00, 0x00, 0x00, 0x00, 0x00, 0x00, 0x00, 0x00, 0x00, 0x00, 0x00, 0x00, 0x00, 0x00, 0x00, 0x00,
  0x00, 0x00, 0x00, 0x00, 0x00, 0x00, 0x00, 0x00, 0x00, 0x00, 0x00, 0x00, 0x00, 0x00, 0x00, 0x00, 0x00, 0x00, 0x00, 0x00, 0x00, 0x00, 0x00, 0x00, 0x00, 0x00, 0x00, 0x00, 0x00, 0x00, 0x00, 0x00,
  0x00, 0x00, 0x00, 0x00, 0x00, 0x00, 0x00, 0x00, 0x00, 0x00, 0x00, 0x00, 0x00, 0x00, 0x00, 0x00, 0x00, 0x00, 0x00, 0x00, 0x00, 0x00, 0x00, 0x00, 0x00, 0x00, 0x00, 0x00, 0xdc, 0x51, 0xe8, 0x83,
  0xe8, 0xe4, 0xe8, 0xe4, 0xe8, 0xe4, 0xe8, 0xe4, 0xe8, 0xe4, 0xe8, 0xe4, 0xe8, 0xe4, 0xe8, 0xe4, 0xe8, 0xe4, 0xe8, 0xe4, 0xe8, 0xe4, 0xe8, 0xe4, 0xe8, 0xe4, 0xe8, 0x83, 0xf4, 0x10, 0x00, 0x00,
  0x00, 0x00, 0x00, 0x00, 0x00, 0x00, 0x00, 0x00, 0x00, 0x00, 0x00, 0x00, 0x00, 0x00, 0x00, 0x00, 0x00, 0x00, 0x00, 0x00, 0x00, 0x00, 0x00, 0x00, 0x00, 0x00, 0x00, 0x00, 0x00, 0x00, 0x00, 0x00,
  0x00, 0x00, 0x00, 0x00, 0x00, 0x00, 0x00, 0x00, 0x00, 0x00, 0xea, 0x49, 0xe8, 0xa3, 0xe8, 0xe4, 0xe8, 0xe4, 0xe8, 0xe4, 0xe8, 0xe4, 0xe8, 0xe4, 0xe8, 0xe4, 0xe8, 0xe4, 0xe8, 0xe4, 0xe8, 0xe4,
  0xe8, 0xe4, 0xe8, 0xe4, 0xe8, 0xe4, 0xe8, 0xc4, 0xe8, 0xe4, 0x72, 0xeb, 0x00, 0x00, 0x00, 0x00, 0x00, 0x00, 0x00, 0x00, 0x00, 0x00, 0x00, 0x00, 0x00, 0x00, 0x00, 0x00, 0x00, 0x00, 0x00, 0x00,
  0x00, 0x00, 0x00, 0x00, 0x00, 0x00, 0x00, 0x00, 0x00, 0x00, 0x00, 0x00, 0x00, 0x00, 0x00, 0x00, 0x00, 0x00, 0x00, 0x00, 0x00, 0x00, 0x00, 0x00, 0x00, 0x00, 0x00, 0x00, 0x00, 0x00, 0x00, 0x00,
  0x00, 0x00, 0x00, 0x00, 0x00, 0x00, 0x00, 0x00, 0x00, 0x00, 0x00, 0x00, 0x00, 0x00, 0x00, 0x00, 0x00, 0x00, 0x00, 0x00, 0x00, 0x00, 0x00, 0x00, 0x00, 0x00, 0x00, 0x00, 0x00, 0x00, 0x00, 0x00,
  0x00, 0x00, 0x00, 0x00, 0x00, 0x00, 0x00, 0x00, 0x00, 0x00, 0x00, 0x00, 0x00, 0x00, 0x00, 0x00, 0x00, 0x00, 0x00, 0x00, 0x00, 0x00, 0x00, 0x00, 0x00, 0x00, 0x00, 0x00, 0x00, 0x00, 0x29, 0x24,
  0x7b, 0x0c, 0xd4, 0x31, 0xf4, 0x51, 0xf3, 0xf0, 0xf3, 0xf0, 0xf3, 0xf0, 0xf3, 0xf0, 0xf3, 0xf0, 0xf3, 0xf0, 0xf3, 0xf0, 0xf3, 0xf0, 0xf3, 0xf0, 0xf3, 0xf0, 0xf3, 0xf0, 0xf3, 0xf0, 0xf3, 0xf0,
  0xf3, 0xf0, 0xf3, 0xf0, 0xf3, 0xf0, 0xf3, 0xf0, 0xf3, 0xf0, 0xf3, 0xf0, 0xf3, 0xf0, 0xf3, 0xf0, 0xf3, 0xf0, 0xf3, 0xf0, 0xf3, 0xf0, 0xf3, 0xf0, 0xf3, 0xf0, 0xf3, 0xf0, 0xf3, 0xf0, 0xf3, 0xf0,
  0xf3, 0xf0, 0xf3, 0xf0, 0xf3, 0xf0, 0xf3, 0xf0, 0xf3, 0xf0, 0xf3, 0xf0, 0xf3, 0xf0, 0xf3, 0xf0, 0xf3, 0xf0, 0xf3, 0xf0, 0xf3, 0xf0, 0xf3, 0xf0, 0xf3, 0xf0, 0xf3, 0xf0, 0xf3, 0xf0, 0xf3, 0xf0,
  0xf3, 0xf0, 0xf3, 0xf0, 0xf3, 0xf0, 0xf3, 0xf0, 0xf3, 0xf0, 0xf3, 0xf0, 0xf3, 0xf0, 0xf3, 0xf0, 0xf3, 0xf0, 0xf3, 0xf0, 0xf3, 0xf0, 0xf3, 0xf0, 0xf3, 0xf0, 0xf3, 0xf0, 0xf3, 0xf0, 0xf3, 0xf0,
  0xf3, 0xf0, 0xf3, 0xf0, 0xf3, 0xf0, 0xf3, 0xf0, 0xf3, 0xf0, 0xf3, 0xf0, 0xf3, 0xf0, 0xf3, 0xf0, 0xf3, 0xf0, 0xf3, 0xf0, 0xf3, 0xf0, 0xf3, 0xf0, 0xf3, 0xf0, 0xf3, 0xf0, 0xf3, 0xf0, 0xf3, 0xf0,
  0xf3, 0xf0, 0xf3, 0xf0, 0xf3, 0xf0, 0xf3, 0xf0, 0xf3, 0xf0, 0xf3, 0xf0, 0xf3, 0xf0, 0xf3, 0xf0, 0xf3, 0xf0, 0xf3, 0xf0, 0xf3, 0xf0, 0xf3, 0xf0, 0xf3, 0xf0, 0xf3, 0xf0, 0xf3, 0xf0, 0xf3, 0xf0,
  0xf3, 0xf0, 0xf3, 0xf0, 0xf3, 0xf0, 0xf3, 0xf0, 0xf3, 0xf0, 0xf3, 0xf0, 0xf3, 0xf0, 0xf3, 0xf0, 0xf3, 0xf0, 0xf3, 0xf0, 0xf3, 0xf0, 0xf3, 0xf0, 0xf3, 0xf0, 0xf3, 0xf0, 0xf3, 0xf0, 0xf3, 0xf0,
  0xf3, 0xf0, 0xf3, 0xf0, 0xf3, 0xf0, 0xf3, 0xf0, 0xf3, 0xf0, 0xf3, 0xf0, 0xf3, 0xf0, 0xf3, 0xf0, 0xf3, 0xf0, 0xf3, 0xf0, 0xf3, 0xf0, 0xf3, 0xf0, 0xf3, 0xf0, 0xf3, 0xf0, 0xf3, 0xf0, 0xf3, 0xf0,
  0xf3, 0xf0, 0xf3, 0xf0, 0xf3, 0xf0, 0xf3, 0xf0, 0xf3, 0xf0, 0xf3, 0xf0, 0xf3, 0xf0, 0xf3, 0xf0, 0xf3, 0xf0, 0xf3, 0xf0, 0xf3, 0xf0, 0xf3, 0xf0, 0xf3, 0xf0, 0xf3, 0xf0, 0xf3, 0xf0, 0xf3, 0xf0,
  0xf3, 0xf0, 0xf3, 0xf0, 0xf3, 0xf0, 0xf3, 0xf0, 0xf3, 0xf0, 0xf3, 0xf0, 0xf3, 0xf0, 0xf3, 0xf0, 0xf3, 0xf0, 0xf3, 0xf0, 0xf3, 0xf0, 0xf3, 0xf0, 0xf3, 0xf0, 0xf3, 0xf0, 0xf3, 0xf0, 0xf3, 0xf0,
  0xf3, 0xf0, 0xf3, 0xf0, 0xf3, 0xf0, 0xf3, 0xf0, 0xf3, 0xf0, 0xf3, 0xf0, 0xf3, 0xf0, 0xf3, 0xf0, 0xf3, 0xf0, 0xf3, 0xf0, 0xf3, 0xf0, 0xf3, 0xf0, 0xf3, 0xf0, 0xf3, 0xf0, 0xf3, 0xf0, 0xf3, 0xf0,
  0xf3, 0xf0, 0xf3, 0xf0, 0xf3, 0xf0, 0xf3, 0xf0, 0xf3, 0xf0, 0xf3, 0xf0, 0xf3, 0xf0, 0xf3, 0xf0, 0xf3, 0xf0, 0xf3, 0xf0, 0xf3, 0xf0, 0xf3, 0xf0, 0xf3, 0xf0, 0xf3, 0xf0, 0xf3, 0xf0, 0xf3, 0xf0,
  0xf3, 0xf0, 0xf3, 0xf0, 0xf3, 0xf0, 0xf3, 0xf0, 0xf3, 0xf0, 0xf3, 0xf0, 0xf3, 0xf0, 0xf3, 0xf0, 0xf3, 0xf0, 0xf3, 0xf0, 0xf3, 0xf0, 0xf3, 0xf0, 0xf3, 0xf0, 0xf3, 0xf0, 0xf3, 0xf0, 0xf3, 0xf0,
  0xf3, 0xf0, 0xf3, 0xf0, 0xf3, 0xf0, 0xf3, 0xf0, 0xf3, 0xf0, 0xf3, 0xf0, 0xf3, 0xf0, 0xf3, 0xf0, 0xf3, 0xf0, 0xf3, 0xf0, 0xf3, 0xf0, 0xf4, 0x10, 0xf3, 0xf0, 0xf4, 0x51, 0x00, 0x00, 0x00, 0x00,
  0x00, 0x00, 0x00, 0x00, 0xe9, 0xe8, 0xe8, 0xa3, 0xe8, 0xe4, 0xe8, 0xe4, 0xe8, 0xe4, 0xe8, 0xe4, 0xe8, 0xe4, 0xe8, 0xe4, 0xe8, 0xe4, 0xe8, 0xe4, 0xe8, 0xe4, 0xe8, 0xe4, 0xe8, 0xe4, 0xe8, 0xe4,
  0xe8, 0xa4, 0xe9, 0x66, 0x20, 0xe3, 0x00, 0x00, 0x00, 0x00, 0x00, 0x00, 0x00, 0x00, 0x00, 0x00, 0x00, 0x00, 0x00, 0x00, 0x00, 0x00, 0x00, 0x00, 0x00, 0x00, 0x00, 0x00, 0x00, 0x00, 0x00, 0x00,
  0x00, 0x00, 0x00, 0x00, 0x00, 0x00, 0x00, 0x00, 0x00, 0x00, 0x00, 0x00, 0x00, 0x00, 0x00, 0x00, 0xbb, 0xf0, 0xe8, 0xa3, 0xe8, 0xe4, 0xe8, 0xe4, 0xe8, 0xe4, 0xe8, 0xe4, 0xe8, 0xe4, 0xe8, 0xe4,
  0xe8, 0xe4, 0xe8, 0xe4, 0xe8, 0xe4, 0xe8, 0xe4, 0xe8, 0xe4, 0xe8, 0xe4, 0xe8, 0xe4, 0xe8, 0x83, 0xf3, 0x0c, 0x00, 0x00, 0x00, 0x00, 0x00, 0x00, 0x00, 0x00, 0x00, 0x00, 0x00, 0x00, 0x00, 0x00,
  0x00, 0x00, 0x00, 0x00, 0x00, 0x00, 0x00, 0x00, 0x00, 0x00, 0x00, 0x00, 0x00, 0x00, 0x00, 0x00, 0x00, 0x00, 0x00, 0x00, 0x00, 0x00, 0x00, 0x00, 0x00, 0x00, 0x00, 0x00, 0x00, 0x00, 0x00, 0x00,
  0x00, 0x00, 0x00, 0x00, 0x00, 0x00, 0x00, 0x00, 0x00, 0x00, 0x00, 0x00, 0x00, 0x00, 0x00, 0x00, 0x00, 0x00, 0x00, 0x00, 0x00, 0x00, 0x00, 0x00, 0x00, 0x00, 0x00, 0x00, 0x00, 0x00, 0x00, 0x00,
  0x00, 0x00, 0x00, 0x00, 0x00, 0x00, 0x00, 0x00, 0x00, 0x00, 0x00, 0x00, 0x00, 0x00, 0x00, 0x00, 0x00, 0x00, 0x00, 0x00, 0x00, 0x00, 0x00, 0x00, 0x00, 0x00, 0x00, 0x00, 0x00, 0x00, 0x00, 0x00,
  0x72, 0xcb, 0xf4, 0x31, 0xf2, 0x6a, 0xe9, 0x66, 0xe8, 0xe4, 0xe8, 0xa3, 0xe8, 0x83, 0xe8, 0x83, 0xe8, 0x83, 0xe8, 0x83, 0xe8, 0x83, 0xe8, 0x83, 0xe8, 0x83, 0xe8, 0x83, 0xe8, 0x83, 0xe8, 0x83,
  0xe8, 0x83, 0xe8, 0x83, 0xe8, 0x83, 0xe8, 0x83, 0xe8, 0x83, 0xe8, 0x83, 0xe8, 0x83, 0xe8, 0x83, 0xe8, 0x83, 0xe8, 0x83, 0xe8, 0x83, 0xe8, 0x83, 0xe8, 0x83, 0xe8, 0x83, 0xe8, 0x83, 0xe8, 0x83,
  0xe8, 0x83, 0xe8, 0x83, 0xe8, 0x83, 0xe8, 0x83, 0xe8, 0x83, 0xe8, 0x83, 0xe8, 0x83, 0xe8, 0x83, 0xe8, 0x83, 0xe8, 0x83, 0xe8, 0x83, 0xe8, 0x83, 0xe8, 0x83, 0xe8, 0x83, 0xe8, 0x83, 0xe8, 0x83,
  0xe8, 0x83, 0xe8, 0x83, 0xe8, 0x83, 0xe8, 0x83, 0xe8, 0x83, 0xe8, 0x83, 0xe8, 0x83, 0xe8, 0x83, 0xe8, 0x83, 0xe8, 0x83, 0xe8, 0x83, 0xe8, 0x83, 0xe8, 0x83, 0xe8, 0x83, 0xe8, 0x83, 0xe8, 0x83,
  0xe8, 0x83, 0xe8, 0x83, 0xe8, 0x83, 0xe8, 0x83, 0xe8, 0x83, 0xe8, 0x83, 0xe8, 0x83, 0xe8, 0x83, 0xe8, 0x83, 0xe8, 0x83, 0xe8, 0x83, 0xe8, 0x83, 0xe8, 0x83, 0xe8, 0x83, 0xe8, 0x83, 0xe8, 0x83,
  0xe8, 0x83, 0xe8, 0x83, 0xe8, 0x83, 0xe8, 0x83, 0xe8, 0x83, 0xe8, 0x83, 0xe8, 0x83, 0xe8, 0x83, 0xe8, 0x83, 0xe8, 0x83, 0xe8, 0x83, 0xe8, 0x83, 0xe8, 0x83, 0xe8, 0x83, 0xe8, 0x83, 0xe8, 0x83,
  0xe8, 0x83, 0xe8, 0x83, 0xe8, 0x83, 0xe8, 0x83, 0xe8, 0x83, 0xe8, 0x83, 0xe8, 0x83, 0xe8, 0x83, 0xe8, 0x83, 0xe8, 0x83, 0xe8, 0x83, 0xe8, 0x83, 0xe8, 0x83, 0xe8, 0x83, 0xe8, 0x83, 0xe8, 0x83,
  0xe8, 0x83, 0xe8, 0x83, 0xe8, 0x83, 0xe8, 0x83, 0xe8, 0x83, 0xe8, 0x83, 0xe8, 0x83, 0xe8, 0x83, 0xe8, 0x83, 0xe8, 0x83, 0xe8, 0x83, 0xe8, 0x83, 0xe8, 0x83, 0xe8, 0x83, 0xe8, 0x83, 0xe8, 0x83,
  0xe8, 0x83, 0xe8, 0x83, 0xe8, 0x83, 0xe8, 0x83, 0xe8, 0x83, 0xe8, 0x83, 0xe8, 0x83, 0xe8, 0x83, 0xe8, 0x83, 0xe8, 0x83, 0xe8, 0x83, 0xe8, 0x83, 0xe8, 0x83, 0xe8, 0x83, 0xe8, 0x83, 0xe8, 0x83,
  0xe8, 0x83, 0xe8, 0x83, 0xe8, 0x83, 0xe8, 0x83, 0xe8, 0x83, 0xe8, 0x83, 0xe8, 0x83, 0xe8, 0x83, 0xe8, 0x83, 0xe8, 0x83, 0xe8, 0x83, 0xe8, 0x83, 0xe8, 0x83, 0xe8, 0x83, 0xe8, 0x83, 0xe8, 0x83,
  0xe8, 0x83, 0xe8, 0x83, 0xe8, 0x83, 0xe8, 0x83, 0xe8, 0x83, 0xe8, 0x83, 0xe8, 0x83, 0xe8, 0x83, 0xe8, 0x83, 0xe8, 0x83, 0xe8, 0x83, 0xe8, 0x83, 0xe8, 0x83, 0xe8, 0x83, 0xe8, 0x83, 0xe8, 0x83,
  0xe8, 0x83, 0xe8, 0x83, 0xe8, 0x83, 0xe8, 0x83, 0xe8, 0x83, 0xe8, 0x83, 0xe8, 0x83, 0xe8, 0x83, 0xe8, 0x83, 0xe8, 0x83, 0xe8, 0x83, 0xe8, 0x83, 0xe8, 0x83, 0xe8, 0x83, 0xe8, 0x83, 0xe8, 0x83,
  0xe8, 0x83, 0xe8, 0x83, 0xe8, 0x83, 0xe8, 0x83, 0xe8, 0x83, 0xe8, 0x83, 0xe8, 0x83, 0xe8, 0x83, 0xe8, 0x83, 0xe8, 0x83, 0xe8, 0x83, 0xe8, 0x83, 0xe8, 0x83, 0xe8, 0x83, 0xe8, 0x83, 0xe8, 0x83,
  0xe8, 0x83, 0xe8, 0x83, 0xe8, 0x83, 0xe8, 0x83, 0xe8, 0x83, 0xe8, 0x83, 0xe8, 0x83, 0xe8, 0x83, 0xe8, 0x83, 0xe8, 0x83, 0xe8, 0x83, 0xe8, 0x83, 0xe8, 0x83, 0xe8, 0x83, 0xe8, 0x83, 0xe8, 0x83,
  0xe8, 0x21, 0xf3, 0x0d, 0x00, 0x00, 0x00, 0x00, 0x00, 0x00, 0xec, 0x72, 0xe8, 0x83, 0xe8, 0xe4, 0xe8, 0xe4, 0xe8, 0xe4, 0xe8, 0xe4, 0xe8, 0xe4, 0xe8, 0xe4, 0xe8, 0xe4, 0xe8, 0xe4, 0xe8, 0xe4,
  0xe8, 0xe4, 0xe8, 0xe4, 0xe8, 0xe4, 0xe8, 0xe4, 0xe8, 0x83, 0xf4, 0x51, 0x00, 0x00, 0x00, 0x00, 0x00, 0x00, 0x00, 0x00, 0x00, 0x00, 0x00, 0x00, 0x00, 0x00, 0x00, 0x00, 0x00, 0x00, 0x00, 0x00,
  0x00, 0x00, 0x00, 0x00, 0x00, 0x00, 0x00, 0x00, 0x00, 0x00, 0x00, 0x00, 0x00, 0x00, 0x00, 0x00, 0x00, 0x00, 0x00, 0x00, 0x00, 0x00, 0x00, 0x00, 0xea, 0x29, 0xe8, 0xa3, 0xe8, 0xe4, 0xe8, 0xe4,
  0xe8, 0xe4, 0xe8, 0xe4, 0xe8, 0xe4, 0xe8, 0xe4, 0xe8, 0xe4, 0xe8, 0xe4, 0xe8, 0xe4, 0xe8, 0xe4, 0xe8, 0xe4, 0xe8, 0xe4, 0xe8, 0xc4, 0xe9, 0x05, 0x62, 0x8a, 0x00, 0x00, 0x00, 0x00, 0x00, 0x00,
  0x00, 0x00, 0x00, 0x00, 0x00, 0x00, 0x00, 0x00, 0x00, 0x00, 0x00, 0x00, 0x00, 0x00, 0x00, 0x00, 0x00, 0x00, 0x00, 0x00, 0x00, 0x00, 0x00, 0x00, 0x00, 0x00, 0x00, 0x00, 0x00, 0x00, 0x00, 0x00,
  0x00, 0x00, 0x00, 0x00, 0x00, 0x00, 0x00, 0x00, 0x00, 0x00, 0x00, 0x00, 0x00, 0x00, 0x00, 0x00, 0x00, 0x00, 0x00, 0x00, 0x00, 0x00, 0x00, 0x00, 0x00, 0x00, 0x00, 0x00, 0x00, 0x00, 0x00, 0x00,
  0x00, 0x00, 0x00, 0x00, 0x00, 0x00, 0x00, 0x00, 0x00, 0x00, 0x00, 0x00, 0x00, 0x00, 0x00, 0x00, 0x00, 0x00, 0x00, 0x00, 0x00, 0x00, 0x00, 0x00, 0x00, 0x00, 0x00, 0x00, 0x00, 0x00, 0x00, 0x00,
  0x00, 0x00, 0x21, 0x04, 0xf4, 0x92, 0xf2, 0x49, 0xe8, 0xe4, 0xe8, 0x83, 0xe8, 0xa3, 0xe8, 0xc4, 0xe8, 0xe4, 0xe8, 0xe4, 0xe8, 0xe4, 0xe8, 0xe4, 0xe8, 0xe4, 0xe8, 0xe4, 0xe8, 0xe4, 0xe8, 0xe4,
  0xe8, 0xe4, 0xe8, 0xe4, 0xe8, 0xe4, 0xe8, 0xe4, 0xe8, 0xe4, 0xe8, 0xe4, 0xe8, 0xe4, 0xe8, 0xe4, 0xe8, 0xe4, 0xe8, 0xe4, 0xe8, 0xe4, 0xe8, 0xe4, 0xe8, 0xe4, 0xe8, 0xe4, 0xe8, 0xe4, 0xe8, 0xe4,
  0xe8, 0xe4, 0xe8, 0xe4, 0xe8, 0xe4, 0xe8, 0xe4, 0xe8, 0xe4, 0xe8, 0xe4, 0xe8, 0xe4, 0xe8, 0xe4, 0xe8, 0xe4, 0xe8, 0xe4, 0xe8, 0xe4, 0xe8, 0xe4, 0xe8, 0xe4, 0xe8, 0xe4, 0xe8, 0xe4, 0xe8, 0xe4,
  0xe8, 0xe4, 0xe8, 0xe4, 0xe8, 0xe4, 0xe8, 0xe4, 0xe8, 0xe4, 0xe8, 0xe4, 0xe8, 0xe4, 0xe8, 0xe4, 0xe8, 0xe4, 0xe8, 0xe4, 0xe8, 0xe4, 0xe8, 0xe4, 0xe8, 0xe4, 0xe8, 0xe4, 0xe8, 0xe4, 0xe8, 0xe4,
  0xe8, 0xe4, 0xe8, 0xe4, 0xe8, 0xe4, 0xe8, 0xe4, 0xe8, 0xe4, 0xe8, 0xe4, 0xe8, 0xe4, 0xe8, 0xe4, 0xe8, 0xe4, 0xe8, 0xe4, 0xe8, 0xe4, 0xe8, 0xe4, 0xe8, 0xe4, 0xe8, 0xe4, 0xe8, 0xe4, 0xe8, 0xe4,
  0xe8, 0xe4, 0xe8, 0xe4, 0xe8, 0xe4, 0xe8, 0xe4, 0xe8, 0xe4, 0xe8, 0xe4, 0xe8, 0xe4, 0xe8, 0xe4, 0xe8, 0xe4, 0xe8, 0xe4, 0xe8, 0xe4, 0xe8, 0xe4, 0xe8, 0xe4, 0xe8, 0xe4, 0xe8, 0xe4, 0xe8, 0xe4,
  0xe8, 0xe4, 0xe8, 0xe4, 0xe8, 0xe4, 0xe8, 0xe4, 0xe8, 0xe4, 0xe8, 0xe4, 0xe8, 0xe4, 0xe8, 0xe4, 0xe8, 0xe4, 0xe8, 0xe4, 0xe8, 0xe4, 0xe8, 0xe4, 0xe8, 0xe4, 0xe8, 0xe4, 0xe8, 0xe4, 0xe8, 0xe4,
  0xe8, 0xe4, 0xe8, 0xe4, 0xe8, 0xe4, 0xe8, 0xe4, 0xe8, 0xe4, 0xe8, 0xe4, 0xe8, 0xe4, 0xe8, 0xe4, 0xe8, 0xe4, 0xe8, 0xe4, 0xe8, 0xe4, 0xe8, 0xe4, 0xe8, 0xe4, 0xe8, 0xe4, 0xe8, 0xe4, 0xe8, 0xe4,
  0xe8, 0xe4, 0xe8, 0xe4, 0xe8, 0xe4, 0xe8, 0xe4, 0xe8, 0xe4, 0xe8, 0xe4, 0xe8, 0xe4, 0xe8, 0xe4, 0xe8, 0xe4, 0xe8, 0xe4, 0xe8, 0xe4, 0xe8, 0xe4, 0xe8, 0xe4, 0xe8, 0xe4, 0xe8, 0xe4, 0xe8, 0xe4,
  0xe8, 0xe4, 0xe8, 0xe4, 0xe8, 0xe4, 0xe8, 0xe4, 0xe8, 0xe4, 0xe8, 0xe4, 0xe8, 0xe4, 0xe8, 0xe4, 0xe8, 0xe4, 0xe8, 0xe4, 0xe8, 0xe4, 0xe8, 0xe4, 0xe8, 0xe4, 0xe8, 0xe4, 0xe8, 0xe4, 0xe8, 0xe4,
  0xe8, 0xe4, 0xe8, 0xe4, 0xe8, 0xe4, 0xe8, 0xe4, 0xe8, 0xe4, 0xe8, 0xe4, 0xe8, 0xe4, 0xe8, 0xe4, 0xe8, 0xe4, 0xe8, 0xe4, 0xe8, 0xe4, 0xe8, 0xe4, 0xe8, 0xe4, 0xe8, 0xe4, 0xe8, 0xe4, 0xe8, 0xe4,
  0xe8, 0xe4, 0xe8, 0xe4, 0xe8, 0xe4, 0xe8, 0xe4, 0xe8, 0xe4, 0xe8, 0xe4, 0xe8, 0xe4, 0xe8, 0xe4, 0xe8, 0xe4, 0xe8, 0xe4, 0xe8, 0xe4, 0xe8, 0xe4, 0xe8, 0xe4, 0xe8, 0xe4, 0xe8, 0xe4, 0xe8, 0xe4,
  0xe8, 0xe4, 0xe8, 0xe4, 0xe8, 0xe4, 0xe8, 0xe4, 0xe8, 0xe4, 0xe8, 0xe4, 0xe8, 0xe4, 0xe8, 0xe4, 0xe8, 0xe4, 0xe8, 0xe4, 0xe8, 0xe4, 0xe8, 0xe4, 0xe8, 0xe4, 0xe8, 0xe4, 0xe8, 0xe4, 0xe8, 0xe4,
  0xe8, 0xe4, 0xe8, 0xe4, 0xe8, 0xe4, 0xe8, 0xe4, 0xe8, 0xe4, 0xe8, 0xe4, 0xe8, 0xe4, 0xe8, 0xe4, 0xe8, 0xe4, 0xe8, 0xe4, 0xe8, 0xe4, 0xe8, 0xe4, 0xe8, 0xe4, 0xe8, 0xe4, 0xe8, 0xe4, 0xe8, 0xe4,
  0xe8, 0xe4, 0xe8, 0xe4, 0xe8, 0xe4, 0xe8, 0xe4, 0xe9, 0x25, 0x49, 0xe7, 0x00, 0x00, 0x00, 0x00, 0x00, 0x00, 0xe9, 0xe8, 0xe8, 0xa3, 0xe8, 0xe4, 0xe8, 0xe4, 0xe8, 0xe4, 0xe8, 0xe4, 0xe8, 0xe4,
  0xe8, 0xe4, 0xe8, 0xe4, 0xe8, 0xe4, 0xe8, 0xe4, 0xe8, 0xe4, 0xe8, 0xe4, 0xe8, 0xe4, 0xe8, 0xa3, 0xe9, 0xa7, 0x10, 0x82, 0x00, 0x00, 0x00, 0x00, 0x00, 0x00, 0x00, 0x00, 0x00, 0x00, 0x00, 0x00,
  0x00, 0x00, 0x00, 0x00, 0x00, 0x00, 0x00, 0x00, 0x00, 0x00, 0x00, 0x00, 0x00, 0x00, 0x00, 0x00, 0x00, 0x00, 0x00, 0x00, 0x00, 0x00, 0x00, 0x00, 0x00, 0x00, 0x00, 0x00, 0x00, 0x00, 0xcc, 0x10,
  0xe8, 0xa3, 0xe8, 0xe4, 0xe8, 0xe4, 0xe8, 0xe4, 0xe8, 0xe4, 0xe8, 0xe4, 0xe8, 0xe4, 0xe8, 0xe4, 0xe8, 0xe4, 0xe8, 0xe4, 0xe8, 0xe4, 0xe8, 0xe4, 0xe8, 0xe4, 0xe8, 0xe4, 0xe8, 0x83, 0xf3, 0x4d,
  0x00, 0x00, 0x00, 0x00, 0x00, 0x00, 0x00, 0x00, 0x00, 0x00, 0x00, 0x00, 0x00, 0x00, 0x00, 0x00, 0x00, 0x00, 0x00, 0x00, 0x00, 0x00, 0x00, 0x00, 0x00, 0x00, 0x00, 0x00, 0x00, 0x00, 0x00, 0x00,
  0x00, 0x00, 0x00, 0x00, 0x00, 0x00, 0x00, 0x00, 0x00, 0x00, 0x00, 0x00, 0x00, 0x00, 0x00, 0x00, 0x00, 0x00, 0x00, 0x00, 0x00, 0x00, 0x00, 0x00, 0x00, 0x00, 0x00, 0x00, 0x00, 0x00, 0x00, 0x00,
  0x00, 0x00, 0x00, 0x00, 0x00, 0x00, 0x00, 0x00, 0x00, 0x00, 0x00, 0x00, 0x00, 0x00, 0x00, 0x00, 0x00, 0x00, 0x00, 0x00, 0x00, 0x00, 0x00, 0x00, 0x00, 0x00, 0x00, 0x00, 0x00, 0x00, 0x00, 0x00,
  0x00, 0x00, 0x00, 0x00, 0x00, 0x00, 0x31, 0x65, 0xf3, 0xd0, 0xe9, 0x66, 0xe8, 0x83, 0xe8, 0xa3, 0xe8, 0xe4, 0xe8, 0xe4, 0xe8, 0xe4, 0xe8, 0xe4, 0xe8, 0xe4, 0xe8, 0xe4, 0xe8, 0xe4, 0xe8, 0xe4,
  0xe8, 0xe4, 0xe8, 0xe4, 0xe8, 0xe4, 0xe8, 0xe4, 0xe8, 0xe4, 0xe8, 0xe4, 0xe8, 0xe4, 0xe8, 0xe4, 0xe8, 0xe4, 0xe8, 0xe4, 0xe8, 0xe4, 0xe8, 0xe4, 0xe8, 0xe4, 0xe8, 0xe4, 0xe8, 0xe4, 0xe8, 0xe4,
  0xe8, 0xe4, 0xe8, 0xe4, 0xe8, 0xe4, 0xe8, 0xe4, 0xe8, 0xe4, 0xe8, 0xe4, 0xe8, 0xe4, 0xe8, 0xe4, 0xe8, 0xe4, 0xe8, 0xe4, 0xe8, 0xe4, 0xe8, 0xe4, 0xe8, 0xe4, 0xe8, 0xe4, 0xe8, 0xe4, 0xe8, 0xe4,
  0xe8, 0xe4, 0xe8, 0xe4, 0xe8, 0xe4, 0xe8, 0xe4, 0xe8, 0xe4, 0xe8, 0xe4, 0xe8, 0xe4, 0xe8, 0xe4, 0xe8, 0xe4, 0xe8, 0xe4, 0xe8, 0xe4, 0xe8, 0xe4, 0xe8, 0xe4, 0xe8, 0xe4, 0xe8, 0xe4, 0xe8, 0xe4,
  0xe8, 0xe4, 0xe8, 0xe4, 0xe8, 0xe4, 0xe8, 0xe4, 0xe8, 0xe4, 0xe8, 0xe4, 0xe8, 0xe4, 0xe8, 0xe4, 0xe8, 0xe4, 0xe8, 0xe4, 0xe8, 0xe4, 0xe8, 0xe4, 0xe8, 0xe4, 0xe8, 0xe4, 0xe8, 0xe4, 0xe8, 0xe4,
  0xe8, 0xe4, 0xe8, 0xe4, 0xe8, 0xe4, 0xe8, 0xe4, 0xe8, 0xe4, 0xe8, 0xe4, 0xe8, 0xe4, 0xe8, 0xe4, 0xe8, 0xe4, 0xe8, 0xe4, 0xe8, 0xe4, 0xe8, 0xe4, 0xe8, 0xe4, 0xe8, 0xe4, 0xe8, 0xe4, 0xe8, 0xe4,
  0xe8, 0xe4, 0xe8, 0xe4, 0xe8, 0xe4, 0xe8, 0xe4, 0xe8, 0xe4, 0xe8, 0xe4, 0xe8, 0xe4, 0xe8, 0xe4, 0xe8, 0xe4, 0xe8, 0xe4, 0xe8, 0xe4, 0xe8, 0xe4, 0xe8, 0xe4, 0xe8, 0xe4, 0xe8, 0xe4, 0xe8, 0xe4,
  0xe8, 0xe4, 0xe8, 0xe4, 0xe8, 0xe4, 0xe8, 0xe4, 0xe8, 0xe4, 0xe8, 0xe4, 0xe8, 0xe4, 0xe8, 0xe4, 0xe8, 0xe4, 0xe8, 0xe4, 0xe8, 0xe4, 0xe8, 0xe4, 0xe8, 0xe4, 0xe8, 0xe4, 0xe8, 0xe4, 0xe8, 0xe4,
  0xe8, 0xe4, 0xe8, 0xe4, 0xe8, 0xe4, 0xe8, 0xe4, 0xe8, 0xe4, 0xe8, 0xe4, 0xe8, 0xe4, 0xe8, 0xe4, 0xe8, 0xe4, 0xe8, 0xe4, 0xe8, 0xe4, 0xe8, 0xe4, 0xe8, 0xe4, 0xe8, 0xe4, 0xe8, 0xe4, 0xe8, 0xe4,
  0xe8, 0xe4, 0xe8, 0xe4, 0xe8, 0xe4, 0xe8, 0xe4, 0xe8, 0xe4, 0xe8, 0xe4, 0xe8, 0xe4, 0xe8, 0xe4, 0xe8, 0xe4, 0xe8, 0xe4, 0xe8, 0xe4, 0xe8, 0xe4, 0xe8, 0xe4, 0xe8, 0xe4, 0xe8, 0xe4, 0xe8, 0xe4,
  0xe8, 0xe4, 0xe8, 0xe4, 0xe8, 0xe4, 0xe8, 0xe4, 0xe8, 0xe4, 0xe8, 0xe4, 0xe8, 0xe4, 0xe8, 0xe4, 0xe8, 0xe4, 0xe8, 0xe4, 0xe8, 0xe4, 0xe8, 0xe4, 0xe8, 0xe4, 0xe8, 0xe4, 0xe8, 0xe4, 0xe8, 0xe4,
  0xe8, 0xe4, 0xe8, 0xe4, 0xe8, 0xe4, 0xe8, 0xe4, 0xe8, 0xe4, 0xe8, 0xe4, 0xe8, 0xe4, 0xe8, 0xe4, 0xe8, 0xe4, 0xe8, 0xe4, 0xe8, 0xe4, 0xe8, 0xe4, 0xe8, 0xe4, 0xe8, 0xe4, 0xe8, 0xe4, 0xe8, 0xe4,
  0xe8, 0xe4, 0xe8, 0xe4, 0xe8, 0xe4, 0xe8, 0xe4, 0xe8, 0xe4, 0xe8, 0xe4, 0xe8, 0xe4, 0xe8, 0xe4, 0xe8, 0xe4, 0xe8, 0xe4, 0xe8, 0xe4, 0xe8, 0xe4, 0xe8, 0xe4, 0xe8, 0xe4, 0xe8, 0xe4, 0xe8, 0xe4,
  0xe8, 0xe4, 0xe8, 0xe4, 0xe8, 0xe4, 0xe8, 0xe4, 0xe8, 0xe4, 0xe8, 0xe4, 0xe8, 0xe4, 0xe8, 0xe4, 0xe8, 0xe4, 0xe8, 0xe4, 0xe8, 0xe4, 0xe8, 0xe4, 0xe8, 0xe4, 0xe8, 0xe4, 0xe8, 0xe4, 0xe8, 0xe4,
  0xe8, 0xe4, 0xe8, 0xe4, 0xe8, 0xe4, 0xe8, 0xe4, 0xe8, 0xe4, 0xe8, 0xe4, 0xe8, 0xe4, 0xe8, 0x83, 0xf3, 0x6e, 0x00, 0x00, 0x00, 0x00, 0x00, 0x00, 0xf4, 0x92, 0xe8, 0x83, 0xe8, 0xe4, 0xe8, 0xe4,
  0xe8, 0xe4, 0xe8, 0xe4, 0xe8, 0xe4, 0xe8, 0xe4, 0xe8, 0xe4, 0xe8, 0xe4, 0xe8, 0xe4, 0xe8, 0xe4, 0xe8, 0xe4, 0xe8, 0xe4, 0xe8, 0xe4, 0xe8, 0x83, 0xf4, 0x92, 0x00, 0x00, 0x00, 0x00, 0x00, 0x00,
  0x00, 0x00, 0x00, 0x00, 0x00, 0x00, 0x00, 0x00, 0x00, 0x00, 0x00, 0x00, 0x00, 0x00, 0x00, 0x00, 0x00, 0x00, 0x00, 0x00, 0x00, 0x00, 0x00, 0x00, 0x00, 0x00, 0x00, 0x00, 0x00, 0x00, 0x00, 0x00,
  0x00, 0x00, 0x00, 0x00, 0x00, 0x00, 0xea, 0x09, 0xe8, 0xa3, 0xe8, 0xe4, 0xe8, 0xe4, 0xe8, 0xe4, 0xe8, 0xe4, 0xe8, 0xe4, 0xe8, 0xe4, 0xe8, 0xe4, 0xe8, 0xe4, 0xe8, 0xe4, 0xe8, 0xe4, 0xe8, 0xe4,
  0xe8, 0xe4, 0xe8, 0xc4, 0xe9, 0x25, 0x52, 0x28, 0x00, 0x00, 0x00, 0x00, 0x00, 0x00, 0x00, 0x00, 0x00, 0x00, 0x00, 0x00, 0x00, 0x00, 0x00, 0x00, 0x00, 0x00, 0x00, 0x00, 0x00, 0x00, 0x00, 0x00,
  0x00, 0x00, 0x00, 0x00, 0x00, 0x00, 0x00, 0x00, 0x00, 0x00, 0x00, 0x00, 0x00, 0x00, 0x00, 0x00, 0x00, 0x00, 0x00, 0x00, 0x00, 0x00, 0x00, 0x00, 0x00, 0x00, 0x00, 0x00, 0x00, 0x00, 0x00, 0x00,
  0x00, 0x00, 0x00, 0x00, 0x00, 0x00, 0x00, 0x00, 0x00, 0x00, 0x00, 0x00, 0x00, 0x00, 0x00, 0x00, 0x00, 0x00, 0x00, 0x00, 0x00, 0x00, 0x00, 0x00, 0x00, 0x00, 0x00, 0x00, 0x00, 0x00, 0x00, 0x00,
  0x00, 0x00, 0x00, 0x00, 0x00, 0x00, 0x00, 0x00, 0x00, 0x00, 0x00, 0x00, 0xf4, 0x31, 0xe9, 0x66, 0xe8, 0x83, 0xe8, 0xc4, 0xe8, 0xe4, 0xe8, 0xe4, 0xe8, 0xe4, 0xe8, 0xe4, 0xe8, 0xe4, 0xe8, 0xe4,
  0xe8, 0xe4, 0xe8, 0xe4, 0xe8, 0xe4, 0xe8, 0xe4, 0xe8, 0xe4, 0xe8, 0xe4, 0xe8, 0xe4, 0xe8, 0xe4, 0xe8, 0xe4, 0xe8, 0xe4, 0xe8, 0xe4, 0xe8, 0xe4, 0xe8, 0xe4, 0xe8, 0xe4, 0xe8, 0xe4, 0xe8, 0xe4,
  0xe8, 0xe4, 0xe8, 0xe4, 0xe8, 0xe4, 0xe8, 0xe4, 0xe8, 0xe4, 0xe8, 0xe4, 0xe8, 0xe4, 0xe8, 0xe4, 0xe8, 0xe4, 0xe8, 0xe4, 0xe8, 0xe4, 0xe8, 0xe4, 0xe8, 0xe4, 0xe8, 0xe4, 0xe8, 0xe4, 0xe8, 0xe4,
  0xe8, 0xe4, 0xe8, 0xe4, 0xe8, 0xe4, 0xe8, 0xe4, 0xe8, 0xe4, 0xe8, 0xe4, 0xe8, 0xe4, 0xe8, 0xe4, 0xe8, 0xe4, 0xe8, 0xe4, 0xe8, 0xe4, 0xe8, 0xe4, 0xe8, 0xe4, 0xe8, 0xe4, 0xe8, 0xe4, 0xe8, 0xe4,
  0xe8, 0xe4, 0xe8, 0xe4, 0xe8, 0xe4, 0xe8, 0xe4, 0xe8, 0xe4, 0xe8, 0xe4, 0xe8, 0xe4, 0xe8, 0xe4, 0xe8, 0xe4, 0xe8, 0xe4, 0xe8, 0xe4, 0xe8, 0xe4, 0xe8, 0xe4, 0xe8, 0xe4, 0xe8, 0xe4, 0xe8, 0xe4,
  0xe8, 0xe4, 0xe8, 0xe4, 0xe8, 0xe4, 0xe8, 0xe4, 0xe8, 0xe4, 0xe8, 0xe4, 0xe8, 0xe4, 0xe8, 0xe4, 0xe8, 0xe4, 0xe8, 0xe4, 0xe8, 0xe4, 0xe8, 0xe4, 0xe8, 0xe4, 0xe8, 0xe4, 0xe8, 0xe4, 0xe8, 0xe4,
  0xe8, 0xe4, 0xe8, 0xe4, 0xe8, 0xe4, 0xe8, 0xe4, 0xe8, 0xe4, 0xe8, 0xe4, 0xe8, 0xe4, 0xe8, 0xe4, 0xe8, 0xe4, 0xe8, 0xe4, 0xe8, 0xe4, 0xe8, 0xe4, 0xe8, 0xe4, 0xe8, 0xe4, 0xe8, 0xe4, 0xe8, 0xe4,
  0xe8, 0xe4, 0xe8, 0xe4, 0xe8, 0xe4, 0xe8, 0xe4, 0xe8, 0xe4, 0xe8, 0xe4, 0xe8, 0xe4, 0xe8, 0xe4, 0xe8, 0xe4, 0xe8, 0xe4, 0xe8, 0xe4, 0xe8, 0xe4, 0xe8, 0xe4, 0xe8, 0xe4, 0xe8, 0xe4, 0xe8, 0xe4,
  0xe8, 0xe4, 0xe8, 0xe4, 0xe8, 0xe4, 0xe8, 0xe4, 0xe8, 0xe4, 0xe8, 0xe4, 0xe8, 0xe4, 0xe8, 0xe4, 0xe8, 0xe4, 0xe8, 0xe4, 0xe8, 0xe4, 0xe8, 0xe4, 0xe8, 0xe4, 0xe8, 0xe4, 0xe8, 0xe4, 0xe8, 0xe4,
  0xe8, 0xe4, 0xe8, 0xe4, 0xe8, 0xe4, 0xe8, 0xe4, 0xe8, 0xe4, 0xe8, 0xe4, 0xe8, 0xe4, 0xe8, 0xe4, 0xe8, 0xe4, 0xe8, 0xe4, 0xe8, 0xe4, 0xe8, 0xe4, 0xe8, 0xe4, 0xe8, 0xe4, 0xe8, 0xe4, 0xe8, 0xe4,
  0xe8, 0xe4, 0xe8, 0xe4, 0xe8, 0xe4, 0xe8, 0xe4, 0xe8, 0xe4, 0xe8, 0xe4, 0xe8, 0xe4, 0xe8, 0xe4, 0xe8, 0xe4, 0xe8, 0xe4, 0xe8, 0xe4, 0xe8, 0xe4, 0xe8, 0xe4, 0xe8, 0xe4, 0xe8, 0xe4, 0xe8, 0xe4,
  0xe8, 0xe4, 0xe8, 0xe4, 0xe8, 0xe4, 0xe8, 0xe4, 0xe8, 0xe4, 0xe8, 0xe4, 0xe8, 0xe4, 0xe8, 0xe4, 0xe8, 0xe4, 0xe8, 0xe4, 0xe8, 0xe4, 0xe8, 0xe4, 0xe8, 0xe4, 0xe8, 0xe4, 0xe8, 0xe4, 0xe8, 0xe4,
  0xe8, 0xe4, 0xe8, 0xe4, 0xe8, 0xe4, 0xe8, 0xe4, 0xe8, 0xe4, 0xe8, 0xe4, 0xe8, 0xe4, 0xe8, 0xe4, 0xe8, 0xe4, 0xe8, 0xe4, 0xe8, 0xe4, 0xe8, 0xe4, 0xe8, 0xe4, 0xe8, 0xe4, 0xe8, 0xe4, 0xe8, 0xe4,
  0xe8, 0xe4, 0xe8, 0xe4, 0xe8, 0xe4, 0xe8, 0xe4, 0xe8, 0xe4, 0xe8, 0xe4, 0xe8, 0xe4, 0xe8, 0xe4, 0xe8, 0xe4, 0xe8, 0xe4, 0xe8, 0xe4, 0xe8, 0xe4, 0xe8, 0xe4, 0xe8, 0xe4, 0xe8, 0xe4, 0xe8, 0xe4,
  0xe8, 0xe4, 0xe8, 0xe4, 0xe8, 0xe4, 0xe8, 0xe4, 0xe8, 0xe4, 0xe8, 0xe4, 0xe8, 0xe4, 0xe8, 0xe4, 0xe8, 0xe4, 0xe8, 0xe4, 0xe8, 0xc4, 0xe9, 0x05, 0x52, 0x28, 0x00, 0x00, 0x00, 0x00, 0x08, 0x41,
  0xe9, 0xc8, 0xe8, 0xa3, 0xe8, 0xe4, 0xe8, 0xe4, 0xe8, 0xe4, 0xe8, 0xe4, 0xe8, 0xe4, 0xe8, 0xe4, 0xe8, 0xe4, 0xe8, 0xe4, 0xe8, 0xe4, 0xe8, 0xe4, 0xe8, 0xe4, 0xe8, 0xe4, 0xe8, 0xa3, 0xe9, 0xc8,
  0x00, 0x00, 0x00, 0x00, 0x00, 0x00, 0x00, 0x00, 0x00, 0x00, 0x00, 0x00, 0x00, 0x00, 0x00, 0x00, 0x00, 0x00, 0x00, 0x00, 0x00, 0x00, 0x00, 0x00, 0x00, 0x00, 0x00, 0x00, 0x00, 0x00, 0x00, 0x00,
  0x00, 0x00, 0x00, 0x00, 0x00, 0x00, 0x00, 0x00, 0x00, 0x00, 0x00, 0x00, 0xd4, 0x31, 0xe8, 0xa3, 0xe8, 0xe4, 0xe8, 0xe4, 0xe8, 0xe4, 0xe8, 0xe4, 0xe8, 0xe4, 0xe8, 0xe4, 0xe8, 0xe4, 0xe8, 0xe4,
  0xe8, 0xe4, 0xe8, 0xe4, 0xe8, 0xe4, 0xe8, 0xe4, 0xe8, 0xe4, 0xe8, 0x83, 0xf3, 0x8e, 0x00, 0x00, 0x00, 0x00, 0x00, 0x00, 0x00, 0x00, 0x00, 0x00, 0x00, 0x00, 0x00, 0x00, 0x00, 0x00, 0x00, 0x00,
  0x00, 0x00, 0x00, 0x00, 0x00, 0x00, 0x00, 0x00, 0x00, 0x00, 0x00, 0x00, 0x00, 0x00, 0x00, 0x00, 0x00, 0x00, 0x00, 0x00, 0x00, 0x00, 0x00, 0x00, 0x00, 0x00, 0x00, 0x00, 0x00, 0x00, 0x00, 0x00,
  0x00, 0x00, 0x00, 0x00, 0x00, 0x00, 0x00, 0x00, 0x00, 0x00, 0x00, 0x00, 0x00, 0x00, 0x00, 0x00, 0x00, 0x00, 0x00, 0x00, 0x00, 0x00, 0x00, 0x00, 0x00, 0x00, 0x00, 0x00, 0x00, 0x00, 0x00, 0x00,
  0x00, 0x00, 0x00, 0x00, 0x00, 0x00, 0x00, 0x00, 0x00, 0x00, 0x00, 0x00, 0x00, 0x00, 0x00, 0x00, 0xab, 0xaf, 0xe9, 0xe8, 0xe8, 0x83, 0xe8, 0xc4, 0xe8, 0xe4, 0xe8, 0xe4, 0xe8, 0xe4, 0xe8, 0xe4,
  0xe8, 0xe4, 0xe8, 0xe4, 0xe8, 0xe4, 0xe8, 0xe4, 0xe8, 0xe4, 0xe8, 0xe4, 0xe8, 0xe4, 0xe8, 0xe4, 0xe8, 0xe4, 0xe8, 0xe4, 0xe8, 0xe4, 0xe8, 0xe4, 0xe8, 0xe4, 0xe8, 0xe4, 0xe8, 0xe4, 0xe8, 0xe4,
  0xe8, 0xe4, 0xe8, 0xe4, 0xe8, 0xe4, 0xe8, 0xe4, 0xe8, 0xe4, 0xe8, 0xe4, 0xe8, 0xe4, 0xe8, 0xe4, 0xe8, 0xe4, 0xe8, 0xe4, 0xe8, 0xe4, 0xe8, 0xe4, 0xe8, 0xe4, 0xe8, 0xe4, 0xe8, 0xe4, 0xe8, 0xe4,
  0xe8, 0xe4, 0xe8, 0xe4, 0xe8, 0xe4, 0xe8, 0xe4, 0xe8, 0xe4, 0xe8, 0xe4, 0xe8, 0xe4, 0xe8, 0xe4, 0xe8, 0xe4, 0xe8, 0xe4, 0xe8, 0xe4, 0xe8, 0xe4, 0xe8, 0xe4, 0xe8, 0xe4, 0xe8, 0xe4, 0xe8, 0xe4,
  0xe8, 0xe4, 0xe8, 0xe4, 0xe8, 0xe4, 0xe8, 0xe4, 0xe8, 0xe4, 0xe8, 0xe4, 0xe8, 0xe4, 0xe8, 0xe4, 0xe8, 0xe4, 0xe8, 0xe4, 0xe8, 0xe4, 0xe8, 0xe4, 0xe8, 0xe4, 0xe8, 0xe4, 0xe8, 0xe4, 0xe8, 0xe4,
  0xe8, 0xe4, 0xe8, 0xe4, 0xe8, 0xe4, 0xe8, 0xe4, 0xe8, 0xe4, 0xe8, 0xe4, 0xe8, 0xe4, 0xe8, 0xe4, 0xe8, 0xe4, 0xe8, 0xe4, 0xe8, 0xe4, 0xe8, 0xe4, 0xe8, 0xe4, 0xe8, 0xe4, 0xe8, 0xe4, 0xe8, 0xe4,
  0xe8, 0xe4, 0xe8, 0xe4, 0xe8, 0xe4, 0xe8, 0xe4, 0xe8, 0xe4, 0xe8, 0xe4, 0xe8, 0xe4, 0xe8, 0xe4, 0xe8, 0xe4, 0xe8, 0xe4, 0xe8, 0xe4, 0xe8, 0xe4, 0xe8, 0xe4, 0xe8, 0xe4, 0xe8, 0xe4, 0xe8, 0xe4,
  0xe8, 0xe4, 0xe8, 0xe4, 0xe8, 0xe4, 0xe8, 0xe4, 0xe8, 0xe4, 0xe8, 0xe4, 0xe8, 0xe4, 0xe8, 0xe4, 0xe8, 0xe4, 0xe8, 0xe4, 0xe8, 0xe4, 0xe8, 0xe4, 0xe8, 0xe4, 0xe8, 0xe4, 0xe8, 0xe4, 0xe8, 0xe4,
  0xe8, 0xe4, 0xe8, 0xe4, 0xe8, 0xe4, 0xe8, 0xe4, 0xe8, 0xe4, 0xe8, 0xe4, 0xe8, 0xe4, 0xe8, 0xe4, 0xe8, 0xe4, 0xe8, 0xe4, 0xe8, 0xe4, 0xe8, 0xe4, 0xe8, 0xe4, 0xe8, 0xe4, 0xe8, 0xe4, 0xe8, 0xe4,
  0xe8, 0xe4, 0xe8, 0xe4, 0xe8, 0xe4, 0xe8, 0xe4, 0xe8, 0xe4, 0xe8, 0xe4, 0xe8, 0xe4, 0xe8, 0xe4, 0xe8, 0xe4, 0xe8, 0xe4, 0xe8, 0xe4, 0xe8, 0xe4, 0xe8, 0xe4, 0xe8, 0xe4, 0xe8, 0xe4, 0xe8, 0xe4,
  0xe8, 0xe4, 0xe8, 0xe4, 0xe8, 0xe4, 0xe8, 0xe4, 0xe8, 0xe4, 0xe8, 0xe4, 0xe8, 0xe4, 0xe8, 0xe4, 0xe8, 0xe4, 0xe8, 0xe4, 0xe8, 0xe4, 0xe8, 0xe4, 0xe8, 0xe4, 0xe8, 0xe4, 0xe8, 0xe4, 0xe8, 0xe4,
  0xe8, 0xe4, 0xe8, 0xe4, 0xe8, 0xe4, 0xe8, 0xe4, 0xe8, 0xe4, 0xe8, 0xe4, 0xe8, 0xe4, 0xe8, 0xe4, 0xe8, 0xe4, 0xe8, 0xe4, 0xe8, 0xe4, 0xe8, 0xe4, 0xe8, 0xe4, 0xe8, 0xe4, 0xe8, 0xe4, 0xe8, 0xe4,
  0xe8, 0xe4, 0xe8, 0xe4, 0xe8, 0xe4, 0xe8, 0xe4, 0xe8, 0xe4, 0xe8, 0xe4, 0xe8, 0xe4, 0xe8, 0xe4, 0xe8, 0xe4, 0xe8, 0xe4, 0xe8, 0xe4, 0xe8, 0xe4, 0xe8, 0xe4, 0xe8, 0xe4, 0xe8, 0xe4, 0xe8, 0xe4,
  0xe8, 0xe4, 0xe8, 0xe4, 0xe8, 0xe4, 0xe8, 0xe4, 0xe8, 0xe4, 0xe8, 0xe4, 0xe8, 0xe4, 0xe8, 0xe4, 0xe8, 0xe4, 0xe8, 0xe4, 0xe8, 0xe4, 0xe8, 0xe4, 0xe8, 0xe4, 0xe8, 0xe4, 0xe8, 0xe4, 0xe8, 0xe4,
  0xe8, 0xe4, 0xe8, 0xe4, 0xe8, 0xe4, 0xe8, 0xe4, 0xe8, 0xe4, 0xe8, 0xe4, 0xe8, 0xe4, 0xe8, 0xe4, 0xe8, 0xe4, 0xe8, 0xe4, 0xe8, 0xe4, 0xe8, 0xe4, 0xe8, 0xe4, 0xe8, 0xe4, 0xe8, 0x83, 0xf3, 0x4d,
  0x00, 0x00, 0x00, 0x00, 0x00, 0x00, 0xf4, 0x92, 0xe8, 0x83, 0xe8, 0xe4, 0xe8, 0xe4, 0xe8, 0xe4, 0xe8, 0xe4, 0xe8, 0xe4, 0xe8, 0xe4, 0xe8, 0xe4, 0xe8, 0xe4, 0xe8, 0xe4, 0xe8, 0xe4, 0xe8, 0xe4,
  0xe8, 0xe4, 0xe8, 0xe4, 0xe8, 0x83, 0xe4, 0x51, 0x00, 0x00, 0x00, 0x00, 0x00, 0x00, 0x00, 0x00, 0x00, 0x00, 0x00, 0x00, 0x00, 0x00, 0x00, 0x00, 0x00, 0x00, 0x00, 0x00, 0x00, 0x00, 0x00, 0x00,
  0x00, 0x00, 0x00, 0x00, 0x00, 0x00, 0x00, 0x00, 0x00, 0x00, 0x00, 0x00, 0x00, 0x00, 0x00, 0x00, 0x00, 0x00, 0x00, 0x00, 0xea, 0x08, 0xe8, 0xa3, 0xe8, 0xe4, 0xe8, 0xe4, 0xe8, 0xe4, 0xe8, 0xe4,
  0xe8, 0xe4, 0xe8, 0xe4, 0xe8, 0xe4, 0xe8, 0xe4, 0xe8, 0xe4, 0xe8, 0xe4, 0xe8, 0xe4, 0xe8, 0xe4, 0xe8, 0xc4, 0xe9, 0x45, 0x41, 0xc7, 0x00, 0x00, 0x00, 0x00, 0x00, 0x00, 0x00, 0x00, 0x00, 0x00,
  0x00, 0x00, 0x00, 0x00, 0x00, 0x00, 0x00, 0x00, 0x00, 0x00, 0x00, 0x00, 0x00, 0x00, 0x00, 0x00, 0x00, 0x00, 0x00, 0x00, 0x00, 0x00, 0x00, 0x00, 0x00, 0x00, 0x00, 0x00, 0x00, 0x00, 0x00, 0x00,
  0x00, 0x00, 0x00, 0x00, 0x00, 0x00, 0x00, 0x00, 0x00, 0x00, 0x00, 0x00, 0x00, 0x00, 0x00, 0x00, 0x00, 0x00, 0x00, 0x00, 0x00, 0x00, 0x00, 0x00, 0x00, 0x00, 0x00, 0x00, 0x00, 0x00, 0x00, 0x00,
  0x00, 0x00, 0x00, 0x00, 0x00, 0x00, 0x00, 0x00, 0x00, 0x00, 0x00, 0x00, 0x00, 0x00, 0x00, 0x00, 0x00, 0x00, 0x00, 0x00, 0x08, 0x41, 0xf3, 0x6e, 0xe8, 0xc4, 0xe8, 0xa3, 0xe8, 0xe4, 0xe8, 0xe4,
  0xe8, 0xe4, 0xe8, 0xe4, 0xe8, 0xe4, 0xe8, 0xe4, 0xe8, 0xe4, 0xe8, 0xe4, 0xe8, 0xe4, 0xe8, 0xe4, 0xe8, 0xe4, 0xe8, 0xe4, 0xe8, 0xe4, 0xe8, 0xe4, 0xe8, 0xe4, 0xe8, 0xe4, 0xe8, 0xe4, 0xe8, 0xe4,
  0xe8, 0xe4, 0xe8, 0xe4, 0xe8, 0xe4, 0xe8, 0xe4, 0xe8, 0xe4, 0xe8, 0xe4, 0xe8, 0xe4, 0xe8, 0xe4, 0xe8, 0xe4, 0xe8, 0xe4, 0xe8, 0xe4, 0xe8, 0xe4, 0xe8, 0xe4, 0xe8, 0xe4, 0xe8, 0xe4, 0xe8, 0xe4,
  0xe8, 0xe4, 0xe8, 0xe4, 0xe8, 0xe4, 0xe8, 0xe4, 0xe8, 0xe4, 0xe8, 0xe4, 0xe8, 0xe4, 0xe8, 0xe4, 0xe8, 0xe4, 0xe8, 0xe4, 0xe8, 0xe4, 0xe8, 0xe4, 0xe8, 0xe4, 0xe8, 0xe4, 0xe8, 0xe4, 0xe8, 0xe4,
  0xe8, 0xe4, 0xe8, 0xe4, 0xe8, 0xe4, 0xe8, 0xe4, 0xe8, 0xe4, 0xe8, 0xe4, 0xe8, 0xe4, 0xe8, 0xe4, 0xe8, 0xe4, 0xe8, 0xe4, 0xe8, 0xe4, 0xe8, 0xe4, 0xe8, 0xe4, 0xe8, 0xe4, 0xe8, 0xe4, 0xe8, 0xe4,
  0xe8, 0xe4, 0xe8, 0xe4, 0xe8, 0xe4, 0xe8, 0xe4, 0xe8, 0xe4, 0xe8, 0xe4, 0xe8, 0xe4, 0xe8, 0xe4, 0xe8, 0xe4, 0xe8, 0xe4, 0xe8, 0xe4, 0xe8, 0xe4, 0xe8, 0xe4, 0xe8, 0xe4, 0xe8, 0xe4, 0xe8, 0xe4,
  0xe8, 0xe4, 0xe8, 0xe4, 0xe8, 0xe4, 0xe8, 0xe4, 0xe8, 0xe4, 0xe8, 0xe4, 0xe8, 0xe4, 0xe8, 0xe4, 0xe8, 0xe4, 0xe8, 0xe4, 0xe8, 0xe4, 0xe8, 0xe4, 0xe8, 0xe4, 0xe8, 0xe4, 0xe8, 0xe4, 0xe8, 0xe4,
  0xe8, 0xe4, 0xe8, 0xe4, 0xe8, 0xe4, 0xe8, 0xe4, 0xe8, 0xe4, 0xe8, 0xe4, 0xe8, 0xe4, 0xe8, 0xe4, 0xe8, 0xe4, 0xe8, 0xe4, 0xe8, 0xe4, 0xe8, 0xe4, 0xe8, 0xe4, 0xe8, 0xe4, 0xe8, 0xe4, 0xe8, 0xe4,
  0xe8, 0xe4, 0xe8, 0xe4, 0xe8, 0xe4, 0xe8, 0xe4, 0xe8, 0xe4, 0xe8, 0xe4, 0xe8, 0xe4, 0xe8, 0xe4, 0xe8, 0xe4, 0xe8, 0xe4, 0xe8, 0xe4, 0xe8, 0xe4, 0xe8, 0xe4, 0xe8, 0xe4, 0xe8, 0xe4, 0xe8, 0xe4,
  0xe8, 0xe4, 0xe8, 0xe4, 0xe8, 0xe4, 0xe8, 0xe4, 0xe8, 0xe4, 0xe8, 0xe4, 0xe8, 0xe4, 0xe8, 0xe4, 0xe8, 0xe4, 0xe8, 0xe4, 0xe8, 0xe4, 0xe8, 0xe4, 0xe8, 0xe4, 0xe8, 0xe4, 0xe8, 0xe4, 0xe8, 0xe4,
  0xe8, 0xe4, 0xe8, 0xe4, 0xe8, 0xe4, 0xe8, 0xe4, 0xe8, 0xe4, 0xe8, 0xe4, 0xe8, 0xe4, 0xe8, 0xe4, 0xe8, 0xe4, 0xe8, 0xe4, 0xe8, 0xe4, 0xe8, 0xe4, 0xe8, 0xe4, 0xe8, 0xe4, 0xe8, 0xe4, 0xe8, 0xe4,
  0xe8, 0xe4, 0xe8, 0xe4, 0xe8, 0xe4, 0xe8, 0xe4, 0xe8, 0xe4, 0xe8, 0xe4, 0xe8, 0xe4, 0xe8, 0xe4, 0xe8, 0xe4, 0xe8, 0xe4, 0xe8, 0xe4, 0xe8, 0xe4, 0xe8, 0xe4, 0xe8, 0xe4, 0xe8, 0xe4, 0xe8, 0xe4,
  0xe8, 0xe4, 0xe8, 0xe4, 0xe8, 0xe4, 0xe8, 0xe4, 0xe8, 0xe4, 0xe8, 0xe4, 0xe8, 0xe4, 0xe8, 0xe4, 0xe8, 0xe4, 0xe8, 0xe4, 0xe8, 0xe4, 0xe8, 0xe4, 0xe8, 0xe4, 0xe8, 0xe4, 0xe8, 0xe4, 0xe8, 0xe4,
  0xe8, 0xe4, 0xe8, 0xe4, 0xe8, 0xe4, 0xe8, 0xe4, 0xe8, 0xe4, 0xe8, 0xe4, 0xe8, 0xe4, 0xe8, 0xe4, 0xe8, 0xe4, 0xe8, 0xe4, 0xe8, 0xe4, 0xe8, 0xe4, 0xe8, 0xe4, 0xe8, 0xe4, 0xe8, 0xe4, 0xe8, 0xe4,
  0xe8, 0xe4, 0xe8, 0xe4, 0xe8, 0xe4, 0xe8, 0xe4, 0xe8, 0xe4, 0xe8, 0xe4, 0xe8, 0xe4, 0xe8, 0xe4, 0xe8, 0xe4, 0xe8, 0xe4, 0xe8, 0xe4, 0xe8, 0xe4, 0xe8, 0xe4, 0xe8, 0xe4, 0xe8, 0xe4, 0xe8, 0xe4,
  0xe8, 0xe4, 0xe8, 0xc4, 0xe9, 0x05, 0x62, 0x69, 0x00, 0x00, 0x00, 0x00, 0x10, 0x61, 0xe9, 0xa7, 0xe8, 0xa3, 0xe8, 0xe4, 0xe8, 0xe4, 0xe8, 0xe4, 0xe8, 0xe4, 0xe8, 0xe4, 0xe8, 0xe4, 0xe8, 0xe4,
  0xe8, 0xe4, 0xe8, 0xe4, 0xe8, 0xe4, 0xe8, 0xe4, 0xe8, 0xe4, 0xe8, 0xa3, 0xea, 0x09, 0x00, 0x00, 0x00, 0x00, 0x00, 0x00, 0x00, 0x00, 0x00, 0x00, 0x00, 0x00, 0x00, 0x00, 0x00, 0x00, 0x00, 0x00,
  0x00, 0x00, 0x00, 0x00, 0x00, 0x00, 0x00, 0x00, 0x00, 0x00, 0x00, 0x00, 0x00, 0x00, 0x00, 0x00, 0x00, 0x00, 0x00, 0x00, 0x00, 0x00, 0x00, 0x00, 0x00, 0x00, 0xdc, 0x51, 0xe8, 0x83, 0xe8, 0xe4,
  0xe8, 0xe4, 0xe8, 0xe4, 0xe8, 0xe4, 0xe8, 0xe4, 0xe8, 0xe4, 0xe8, 0xe4, 0xe8, 0xe4, 0xe8, 0xe4, 0xe8, 0xe4, 0xe8, 0xe4, 0xe8, 0xe4, 0xe8, 0xe4, 0xe8, 0x83, 0xf3, 0xcf, 0x00, 0x00, 0x00, 0x00,
  0x00, 0x00, 0x00, 0x00, 0x00, 0x00, 0x00, 0x00, 0x00, 0x00, 0x00, 0x00, 0x00, 0x00, 0x00, 0x00, 0x00, 0x00, 0x00, 0x00, 0x00, 0x00, 0x00, 0x00, 0x00, 0x00, 0x00, 0x00, 0x00, 0x00, 0x00, 0x00,
  0x00, 0x00, 0x00, 0x00, 0x00, 0x00, 0x00, 0x00, 0x00, 0x00, 0x00, 0x00, 0x00, 0x00, 0x00, 0x00, 0x00, 0x00, 0x00, 0x00, 0x00, 0x00, 0x00, 0x00, 0x00, 0x00, 0x00, 0x00, 0x00, 0x00, 0x00, 0x00,
  0x00, 0x00, 0x00, 0x00, 0x00, 0x00, 0x00, 0x00, 0x00, 0x00, 0x00, 0x00, 0x00, 0x00, 0x00, 0x00, 0x00, 0x00, 0x00, 0x00, 0x00, 0x00, 0x00, 0x00, 0x00, 0x00, 0x6a, 0xaa, 0xe9, 0xe8, 0xe8, 0x83,
  0xe8, 0xe4, 0xe8, 0xe4, 0xe8, 0xe4, 0xe8, 0xe4, 0xe8, 0xe4, 0xe8, 0xe4, 0xe8, 0xe4, 0xe8, 0xe4, 0xe8, 0xe4, 0xe8, 0xe4, 0xe8, 0xe4, 0xe8, 0xe4, 0xe8, 0xe4, 0xe8, 0xe4, 0xe8, 0xe4, 0xe8, 0xe4,
  0xe8, 0xe4, 0xe8, 0xe4, 0xe8, 0xe4, 0xe8, 0xe4, 0xe8, 0xe4, 0xe8, 0xe4, 0xe8, 0xe4, 0xe8, 0xe4, 0xe8, 0xe4, 0xe8, 0xe4, 0xe8, 0xe4, 0xe8, 0xe4, 0xe8, 0xe4, 0xe8, 0xe4, 0xe8, 0xe4, 0xe8, 0xe4,
  0xe8, 0xe4, 0xe8, 0xe4, 0xe8, 0xe4, 0xe8, 0xe4, 0xe8, 0xe4, 0xe8, 0xe4, 0xe8, 0xe4, 0xe8, 0xe4, 0xe8, 0xe4, 0xe8, 0xe4, 0xe8, 0xe4, 0xe8, 0xe4, 0xe8, 0xe4, 0xe8, 0xe4, 0xe8, 0xe4, 0xe8, 0xe4,
  0xe8, 0xe4, 0xe8, 0xe4, 0xe8, 0xe4, 0xe8, 0xe4, 0xe8, 0xe4, 0xe8, 0xe4, 0xe8, 0xe4, 0xe8, 0xe4, 0xe8, 0xe4, 0xe8, 0xe4, 0xe8, 0xe4, 0xe8, 0xe4, 0xe8, 0xe4, 0xe8, 0xe4, 0xe8, 0xe4, 0xe8, 0xe4,
  0xe8, 0xe4, 0xe8, 0xe4, 0xe8, 0xe4, 0xe8, 0xe4, 0xe8, 0xe4, 0xe8, 0xe4, 0xe8, 0xe4, 0xe8, 0xe4, 0xe8, 0xe4, 0xe8, 0xe4, 0xe8, 0xe4, 0xe8, 0xe4, 0xe8, 0xe4, 0xe8, 0xe4, 0xe8, 0xe4, 0xe8, 0xe4,
  0xe8, 0xe4, 0xe8, 0xe4, 0xe8, 0xe4, 0xe8, 0xe4, 0xe8, 0xe4, 0xe8, 0xe4, 0xe8, 0xe4, 0xe8, 0xe4, 0xe8, 0xe4, 0xe8, 0xe4, 0xe8, 0xe4, 0xe8, 0xe4, 0xe8, 0xe4, 0xe8, 0xe4, 0xe8, 0xe4, 0xe8, 0xe4,
  0xe8, 0xe4, 0xe8, 0xe4, 0xe8, 0xe4, 0xe8, 0xe4, 0xe8, 0xe4, 0xe8, 0xe4, 0xe8, 0xe4, 0xe8, 0xe4, 0xe8, 0xe4, 0xe8, 0xe4, 0xe8, 0xe4, 0xe8, 0xe4, 0xe8, 0xe4, 0xe8, 0xe4, 0xe8, 0xe4, 0xe8, 0xe4,
  0xe8, 0xe4, 0xe8, 0xe4, 0xe8, 0xe4, 0xe8, 0xe4, 0xe8, 0xe4, 0xe8, 0xe4, 0xe8, 0xe4, 0xe8, 0xe4, 0xe8, 0xe4, 0xe8, 0xe4, 0xe8, 0xe4, 0xe8, 0xe4, 0xe8, 0xe4, 0xe8, 0xe4, 0xe8, 0xe4, 0xe8, 0xe4,
  0xe8, 0xe4, 0xe8, 0xe4, 0xe8, 0xe4, 0xe8, 0xe4, 0xe8, 0xe4, 0xe8, 0xe4, 0xe8, 0xe4, 0xe8, 0xe4, 0xe8, 0xe4, 0xe8, 0xe4, 0xe8, 0xe4, 0xe8, 0xe4, 0xe8, 0xe4, 0xe8, 0xe4, 0xe8, 0xe4, 0xe8, 0xe4,
  0xe8, 0xe4, 0xe8, 0xe4, 0xe8, 0xe4, 0xe8, 0xe4, 0xe8, 0xe4, 0xe8, 0xe4, 0xe8, 0xe4, 0xe8, 0xe4, 0xe8, 0xe4, 0xe8, 0xe4, 0xe8, 0xe4, 0xe8, 0xe4, 0xe8, 0xe4, 0xe8, 0xe4, 0xe8, 0xe4, 0xe8, 0xe4,
  0xe8, 0xe4, 0xe8, 0xe4, 0xe8, 0xe4, 0xe8, 0xe4, 0xe8, 0xe4, 0xe8, 0xe4, 0xe8, 0xe4, 0xe8, 0xe4, 0xe8, 0xe4, 0xe8, 0xe4, 0xe8, 0xe4, 0xe8, 0xe4, 0xe8, 0xe4, 0xe8, 0xe4, 0xe8, 0xe4, 0xe8, 0xe4,
  0xe8, 0xe4, 0xe8, 0xe4, 0xe8, 0xe4, 0xe8, 0xe4, 0xe8, 0xe4, 0xe8, 0xe4, 0xe8, 0xe4, 0xe8, 0xe4, 0xe8, 0xe4, 0xe8, 0xe4, 0xe8, 0xe4, 0xe8, 0xe4, 0xe8, 0xe4, 0xe8, 0xe4, 0xe8, 0xe4, 0xe8, 0xe4,
  0xe8, 0xe4, 0xe8, 0xe4, 0xe8, 0xe4, 0xe8, 0xe4, 0xe8, 0xe4, 0xe8, 0xe4, 0xe8, 0xe4, 0xe8, 0xe4, 0xe8, 0xe4, 0xe8, 0xe4, 0xe8, 0xe4, 0xe8, 0xe4, 0xe8, 0xe4, 0xe8, 0xe4, 0xe8, 0xe4, 0xe8, 0xe4,
  0xe8, 0xe4, 0xe8, 0xe4, 0xe8, 0xe4, 0xe8, 0xe4, 0xe8, 0xe4, 0xe8, 0xe4, 0xe8, 0xe4, 0xe8, 0xe4, 0xe8, 0xe4, 0xe8, 0xe4, 0xe8, 0xe4, 0xe8, 0xe4, 0xe8, 0xe4, 0xe8, 0xe4, 0xe8, 0xe4, 0xe8, 0xe4,
  0xe8, 0xe4, 0xe8, 0xe4, 0xe8, 0xe4, 0xe8, 0xe4, 0xe8, 0xe4, 0xe8, 0x83, 0xf3, 0x2d, 0x00, 0x00, 0x00, 0x00, 0x00, 0x00, 0xf4, 0x72, 0xe8, 0x83, 0xe8, 0xe4, 0xe8, 0xe4, 0xe8, 0xe4, 0xe8, 0xe4,
  0xe8, 0xe4, 0xe8, 0xe4, 0xe8, 0xe4, 0xe8, 0xe4, 0xe8, 0xe4, 0xe8, 0xe4, 0xe8, 0xe4, 0xe8, 0xe4, 0xe8, 0xe4, 0xe8, 0xa3, 0xcc, 0x31, 0x00, 0x00, 0x00, 0x00, 0x00, 0x00, 0x00, 0x00, 0x00, 0x00,
  0x00, 0x00, 0x00, 0x00, 0x00, 0x00, 0x00, 0x00, 0x00, 0x00, 0x00, 0x00, 0x00, 0x00, 0x00, 0x00, 0x00, 0x00, 0x00, 0x00, 0x00, 0x00, 0x00, 0x00, 0x00, 0x00, 0x00, 0x00, 0x00, 0x00, 0x00, 0x00,
  0x00, 0x00, 0xe9, 0xe8, 0xe8, 0xa3, 0xe8, 0xe4, 0xe8, 0xe4, 0xe8, 0xe4, 0xe8, 0xe4, 0xe8, 0xe4, 0xe8, 0xe4, 0xe8, 0xe4, 0xe8, 0xe4, 0xe8, 0xe4, 0xe8, 0xe4, 0xe8, 0xe4, 0xe8, 0xe4, 0xe8, 0xc4,
  0xe9, 0x66, 0x31, 0x45, 0x00, 0x00, 0x00, 0x00, 0x00, 0x00, 0x00, 0x00, 0x00, 0x00, 0x00, 0x00, 0x00, 0x00, 0x00, 0x00, 0x00, 0x00, 0x00, 0x00, 0x00, 0x00, 0x00, 0x00, 0x00, 0x00, 0x00, 0x00,
  0x00, 0x00, 0x00, 0x00, 0x00, 0x00, 0x00, 0x00, 0x00, 0x00, 0x00, 0x00, 0x00, 0x00, 0x00, 0x00, 0x00, 0x00, 0x00, 0x00, 0x00, 0x00, 0x00, 0x00, 0x00, 0x00, 0x00, 0x00, 0x00, 0x00, 0x00, 0x00,
  0x00, 0x00, 0x00, 0x00, 0x00, 0x00, 0x00, 0x00, 0x00, 0x00, 0x00, 0x00, 0x00, 0x00, 0x00, 0x00, 0x00, 0x00, 0x00, 0x00, 0x00, 0x00, 0x00, 0x00, 0x00, 0x00, 0x00, 0x00, 0x00, 0x00, 0x00, 0x00,
  0xcc, 0x10, 0xe9, 0x25, 0xe8, 0xa3, 0xe8, 0xe4, 0xe8, 0xe4, 0xe8, 0xe4, 0xe8, 0xe4, 0xe8, 0xe4, 0xe8, 0xe4, 0xe8, 0xe4, 0xe8, 0xe4, 0xe8, 0xe4, 0xe8, 0xe4, 0xe8, 0xe4, 0xe8, 0xe4, 0xe8, 0xe4,
  0xe8, 0xe4, 0xe8, 0xe4, 0xe8, 0xe4, 0xe8, 0xe4, 0xe8, 0xe4, 0xe8, 0xe4, 0xe8, 0xe4, 0xe8, 0xe4, 0xe8, 0xe4, 0xe8, 0xe4, 0xe8, 0xe4, 0xe8, 0xe4, 0xe8, 0xe4, 0xe8, 0xe4, 0xe8, 0xe4, 0xe8, 0xe4,
  0xe8, 0xe4, 0xe8, 0xe4, 0xe8, 0xe4, 0xe8, 0xe4, 0xe8, 0xe4, 0xe8, 0xe4, 0xe8, 0xe4, 0xe8, 0xe4, 0xe8, 0xe4, 0xe8, 0xe4, 0xe8, 0xe4, 0xe8, 0xe4, 0xe8, 0xe4, 0xe8, 0xe4, 0xe8, 0xe4, 0xe8, 0xe4,
  0xe8, 0xe4, 0xe8, 0xe4, 0xe8, 0xe4, 0xe8, 0xe4, 0xe8, 0xe4, 0xe8, 0xe4, 0xe8, 0xe4, 0xe8, 0xe4, 0xe8, 0xe4, 0xe8, 0xe4, 0xe8, 0xe4, 0xe8, 0xe4, 0xe8, 0xe4, 0xe8, 0xe4, 0xe8, 0xe4, 0xe8, 0xe4,
  0xe8, 0xe4, 0xe8, 0xe4, 0xe8, 0xe4, 0xe8, 0xe4, 0xe8, 0xe4, 0xe8, 0xe4, 0xe8, 0xe4, 0xe8, 0xe4, 0xe8, 0xe4, 0xe8, 0xe4, 0xe8, 0xe4, 0xe8, 0xe4, 0xe8, 0xe4, 0xe8, 0xe4, 0xe8, 0xe4, 0xe8, 0xe4,
  0xe8, 0xe4, 0xe8, 0xe4, 0xe8, 0xe4, 0xe8, 0xe4, 0xe8, 0xe4, 0xe8, 0xe4, 0xe8, 0xe4, 0xe8, 0xe4, 0xe8, 0xe4, 0xe8, 0xe4, 0xe8, 0xe4, 0xe8, 0xe4, 0xe8, 0xe4, 0xe8, 0xe4, 0xe8, 0xe4, 0xe8, 0xe4,
  0xe8, 0xe4, 0xe8, 0xe4, 0xe8, 0xe4, 0xe8, 0xe4, 0xe8, 0xe4, 0xe8, 0xe4, 0xe8, 0xe4, 0xe8, 0xe4, 0xe8, 0xe4, 0xe8, 0xe4, 0xe8, 0xe4, 0xe8, 0xe4, 0xe8, 0xe4, 0xe8, 0xe4, 0xe8, 0xe4, 0xe8, 0xe4,
  0xe8, 0xe4, 0xe8, 0xe4, 0xe8, 0xe4, 0xe8, 0xe4, 0xe8, 0xe4, 0xe8, 0xe4, 0xe8, 0xe4, 0xe8, 0xe4, 0xe8, 0xe4, 0xe8, 0xe4, 0xe8, 0xe4, 0xe8, 0xe4, 0xe8, 0xe4, 0xe8, 0xe4, 0xe8, 0xe4, 0xe8, 0xe4,
  0xe8, 0xe4, 0xe8, 0xe4, 0xe8, 0xe4, 0xe8, 0xe4, 0xe8, 0xe4, 0xe8, 0xe4, 0xe8, 0xe4, 0xe8, 0xe4, 0xe8, 0xe4, 0xe8, 0xe4, 0xe8, 0xe4, 0xe8, 0xe4, 0xe8, 0xe4, 0xe8, 0xe4, 0xe8, 0xe4, 0xe8, 0xe4,
  0xe8, 0xe4, 0xe8, 0xe4, 0xe8, 0xe4, 0xe8, 0xe4, 0xe8, 0xe4, 0xe8, 0xe4, 0xe8, 0xe4, 0xe8, 0xe4, 0xe8, 0xe4, 0xe8, 0xe4, 0xe8, 0xe4, 0xe8, 0xe4, 0xe8, 0xe4, 0xe8, 0xe4, 0xe8, 0xe4, 0xe8, 0xe4,
  0xe8, 0xe4, 0xe8, 0xe4, 0xe8, 0xe4, 0xe8, 0xe4, 0xe8, 0xe4, 0xe8, 0xe4, 0xe8, 0xe4, 0xe8, 0xe4, 0xe8, 0xe4, 0xe8, 0xe4, 0xe8, 0xe4, 0xe8, 0xe4, 0xe8, 0xe4, 0xe8, 0xe4, 0xe8, 0xe4, 0xe8, 0xe4,
  0xe8, 0xe4, 0xe8, 0xe4, 0xe8, 0xe4, 0xe8, 0xe4, 0xe8, 0xe4, 0xe8, 0xe4, 0xe8, 0xe4, 0xe8, 0xe4, 0xe8, 0xe4, 0xe8, 0xe4, 0xe8, 0xe4, 0xe8, 0xe4, 0xe8, 0xe4, 0xe8, 0xe4, 0xe8, 0xe4, 0xe8, 0xe4,
  0xe8, 0xe4, 0xe8, 0xe4, 0xe8, 0xe4, 0xe8, 0xe4, 0xe8, 0xe4, 0xe8, 0xe4, 0xe8, 0xe4, 0xe8, 0xe4, 0xe8, 0xe4, 0xe8, 0xe4, 0xe8, 0xe4, 0xe8, 0xe4, 0xe8, 0xe4, 0xe8, 0xe4, 0xe8, 0xe4, 0xe8, 0xe4,
  0xe8, 0xe4, 0xe8, 0xe4, 0xe8, 0xe4, 0xe8, 0xe4, 0xe8, 0xe4, 0xe8, 0xe4, 0xe8, 0xe4, 0xe8, 0xe4, 0xe8, 0xe4, 0xe8, 0xe4, 0xe8, 0xe4, 0xe8, 0xe4, 0xe8, 0xe4, 0xe8, 0xe4, 0xe8, 0xe4, 0xe8, 0xe4,
  0xe8, 0xe4, 0xe8, 0xe4, 0xe8, 0xe4, 0xe8, 0xe4, 0xe8, 0xe4, 0xe8, 0xe4, 0xe8, 0xe4, 0xe8, 0xe4, 0xe8, 0xc4, 0xe8, 0xe4, 0x62, 0x8a, 0x00, 0x00, 0x00, 0x00, 0x10, 0x82, 0xe9, 0xa7, 0xe8, 0xa3,
  0xe8, 0xe4, 0xe8, 0xe4, 0xe8, 0xe4, 0xe8, 0xe4, 0xe8, 0xe4, 0xe8, 0xe4, 0xe8, 0xe4, 0xe8, 0xe4, 0xe8, 0xe4, 0xe8, 0xe4, 0xe8, 0xe4, 0xe8, 0xe4, 0xe8, 0xa3, 0xf2, 0x49, 0x00, 0x00, 0x00, 0x00,
  0x00, 0x00, 0x00, 0x00, 0x00, 0x00, 0x00, 0x00, 0x00, 0x00, 0x00, 0x00, 0x00, 0x00, 0x00, 0x00, 0x00, 0x00, 0x00, 0x00, 0x00, 0x00, 0x00, 0x00, 0x00, 0x00, 0x00, 0x00, 0x00, 0x00, 0x00, 0x00,
  0x00, 0x00, 0x00, 0x00, 0x00, 0x00, 0x00, 0x00, 0xe4, 0x72, 0xe8, 0x83, 0xe8, 0xe4, 0xe8, 0xe4, 0xe8, 0xe4, 0xe8, 0xe4, 0xe8, 0xe4, 0xe8, 0xe4, 0xe8, 0xe4, 0xe8, 0xe4, 0xe8, 0xe4, 0xe8, 0xe4,
  0xe8, 0xe4, 0xe8, 0xe4, 0xe8, 0xe4, 0xe8, 0x83, 0xf4, 0x10, 0x00, 0x00, 0x00, 0x00, 0x00, 0x00, 0x00, 0x00, 0x00, 0x00, 0x00, 0x00, 0x00, 0x00, 0x00, 0x00, 0x00, 0x00, 0x00, 0x00, 0x00, 0x00,
  0x00, 0x00, 0x00, 0x00, 0x00, 0x00, 0x00, 0x00, 0x00, 0x00, 0x00, 0x00, 0x00, 0x00, 0x00, 0x00, 0x00, 0x00, 0x00, 0x00, 0x00, 0x00, 0x00, 0x00, 0x00, 0x00, 0x00, 0x00, 0x00, 0x00, 0x00, 0x00,
  0x00, 0x00, 0x00, 0x00, 0x00, 0x00, 0x00, 0x00, 0x00, 0x00, 0x00, 0x00, 0x00, 0x00, 0x00, 0x00, 0x00, 0x00, 0x00, 0x00, 0x00, 0x00, 0x00, 0x00, 0x00, 0x00, 0x00, 0x00, 0x00, 0x00, 0x00, 0x00,
  0x00, 0x00, 0x00, 0x00, 0x00, 0x00, 0xf4, 0x51, 0xe8, 0xc4, 0xe8, 0xc4, 0xe8, 0xe4, 0xe8, 0xe4, 0xe8, 0xe4, 0xe8, 0xe4, 0xe8, 0xe4, 0xe8, 0xe4, 0xe8, 0xe4, 0xe8, 0xe4, 0xe8, 0xe4, 0xe8, 0xe4,
  0xe8, 0xe4, 0xe8, 0xe4, 0xe8, 0xe4, 0xe8, 0xe4, 0xe8, 0xe4, 0xe8, 0xe4, 0xe8, 0xe4, 0xe8, 0xe4, 0xe8, 0xe4, 0xe8, 0xe4, 0xe8, 0xe4, 0xe8, 0xe4, 0xe8, 0xe4, 0xe8, 0xe4, 0xe8, 0xe4, 0xe8, 0xe4,
  0xe8, 0xe4, 0xe8, 0xe4, 0xe8, 0xe4, 0xe8, 0xe4, 0xe8, 0xe4, 0xe8, 0xe4, 0xe8, 0xe4, 0xe8, 0xe4, 0xe8, 0xe4, 0xe8, 0xe4, 0xe8, 0xe4, 0xe8, 0xe4, 0xe8, 0xe4, 0xe8, 0xe4, 0xe8, 0xe4, 0xe8, 0xe4,
  0xe8, 0xe4, 0xe8, 0xe4, 0xe8, 0xe4, 0xe8, 0xe4, 0xe8, 0xe4, 0xe8, 0xe4, 0xe8, 0xe4, 0xe8, 0xe4, 0xe8, 0xe4, 0xe8, 0xe4, 0xe8, 0xe4, 0xe8, 0xe4, 0xe8, 0xe4, 0xe8, 0xe4, 0xe8, 0xe4, 0xe8, 0xe4,
  0xe8, 0xe4, 0xe8, 0xe4, 0xe8, 0xe4, 0xe8, 0xe4, 0xe8, 0xe4, 0xe8, 0xe4, 0xe8, 0xe4, 0xe8, 0xe4, 0xe8, 0xe4, 0xe8, 0xe4, 0xe8, 0xe4, 0xe8, 0xe4, 0xe8, 0xe4, 0xe8, 0xe4, 0xe8, 0xe4, 0xe8, 0xe4,
  0xe8, 0xe4, 0xe8, 0xe4, 0xe8, 0xe4, 0xe8, 0xe4, 0xe8, 0xe4, 0xe8, 0xe4, 0xe8, 0xe4, 0xe8, 0xe4, 0xe8, 0xe4, 0xe8, 0xe4, 0xe8, 0xe4, 0xe8, 0xe4, 0xe8, 0xe4, 0xe8, 0xe4, 0xe8, 0xe4, 0xe8, 0xe4,
  0xe8, 0xe4, 0xe8, 0xe4, 0xe8, 0xe4, 0xe8, 0xe4, 0xe8, 0xe4, 0xe8, 0xe4, 0xe8, 0xe4, 0xe8, 0xe4, 0xe8, 0xe4, 0xe8, 0xe4, 0xe8, 0xe4, 0xe8, 0xe4, 0xe8, 0xe4, 0xe8, 0xe4, 0xe8, 0xe4, 0xe8, 0xe4,
  0xe8, 0xe4, 0xe8, 0xe4, 0xe8, 0xe4, 0xe8, 0xe4, 0xe8, 0xe4, 0xe8, 0xe4, 0xe8, 0xe4, 0xe8, 0xe4, 0xe8, 0xe4, 0xe8, 0xe4, 0xe8, 0xe4, 0xe8, 0xe4, 0xe8, 0xe4, 0xe8, 0xe4, 0xe8, 0xe4, 0xe8, 0xe4,
  0xe8, 0xe4, 0xe8, 0xe4, 0xe8, 0xe4, 0xe8, 0xe4, 0xe8, 0xe4, 0xe8, 0xe4, 0xe8, 0xe4, 0xe8, 0xe4, 0xe8, 0xe4, 0xe8, 0xe4, 0xe8, 0xe4, 0xe8, 0xe4, 0xe8, 0xe4, 0xe8, 0xe4, 0xe8, 0xe4, 0xe8, 0xe4,
  0xe8, 0xe4, 0xe8, 0xe4, 0xe8, 0xe4, 0xe8, 0xe4, 0xe8, 0xe4, 0xe8, 0xe4, 0xe8, 0xe4, 0xe8, 0xe4, 0xe8, 0xe4, 0xe8, 0xe4, 0xe8, 0xe4, 0xe8, 0xe4, 0xe8, 0xe4, 0xe8, 0xe4, 0xe8, 0xe4, 0xe8, 0xe4,
  0xe8, 0xe4, 0xe8, 0xe4, 0xe8, 0xe4, 0xe8, 0xe4, 0xe8, 0xe4, 0xe8, 0xe4, 0xe8, 0xe4, 0xe8, 0xe4, 0xe8, 0xe4, 0xe8, 0xe4, 0xe8, 0xe4, 0xe8, 0xe4, 0xe8, 0xe4, 0xe8, 0xe4, 0xe8, 0xe4, 0xe8, 0xe4,
  0xe8, 0xe4, 0xe8, 0xe4, 0xe8, 0xe4, 0xe8, 0xe4, 0xe8, 0xe4, 0xe8, 0xe4, 0xe8, 0xe4, 0xe8, 0xe4, 0xe8, 0xe4, 0xe8, 0xe4, 0xe8, 0xe4, 0xe8, 0xe4, 0xe8, 0xe4, 0xe8, 0xe4, 0xe8, 0xe4, 0xe8, 0xe4,
  0xe8, 0xe4, 0xe8, 0xe4, 0xe8, 0xe4, 0xe8, 0xe4, 0xe8, 0xe4, 0xe8, 0xe4, 0xe8, 0xe4, 0xe8, 0xe4, 0xe8, 0xe4, 0xe8, 0xe4, 0xe8, 0xe4, 0xe8, 0xe4, 0xe8, 0xe4, 0xe8, 0xe4, 0xe8, 0xe4, 0xe8, 0xe4,
  0xe8, 0xe4, 0xe8, 0xe4, 0xe8, 0xe4, 0xe8, 0xe4, 0xe8, 0xe4, 0xe8, 0xe4, 0xe8, 0xe4, 0xe8, 0xe4, 0xe8, 0xe4, 0xe8, 0xe4, 0xe8, 0xe4, 0xe8, 0xe4, 0xe8, 0xe4, 0xe8, 0xe4, 0xe8, 0xe4, 0xe8, 0xe4,
  0xe8, 0xe4, 0xe8, 0xe4, 0xe8, 0xe4, 0xe8, 0xe4, 0xe8, 0xe4, 0xe8, 0xe4, 0xe8, 0xe4, 0xe8, 0xe4, 0xe8, 0xe4, 0xe8, 0xe4, 0xe8, 0xe4, 0xe8, 0xe4, 0xe8, 0x83, 0xf3, 0x0d, 0x00, 0x00, 0x00, 0x00,
  0x00, 0x00, 0xf4, 0x51, 0xe8, 0x83, 0xe8, 0xe4, 0xe8, 0xe4, 0xe8, 0xe4, 0xe8, 0xe4, 0xe8, 0xe4, 0xe8, 0xe4, 0xe8, 0xe4, 0xe8, 0xe4, 0xe8, 0xe4, 0xe8, 0xe4, 0xe8, 0xe4, 0xe8, 0xe4, 0xe8, 0xe4,
  0xe8, 0xa4, 0xb3, 0xcf, 0x00, 0x00, 0x00, 0x00, 0x00, 0x00, 0x00, 0x00, 0x00, 0x00, 0x00, 0x00, 0x00, 0x00, 0x00, 0x00, 0x00, 0x00, 0x00, 0x00, 0x00, 0x00, 0x00, 0x00, 0x00, 0x00, 0x00, 0x00,
  0x00, 0x00, 0x00, 0x00, 0x00, 0x00, 0x00, 0x00, 0x00, 0x00, 0x00, 0x00, 0x00, 0x00, 0x00, 0x00, 0xe9, 0xc8, 0xe8, 0xa3, 0xe8, 0xe4, 0xe8, 0xe4, 0xe8, 0xe4, 0xe8, 0xe4, 0xe8, 0xe4, 0xe8, 0xe4,
  0xe8, 0xe4, 0xe8, 0xe4, 0xe8, 0xe4, 0xe8, 0xe4, 0xe8, 0xe4, 0xe8, 0xe4, 0xe8, 0xc4, 0xe9, 0x87, 0x20, 0xe3, 0x00, 0x00, 0x00, 0x00, 0x00, 0x00, 0x00, 0x00, 0x00, 0x00, 0x00, 0x00, 0x00, 0x00,
  0x00, 0x00, 0x00, 0x00, 0x00, 0x00, 0x00, 0x00, 0x00, 0x00, 0x00, 0x00, 0x00, 0x00, 0x00, 0x00, 0x00, 0x00, 0x00, 0x00, 0x00, 0x00, 0x00, 0x00, 0x00, 0x00, 0x00, 0x00, 0x00, 0x00, 0x00, 0x00,
  0x00, 0x00, 0x00, 0x00, 0x00, 0x00, 0x00, 0x00, 0x00, 0x00, 0x00, 0x00, 0x00, 0x00, 0x00, 0x00, 0x00, 0x00, 0x00, 0x00, 0x00, 0x00, 0x00, 0x00, 0x00, 0x00, 0x00, 0x00, 0x00, 0x00, 0x00, 0x00,
  0x00, 0x00, 0x00, 0x00, 0x00, 0x00, 0x00, 0x00, 0x00, 0x00, 0x00, 0x00, 0xf3, 0xcf, 0xe8, 0x83, 0xe8, 0xe4, 0xe8, 0xe4, 0xe8, 0xe4, 0xe8, 0xe4, 0xe8, 0xe4, 0xe8, 0xe4, 0xe8, 0xe4, 0xe8, 0xe4,
  0xe8, 0xe4, 0xe8, 0xe4, 0xe8, 0xe4, 0xe8, 0xe4, 0xe8, 0xe4, 0xe8, 0xe4, 0xe8, 0xe4, 0xe8, 0xe4, 0xe8, 0xe4, 0xe8, 0xe4, 0xe8, 0xe4, 0xe8, 0xe4, 0xe8, 0xe4, 0xe8, 0xe4, 0xe8, 0xe4, 0xe8, 0xe4,
  0xe8, 0xe4, 0xe8, 0xe4, 0xe8, 0xe4, 0xe8, 0xe4, 0xe8, 0xe4, 0xe8, 0xe4, 0xe8, 0xe4, 0xe8, 0xe4, 0xe8, 0xe4, 0xe8, 0xe4, 0xe8, 0xe4, 0xe8, 0xe4, 0xe8, 0xe4, 0xe8, 0xe4, 0xe8, 0xe4, 0xe8, 0xe4,
  0xe8, 0xe4, 0xe8, 0xe4, 0xe8, 0xe4, 0xe8, 0xe4, 0xe8, 0xe4, 0xe8, 0xe4, 0xe8, 0xe4, 0xe8, 0xe4, 0xe8, 0xe4, 0xe8, 0xe4, 0xe8, 0xe4, 0xe8, 0xe4, 0xe8, 0xe4, 0xe8, 0xe4, 0xe8, 0xe4, 0xe8, 0xe4,
  0xe8, 0xe4, 0xe8, 0xe4, 0xe8, 0xe4, 0xe8, 0xe4, 0xe8, 0xe4, 0xe8, 0xe4, 0xe8, 0xe4, 0xe8, 0xe4, 0xe8, 0xe4, 0xe8, 0xe4, 0xe8, 0xe4, 0xe8, 0xe4, 0xe8, 0xe4, 0xe8, 0xe4, 0xe8, 0xe4, 0xe8, 0xe4,
  0xe8, 0xe4, 0xe8, 0xe4, 0xe8, 0xe4, 0xe8, 0xe4, 0xe8, 0xe4, 0xe8, 0xe4, 0xe8, 0xe4, 0xe8, 0xe4, 0xe8, 0xe4, 0xe8, 0xe4, 0xe8, 0xe4, 0xe8, 0xe4, 0xe8, 0xe4, 0xe8, 0xe4, 0xe8, 0xe4, 0xe8, 0xe4,
  0xe8, 0xe4, 0xe8, 0xe4, 0xe8, 0xe4, 0xe8, 0xe4, 0xe8, 0xe4, 0xe8, 0xe4, 0xe8, 0xe4, 0xe8, 0xe4, 0xe8, 0xe4, 0xe8, 0xe4, 0xe8, 0xe4, 0xe8, 0xe4, 0xe8, 0xe4, 0xe8, 0xe4, 0xe8, 0xe4, 0xe8, 0xe4,
  0xe8, 0xe4, 0xe8, 0xe4, 0xe8, 0xe4, 0xe8, 0xe4, 0xe8, 0xe4, 0xe8, 0xe4, 0xe8, 0xe4, 0xe8, 0xe4, 0xe8, 0xe4, 0xe8, 0xe4, 0xe8, 0xe4, 0xe8, 0xe4, 0xe8, 0xe4, 0xe8, 0xe4, 0xe8, 0xe4, 0xe8, 0xe4,
  0xe8, 0xe4, 0xe8, 0xe4, 0xe8, 0xe4, 0xe8, 0xe4, 0xe8, 0xe4, 0xe8, 0xe4, 0xe8, 0xe4, 0xe8, 0xe4, 0xe8, 0xe4, 0xe8, 0xe4, 0xe8, 0xe4, 0xe8, 0xe4, 0xe8, 0xe4, 0xe8, 0xe4, 0xe8, 0xe4, 0xe8, 0xe4,
  0xe8, 0xe4, 0xe8, 0xe4, 0xe8, 0xe4, 0xe8, 0xe4, 0xe8, 0xe4, 0xe8, 0xe4, 0xe8, 0xe4, 0xe8, 0xe4, 0xe8, 0xe4, 0xe8, 0xe4, 0xe8, 0xe4, 0xe8, 0xe4, 0xe8, 0xe4, 0xe8, 0xe4, 0xe8, 0xe4, 0xe8, 0xe4,
  0xe8, 0xe4, 0xe8, 0xe4, 0xe8, 0xe4, 0xe8, 0xe4, 0xe8, 0xe4, 0xe8, 0xe4, 0xe8, 0xe4, 0xe8, 0xe4, 0xe8, 0xe4, 0xe8, 0xe4, 0xe8, 0xe4, 0xe8, 0xe4, 0xe8, 0xe4, 0xe8, 0xe4, 0xe8, 0xe4, 0xe8, 0xe4,
  0xe8, 0xe4, 0xe8, 0xe4, 0xe8, 0xe4, 0xe8, 0xe4, 0xe8, 0xe4, 0xe8, 0xe4, 0xe8, 0xe4, 0xe8, 0xe4, 0xe8, 0xe4, 0xe8, 0xe4, 0xe8, 0xe4, 0xe8, 0xe4, 0xe8, 0xe4, 0xe8, 0xe4, 0xe8, 0xe4, 0xe8, 0xe4,
  0xe8, 0xe4, 0xe8, 0xe4, 0xe8, 0xe4, 0xe8, 0xe4, 0xe8, 0xe4, 0xe8, 0xe4, 0xe8, 0xe4, 0xe8, 0xe4, 0xe8, 0xe4, 0xe8, 0xe4, 0xe8, 0xe4, 0xe8, 0xe4, 0xe8, 0xe4, 0xe8, 0xe4, 0xe8, 0xe4, 0xe8, 0xe4,
  0xe8, 0xe4, 0xe8, 0xe4, 0xe8, 0xe4, 0xe8, 0xe4, 0xe8, 0xe4, 0xe8, 0xe4, 0xe8, 0xe4, 0xe8, 0xe4, 0xe8, 0xe4, 0xe8, 0xe4, 0xe8, 0xe4, 0xe8, 0xe4, 0xe8, 0xe4, 0xe8, 0xe4, 0xe8, 0xe4, 0xe8, 0xe4,
  0xe8, 0xe4, 0xe8, 0xe4, 0xe8, 0xe4, 0xe8, 0xe4, 0xe8, 0xe4, 0xe8, 0xe4, 0xe8, 0xe4, 0xe8, 0xe4, 0xe8, 0xe4, 0xe8, 0xe4, 0xe8, 0xe4, 0xe8, 0xe4, 0xe8, 0xe4, 0xe8, 0xe4, 0xe8, 0xe4, 0xe8, 0xc4,
  0xe8, 0xe4, 0x6a, 0xaa, 0x00, 0x00, 0x00, 0x00, 0x18, 0xc3, 0xe9, 0x87, 0xe8, 0xc4, 0xe8, 0xe4, 0xe8, 0xe4, 0xe8, 0xe4, 0xe8, 0xe4, 0xe8, 0xe4, 0xe8, 0xe4, 0xe8, 0xe4, 0xe8, 0xe4, 0xe8, 0xe4,
  0xe8, 0xe4, 0xe8, 0xe4, 0xe8, 0xe4, 0xe8, 0xa3, 0xf2, 0x6a, 0x00, 0x00, 0x00, 0x00, 0x00, 0x00, 0x00, 0x00, 0x00, 0x00, 0x00, 0x00, 0x00, 0x00, 0x00, 0x00, 0x00, 0x00, 0x00, 0x00, 0x00, 0x00,
  0x00, 0x00, 0x00, 0x00, 0x00, 0x00, 0x00, 0x00, 0x00, 0x00, 0x00, 0x00, 0x00, 0x00, 0x00, 0x00, 0x00, 0x00, 0x00, 0x00, 0x00, 0x00, 0xec, 0x72, 0xe8, 0x83, 0xe8, 0xe4, 0xe8, 0xe4, 0xe8, 0xe4,
  0xe8, 0xe4, 0xe8, 0xe4, 0xe8, 0xe4, 0xe8, 0xe4, 0xe8, 0xe4, 0xe8, 0xe4, 0xe8, 0xe4, 0xe8, 0xe4, 0xe8, 0xe4, 0xe8, 0xe4, 0xe8, 0x83, 0xf4, 0x51, 0x00, 0x00, 0x00, 0x00, 0x00, 0x00, 0x00, 0x00,
  0x00, 0x00, 0x00, 0x00, 0x00, 0x00, 0x00, 0x00, 0x00, 0x00, 0x00, 0x00, 0x00, 0x00, 0x00, 0x00, 0x00, 0x00, 0x00, 0x00, 0x00, 0x00, 0x00, 0x00, 0x00, 0x00, 0x00, 0x00, 0x00, 0x00, 0x00, 0x00,
  0x00, 0x00, 0x00, 0x00, 0x00, 0x00, 0x00, 0x00, 0x00, 0x00, 0x00, 0x00, 0x00, 0x00, 0x00, 0x00, 0x00, 0x00, 0x00, 0x00, 0x00, 0x00, 0x00, 0x00, 0x00, 0x00, 0x00, 0x00, 0x00, 0x00, 0x00, 0x00,
  0x00, 0x00, 0x00, 0x00, 0x00, 0x00, 0x00, 0x00, 0x00, 0x00, 0x00, 0x00, 0x00, 0x00, 0x00, 0x00, 0x00, 0x00, 0xf3, 0xcf, 0xe8, 0x83, 0xe8, 0xe4, 0xe8, 0xe4, 0xe8, 0xe4, 0xe8, 0xe4, 0xe8, 0xe4,
  0xe8, 0xe4, 0xe8, 0xe4, 0xe8, 0xe4, 0xe8, 0xe4, 0xe8, 0xe4, 0xe8, 0xe4, 0xe8, 0xe4, 0xe8, 0xe4, 0xe8, 0xe4, 0xe8, 0xe4, 0xe8, 0xe4, 0xe8, 0xe4, 0xe8, 0xe4, 0xe8, 0xe4, 0xe8, 0xe4, 0xe8, 0xe4,
  0xe8, 0xe4, 0xe8, 0xe4, 0xe8, 0xe4, 0xe8, 0xe4, 0xe8, 0xe4, 0xe8, 0xe4, 0xe8, 0xe4, 0xe8, 0xe4, 0xe8, 0xe4, 0xe8, 0xe4, 0xe8, 0xe4, 0xe8, 0xe4, 0xe8, 0xe4, 0xe8, 0xe4, 0xe8, 0xe4, 0xe8, 0xe4,
  0xe8, 0xe4, 0xe8, 0xe4, 0xe8, 0xe4, 0xe8, 0xe4, 0xe8, 0xe4, 0xe8, 0xe4, 0xe8, 0xe4, 0xe8, 0xe4, 0xe8, 0xe4, 0xe8, 0xe4, 0xe8, 0xe4, 0xe8, 0xe4, 0xe8, 0xe4, 0xe8, 0xe4, 0xe8, 0xe4, 0xe8, 0xe4,
  0xe8, 0xe4, 0xe8, 0xe4, 0xe8, 0xe4, 0xe8, 0xe4, 0xe8, 0xe4, 0xe8, 0xe4, 0xe8, 0xe4, 0xe8, 0xe4, 0xe8, 0xe4, 0xe8, 0xe4, 0xe8, 0xe4, 0xe8, 0xe4, 0xe8, 0xe4, 0xe8, 0xe4, 0xe8, 0xe4, 0xe8, 0xe4,
  0xe8, 0xe4, 0xe8, 0xe4, 0xe8, 0xe4, 0xe8, 0xe4, 0xe8, 0xe4, 0xe8, 0xe4, 0xe8, 0xe4, 0xe8, 0xe4, 0xe8, 0xe4, 0xe8, 0xe4, 0xe8, 0xe4, 0xe8, 0xe4, 0xe8, 0xe4, 0xe8, 0xe4, 0xe8, 0xe4, 0xe8, 0xe4,
  0xe8, 0xe4, 0xe8, 0xe4, 0xe8, 0xe4, 0xe8, 0xe4, 0xe8, 0xe4, 0xe8, 0xe4, 0xe8, 0xe4, 0xe8, 0xe4, 0xe8, 0xe4, 0xe8, 0xe4, 0xe8, 0xe4, 0xe8, 0xe4, 0xe8, 0xe4, 0xe8, 0xe4, 0xe8, 0xe4, 0xe8, 0xe4,
  0xe8, 0xe4, 0xe8, 0xe4, 0xe8, 0xe4, 0xe8, 0xe4, 0xe8, 0xe4, 0xe8, 0xe4, 0xe8, 0xe4, 0xe8, 0xe4, 0xe8, 0xe4, 0xe8, 0xe4, 0xe8, 0xe4, 0xe8, 0xe4, 0xe8, 0xe4, 0xe8, 0xe4, 0xe8, 0xe4, 0xe8, 0xe4,
  0xe8, 0xe4, 0xe8, 0xe4, 0xe8, 0xe4, 0xe8, 0xe4, 0xe8, 0xe4, 0xe8, 0xe4, 0xe8, 0xe4, 0xe8, 0xe4, 0xe8, 0xe4, 0xe8, 0xe4, 0xe8, 0xe4, 0xe8, 0xe4, 0xe8, 0xe4, 0xe8, 0xe4, 0xe8, 0xe4, 0xe8, 0xe4,
  0xe8, 0xe4, 0xe8, 0xe4, 0xe8, 0xe4, 0xe8, 0xe4, 0xe8, 0xe4, 0xe8, 0xe4, 0xe8, 0xe4, 0xe8, 0xe4, 0xe8, 0xe4, 0xe8, 0xe4, 0xe8, 0xe4, 0xe8, 0xe4, 0xe8, 0xe4, 0xe8, 0xe4, 0xe8, 0xe4, 0xe8, 0xe4,
  0xe8, 0xe4, 0xe8, 0xe4, 0xe8, 0xe4, 0xe8, 0xe4, 0xe8, 0xe4, 0xe8, 0xe4, 0xe8, 0xe4, 0xe8, 0xe4, 0xe8, 0xe4, 0xe8, 0xe4, 0xe8, 0xe4, 0xe8, 0xe4, 0xe8, 0xe4, 0xe8, 0xe4, 0xe8, 0xe4, 0xe8, 0xe4,
  0xe8, 0xe4, 0xe8, 0xe4, 0xe8, 0xe4, 0xe8, 0xe4, 0xe8, 0xe4, 0xe8, 0xe4, 0xe8, 0xe4, 0xe8, 0xe4, 0xe8, 0xe4, 0xe8, 0xe4, 0xe8, 0xe4, 0xe8, 0xe4, 0xe8, 0xe4, 0xe8, 0xe4, 0xe8, 0xe4, 0xe8, 0xe4,
  0xe8, 0xe4, 0xe8, 0xe4, 0xe8, 0xe4, 0xe8, 0xe4, 0xe8, 0xe4, 0xe8, 0xe4, 0xe8, 0xe4, 0xe8, 0xe4, 0xe8, 0xe4, 0xe8, 0xe4, 0xe8, 0xe4, 0xe8, 0xe4, 0xe8, 0xe4, 0xe8, 0xe4, 0xe8, 0xe4, 0xe8, 0xe4,
  0xe8, 0xe4, 0xe8, 0xe4, 0xe8, 0xe4, 0xe8, 0xe4, 0xe8, 0xe4, 0xe8, 0xe4, 0xe8, 0xe4, 0xe8, 0xe4, 0xe8, 0xe4, 0xe8, 0xe4, 0xe8, 0xe4, 0xe8, 0xe4, 0xe8, 0xe4, 0xe8, 0xe4, 0xe8, 0xe4, 0xe8, 0xe4,
  0xe8, 0xe4, 0xe8, 0xe4, 0xe8, 0xe4, 0xe8, 0xe4, 0xe8, 0xe4, 0xe8, 0xe4, 0xe8, 0xe4, 0xe8, 0xe4, 0xe8, 0xe4, 0xe8, 0xe4, 0xe8, 0xe4, 0xe8, 0xe4, 0xe8, 0xe4, 0xe8, 0xe4, 0xe8, 0xe4, 0xe8, 0xe4,
  0xe8, 0xe4, 0xe8, 0xe4, 0xe8, 0xe4, 0xe8, 0x83, 0xf3, 0x0c, 0x00, 0x00, 0x00, 0x00, 0x00, 0x00, 0xf4, 0x31, 0xe8, 0x83, 0xe8, 0xe4, 0xe8, 0xe4, 0xe8, 0xe4, 0xe8, 0xe4, 0xe8, 0xe4, 0xe8, 0xe4,
  0xe8, 0xe4, 0xe8, 0xe4, 0xe8, 0xe4, 0xe8, 0xe4, 0xe8, 0xe4, 0xe8, 0xe4, 0xe8, 0xe4, 0xe8, 0xc4, 0xa3, 0x8e, 0x00, 0x00, 0x00, 0x00, 0x00, 0x00, 0x00, 0x00, 0x00, 0x00, 0x00, 0x00, 0x00, 0x00,
  0x00, 0x00, 0x00, 0x00, 0x00, 0x00, 0x00, 0x00, 0x00, 0x00, 0x00, 0x00, 0x00, 0x00, 0x00, 0x00, 0x00, 0x00, 0x00, 0x00, 0x00, 0x00, 0x00, 0x00, 0x00, 0x00, 0x00, 0x00, 0x00, 0x20, 0xe9, 0xc8,
  0xe8, 0xa3, 0xe8, 0xe4, 0xe8, 0xe4, 0xe8, 0xe4, 0xe8, 0xe4, 0xe8, 0xe4, 0xe8, 0xe4, 0xe8, 0xe4, 0xe8, 0xe4, 0xe8, 0xe4, 0xe8, 0xe4, 0xe8, 0xe4, 0xe8, 0xe4, 0xe8, 0xa4, 0xe9, 0xa7, 0x10, 0x82,
  0x00, 0x00, 0x00, 0x00, 0x00, 0x00, 0x00, 0x00, 0x00, 0x00, 0x00, 0x00, 0x00, 0x00, 0x00, 0x00, 0x00, 0x00, 0x00, 0x00, 0x00, 0x00, 0x00, 0x00, 0x00, 0x00, 0x00, 0x00, 0x00, 0x00, 0x00, 0x00,
  0x00, 0x00, 0x00, 0x00, 0x00, 0x00, 0x00, 0x00, 0x00, 0x00, 0x00, 0x00, 0x00, 0x00, 0x00, 0x00, 0x00, 0x00, 0x00, 0x00, 0x00, 0x00, 0x00, 0x00, 0x00, 0x00, 0x00, 0x00, 0x00, 0x00, 0x00, 0x00,
  0x00, 0x00, 0x00, 0x00, 0x00, 0x00, 0x00, 0x00, 0x00, 0x00, 0x00, 0x00, 0x00, 0x00, 0x00, 0x00, 0x00, 0x00, 0x00, 0x00, 0x00, 0x00, 0x00, 0x00, 0xf4, 0x10, 0xe8, 0x83, 0xe8, 0xe4, 0xe8, 0xe4,
  0xe8, 0xe4, 0xe8, 0xe4, 0xe8, 0xe4, 0xe8, 0xe4, 0xe8, 0xe4, 0xe8, 0xe4, 0xe8, 0xe4, 0xe8, 0xe4, 0xe8, 0xe4, 0xe8, 0xe4, 0xe8, 0xe4, 0xe8, 0xe4, 0xe8, 0xe4, 0xe8, 0xe4, 0xe8, 0xe4, 0xe8, 0xe4,
  0xe8, 0xe4, 0xe8, 0xe4, 0xe8, 0xe4, 0xe8, 0xe4, 0xe8, 0xe4, 0xe8, 0xe4, 0xe8, 0xe4, 0xe8, 0xe4, 0xe8, 0xe4, 0xe8, 0xe4, 0xe8, 0xe4, 0xe8, 0xe4, 0xe8, 0xe4, 0xe8, 0xe4, 0xe8, 0xe4, 0xe8, 0xe4,
  0xe8, 0xe4, 0xe8, 0xe4, 0xe8, 0xe4, 0xe8, 0xe4, 0xe8, 0xe4, 0xe8, 0xe4, 0xe8, 0xe4, 0xe8, 0xe4, 0xe8, 0xe4, 0xe8, 0xe4, 0xe8, 0xe4, 0xe8, 0xe4, 0xe8, 0xe4, 0xe8, 0xe4, 0xe8, 0xe4, 0xe8, 0xe4,
  0xe8, 0xe4, 0xe8, 0xe4, 0xe8, 0xe4, 0xe8, 0xe4, 0xe8, 0xe4, 0xe8, 0xe4, 0xe8, 0xe4, 0xe8, 0xe4, 0xe8, 0xe4, 0xe8, 0xe4, 0xe8, 0xe4, 0xe8, 0xe4, 0xe8, 0xe4, 0xe8, 0xe4, 0xe8, 0xe4, 0xe8, 0xe4,
  0xe8, 0xe4, 0xe8, 0xe4, 0xe8, 0xe4, 0xe8, 0xe4, 0xe8, 0xe4, 0xe8, 0xe4, 0xe8, 0xe4, 0xe8, 0xe4, 0xe8, 0xe4, 0xe8, 0xe4, 0xe8, 0xe4, 0xe8, 0xe4, 0xe8, 0xe4, 0xe8, 0xe4, 0xe8, 0xe4, 0xe8, 0xe4,
  0xe8, 0xe4, 0xe8, 0xe4, 0xe8, 0xe4, 0xe8, 0xe4, 0xe8, 0xe4, 0xe8, 0xe4, 0xe8, 0xe4, 0xe8, 0xe4, 0xe8, 0xe4, 0xe8, 0xe4, 0xe8, 0xe4, 0xe8, 0xe4, 0xe8, 0xe4, 0xe8, 0xe4, 0xe8, 0xe4, 0xe8, 0xe4,
  0xe8, 0xe4, 0xe8, 0xe4, 0xe8, 0xe4, 0xe8, 0xe4, 0xe8, 0xe4, 0xe8, 0xe4, 0xe8, 0xe4, 0xe8, 0xe4, 0xe8, 0xe4, 0xe8, 0xe4, 0xe8, 0xe4, 0xe8, 0xe4, 0xe8, 0xe4, 0xe8, 0xe4, 0xe8, 0xe4, 0xe8, 0xe4,
  0xe8, 0xe4, 0xe8, 0xe4, 0xe8, 0xe4, 0xe8, 0xe4, 0xe8, 0xe4, 0xe8, 0xe4, 0xe8, 0xe4, 0xe8, 0xe4, 0xe8, 0xe4, 0xe8, 0xe4, 0xe8, 0xe4, 0xe8, 0xe4, 0xe8, 0xe4, 0xe8, 0xe4, 0xe8, 0xe4, 0xe8, 0xe4,
  0xe8, 0xe4, 0xe8, 0xe4, 0xe8, 0xe4, 0xe8, 0xe4, 0xe8, 0xe4, 0xe8, 0xe4, 0xe8, 0xe4, 0xe8, 0xe4, 0xe8, 0xe4, 0xe8, 0xe4, 0xe8, 0xe4, 0xe8, 0xe4, 0xe8, 0xe4, 0xe8, 0xe4, 0xe8, 0xe4, 0xe8, 0xe4,
  0xe8, 0xe4, 0xe8, 0xe4, 0xe8, 0xe4, 0xe8, 0xe4, 0xe8, 0xe4, 0xe8, 0xe4, 0xe8, 0xe4, 0xe8, 0xe4, 0xe8, 0xe4, 0xe8, 0xe4, 0xe8, 0xe4, 0xe8, 0xe4, 0xe8, 0xe4, 0xe8, 0xe4, 0xe8, 0xe4, 0xe8, 0xe4,
  0xe8, 0xe4, 0xe8, 0xe4, 0xe8, 0xe4, 0xe8, 0xe4, 0xe8, 0xe4, 0xe8, 0xe4, 0xe8, 0xe4, 0xe8, 0xe4, 0xe8, 0xe4, 0xe8, 0xe4, 0xe8, 0xe4, 0xe8, 0xe4, 0xe8, 0xe4, 0xe8, 0xe4, 0xe8, 0xe4, 0xe8, 0xe4,
  0xe8, 0xe4, 0xe8, 0xe4, 0xe8, 0xe4, 0xe8, 0xe4, 0xe8, 0xe4, 0xe8, 0xe4, 0xe8, 0xe4, 0xe8, 0xe4, 0xe8, 0xe4, 0xe8, 0xe4, 0xe8, 0xe4, 0xe8, 0xe4, 0xe8, 0xe4, 0xe8, 0xe4, 0xe8, 0xe4, 0xe8, 0xe4,
  0xe8, 0xe4, 0xe8, 0xe4, 0xe8, 0xe4, 0xe8, 0xe4, 0xe8, 0xe4, 0xe8, 0xe4, 0xe8, 0xe4, 0xe8, 0xe4, 0xe8, 0xe4, 0xe8, 0xe4, 0xe8, 0xe4, 0xe8, 0xe4, 0xe8, 0xe4, 0xe8, 0xe4, 0xe8, 0xe4, 0xe8, 0xe4,
  0xe8, 0xe4, 0xe8, 0xe4, 0xe8, 0xe4, 0xe8, 0xe4, 0xe8, 0xe4, 0xe8, 0xe4, 0xe8, 0xe4, 0xe8, 0xe4, 0xe8, 0xe4, 0xe8, 0xe4, 0xe8, 0xe4, 0xe8, 0xe4, 0xe8, 0xe4, 0xe8, 0xe4, 0xe8, 0xe4, 0xe8, 0xe4,
  0xe8, 0xe4, 0xe8, 0xe4, 0xe8, 0xe4, 0xe8, 0xe4, 0xe8, 0xe4, 0xe8, 0xe4, 0xe8, 0xc4, 0xe8, 0xe4, 0x72, 0xeb, 0x00, 0x00, 0x00, 0x00, 0x21, 0x04, 0xe9, 0x66, 0xe8, 0xa3, 0xe8, 0xe4, 0xe8, 0xc4,
  0xe8, 0xc4, 0xe8, 0xc4, 0xe8, 0xc4, 0xe8, 0xc4, 0xe8, 0xc4, 0xe8, 0xc4, 0xe8, 0xc4, 0xe8, 0xc4, 0xe8, 0xa3, 0xe8, 0xc4, 0xe8, 0x62, 0xf2, 0xab, 0x00, 0x00, 0x00, 0x00, 0x00, 0x00, 0x00, 0x00,
  0x00, 0x00, 0x00, 0x00, 0x00, 0x00, 0x00, 0x00, 0x00, 0x00, 0x00, 0x00, 0x00, 0x00, 0x00, 0x00, 0x00, 0x00, 0x00, 0x00, 0x00, 0x00, 0x00, 0x00, 0x00, 0x00, 0x00, 0x00, 0x00, 0x00, 0x00, 0x00,
  0x00, 0x00, 0x00, 0x00, 0xf4, 0x92, 0xe8, 0x83, 0xe8, 0xe4, 0xe8, 0xc4, 0xe8, 0xe4, 0xe8, 0xe4, 0xe8, 0xe4, 0xe8, 0xe4, 0xe8, 0xe4, 0xe8, 0xe4, 0xe8, 0xe4, 0xe8, 0xe4, 0xe8, 0xe4, 0xe8, 0xc4,
  0xe8, 0xe4, 0xe8, 0x83, 0xf4, 0x92, 0x00, 0x00, 0x00, 0x00, 0x00, 0x00, 0x00, 0x00, 0x00, 0x00, 0x00, 0x00, 0x00, 0x00, 0x00, 0x00, 0x00, 0x00, 0x00, 0x00, 0x00, 0x00, 0x00, 0x00, 0x00, 0x00,
  0x00, 0x00, 0x00, 0x00, 0x00, 0x00, 0x00, 0x00, 0x00, 0x00, 0x00, 0x00, 0x00, 0x00, 0x00, 0x00, 0x00, 0x00, 0x00, 0x00, 0x00, 0x00, 0x00, 0x00, 0x00, 0x00, 0x00, 0x00, 0x00, 0x00, 0x00, 0x00,
  0x00, 0x00, 0x00, 0x00, 0x00, 0x00, 0x00, 0x00, 0x00, 0x00, 0x00, 0x00, 0x00, 0x00, 0x00, 0x00, 0x00, 0x00, 0x00, 0x00, 0x00, 0x00, 0x00, 0x00, 0x00, 0x00, 0x00, 0x00, 0x00, 0x00, 0xec, 0x72,
  0xe8, 0xa3, 0xe8, 0xe4, 0xe8, 0xe4, 0xe8, 0xe4, 0xe8, 0xe4, 0xe8, 0xe4, 0xe8, 0xe4, 0xe8, 0xe4, 0xe8, 0xe4, 0xe8, 0xe4, 0xe8, 0xe4, 0xe8, 0xe4, 0xe8, 0xe4, 0xe8, 0xe4, 0xe8, 0xe4, 0xe8, 0xe4,
  0xe8, 0xe4, 0xe8, 0xe4, 0xe8, 0xe4, 0xe8, 0xe4, 0xe8, 0xe4, 0xe8, 0xe4, 0xe8, 0xe4, 0xe8, 0xc4, 0xe8, 0xa3, 0xe8, 0x83, 0xe8, 0x83, 0xe8, 0xc4, 0xe8, 0xe4, 0xe8, 0xe4, 0xe8, 0xe4, 0xe8, 0xe4,
  0xe8, 0xe4, 0xe8, 0xe4, 0xe8, 0xe4, 0xe8, 0xe4, 0xe8, 0xe4, 0xe8, 0xe4, 0xe8, 0xe4, 0xe8, 0xe4, 0xe8, 0xe4, 0xe8, 0xe4, 0xe8, 0xe4, 0xe8, 0xe4, 0xe8, 0xe4, 0xe8, 0xe4, 0xe8, 0xe4, 0xe8, 0xe4,
  0xe8, 0xe4, 0xe8, 0xe4, 0xe8, 0xe4, 0xe8, 0xe4, 0xe8, 0xe4, 0xe8, 0xe4, 0xe8, 0xe4, 0xe8, 0xe4, 0xe8, 0xe4, 0xe8, 0xe4, 0xe8, 0xe4, 0xe8, 0xe4, 0xe8, 0xe4, 0xe8, 0xe4, 0xe8, 0xe4, 0xe8, 0xe4,
  0xe8, 0xe4, 0xe8, 0xe4, 0xe8, 0xe4, 0xe8, 0xe4, 0xe8, 0xe4, 0xe8, 0xe4, 0xe8, 0xe4, 0xe8, 0xe4, 0xe8, 0xe4, 0xe8, 0xe4, 0xe8, 0xe4, 0xe8, 0xe4, 0xe8, 0xe4, 0xe8, 0xe4, 0xe8, 0xe4, 0xe8, 0xe4,
  0xe8, 0xe4, 0xe8, 0xe4, 0xe8, 0xe4, 0xe8, 0xe4, 0xe8, 0xe4, 0xe8, 0xe4, 0xe8, 0xe4, 0xe8, 0xe4, 0xe8, 0xe4, 0xe8, 0xe4, 0xe8, 0xe4, 0xe8, 0xe4, 0xe8, 0xe4, 0xe8, 0xe4, 0xe8, 0xe4, 0xe8, 0xe4,
  0xe8, 0xe4, 0xe8, 0xe4, 0xe8, 0xe4, 0xe8, 0xe4, 0xe8, 0xe4, 0xe8, 0xe4, 0xe8, 0xe4, 0xe8, 0xe4, 0xe8, 0xe4, 0xe8, 0xe4, 0xe8, 0xe4, 0xe8, 0xe4, 0xe8, 0xe4, 0xe8, 0xe4, 0xe8, 0xe4, 0xe8, 0xe4,
  0xe8, 0xe4, 0xe8, 0xe4, 0xe8, 0xe4, 0xe8, 0xe4, 0xe8, 0xe4, 0xe8, 0xe4, 0xe8, 0xe4, 0xe8, 0xe4, 0xe8, 0xe4, 0xe8, 0xe4, 0xe8, 0xe4, 0xe8, 0xe4, 0xe8, 0xe4, 0xe8, 0xe4, 0xe8, 0xe4, 0xe8, 0xe4,
  0xe8, 0xe4, 0xe8, 0xe4, 0xe8, 0xe4, 0xe8, 0xe4, 0xe8, 0xe4, 0xe8, 0xe4, 0xe8, 0xe4, 0xe8, 0xe4, 0xe8, 0xe4, 0xe8, 0xe4, 0xe8, 0xe4, 0xe8, 0xe4, 0xe8, 0xe4, 0xe8, 0xe4, 0xe8, 0xe4, 0xe8, 0xe4,
  0xe8, 0xe4, 0xe8, 0xe4, 0xe8, 0xe4, 0xe8, 0xe4, 0xe8, 0xe4, 0xe8, 0xe4, 0xe8, 0xe4, 0xe8, 0xe4, 0xe8, 0xe4, 0xe8, 0xe4, 0xe8, 0xe4, 0xe8, 0xe4, 0xe8, 0xe4, 0xe8, 0xe4, 0xe8, 0xe4, 0xe8, 0xe4,
  0xe8, 0xe4, 0xe8, 0xe4, 0xe8, 0xe4, 0xe8, 0xe4, 0xe8, 0xe4, 0xe8, 0xe4, 0xe8, 0xe4, 0xe8, 0xe4, 0xe8, 0xe4, 0xe8, 0xe4, 0xe8, 0xe4, 0xe8, 0xe4, 0xe8, 0xe4, 0xe8, 0xe4, 0xe8, 0xe4, 0xe8, 0xe4,
  0xe8, 0xe4, 0xe8, 0xe4, 0xe8, 0xe4, 0xe8, 0xe4, 0xe8, 0xe4, 0xe8, 0xe4, 0xe8, 0xe4, 0xe8, 0xe4, 0xe8, 0xe4, 0xe8, 0xe4, 0xe8, 0xe4, 0xe8, 0xe4, 0xe8, 0xe4, 0xe8, 0xe4, 0xe8, 0xe4, 0xe8, 0xe4,
  0xe8, 0xe4, 0xe8, 0xe4, 0xe8, 0xe4, 0xe8, 0xe4, 0xe8, 0xe4, 0xe8, 0xe4, 0xe8, 0xe4, 0xe8, 0xe4, 0xe8, 0xe4, 0xe8, 0xe4, 0xe8, 0xe4, 0xe8, 0xe4, 0xe8, 0xe4, 0xe8, 0xe4, 0xe8, 0xe4, 0xe8, 0xe4,
  0xe8, 0xe4, 0xe8, 0xe4, 0xe8, 0xe4, 0xe8, 0xe4, 0xe8, 0xe4, 0xe8, 0xe4, 0xe8, 0xe4, 0xe8, 0xe4, 0xe8, 0xe4, 0xe8, 0xe4, 0xe8, 0xe4, 0xe8, 0xe4, 0xe8, 0xe4, 0xe8, 0xe4, 0xe8, 0xe4, 0xe8, 0xe4,
  0xe8, 0xe4, 0xe8, 0xe4, 0xe8, 0xe4, 0xe8, 0xe4, 0xe8, 0xe4, 0xe8, 0xe4, 0xe8, 0xe4, 0xe8, 0xe4, 0xe8, 0xe4, 0xe9, 0x05, 0xe8, 0xa3, 0xf3, 0x0c, 0x00, 0x00, 0x00, 0x00, 0x00, 0x00, 0xf4, 0x10,
  0xe8, 0x83, 0xe9, 0x05, 0xe9, 0x05, 0xe9, 0x05, 0xe9, 0x25, 0xe9, 0x25, 0xe9, 0x25, 0xe9, 0x25, 0xe9, 0x46, 0xe9, 0x46, 0xe9, 0x66, 0xe9, 0x66, 0xe9, 0x66, 0xe9, 0x87, 0xe9, 0x87, 0x83, 0x2c,
  0x00, 0x00, 0x00, 0x00, 0x00, 0x00, 0x00, 0x00, 0x00, 0x00, 0x00, 0x00, 0x00, 0x00, 0x00, 0x00, 0x00, 0x00, 0x00, 0x00, 0x00, 0x00, 0x00, 0x00, 0x00, 0x00, 0x00, 0x00, 0x00, 0x00, 0x00, 0x00,
  0x00, 0x00, 0x00, 0x00, 0x00, 0x00, 0x00, 0x00, 0x00, 0x00, 0x10, 0xa2, 0xe9, 0xc7, 0xe8, 0xc4, 0xe9, 0x05, 0xe8, 0xe4, 0xe8, 0xe4, 0xe8, 0xe4, 0xe8, 0xe4, 0xe8, 0xe4, 0xe8, 0xe4, 0xe8, 0xe4,
  0xe8, 0xe4, 0xe8, 0xe4, 0xe8, 0xe4, 0xe8, 0xe4, 0xe8, 0xc4, 0xe9, 0xe8, 0x00, 0x00, 0x00, 0x00, 0x00, 0x00, 0x00, 0x00, 0x00, 0x00, 0x00, 0x00, 0x00, 0x00, 0x00, 0x00, 0x00, 0x00, 0x00, 0x00,
  0x00, 0x00, 0x00, 0x00, 0x00, 0x00, 0x00, 0x00, 0x00, 0x00, 0x00, 0x00, 0x00, 0x00, 0x00, 0x00, 0x00, 0x00, 0x00, 0x00, 0x00, 0x00, 0x00, 0x00, 0x00, 0x00, 0x00, 0x00, 0x00, 0x00, 0x00, 0x00,
  0x00, 0x00, 0x00, 0x00, 0x00, 0x00, 0x00, 0x00, 0x00, 0x00, 0x00, 0x00, 0x00, 0x00, 0x00, 0x00, 0x00, 0x00, 0x00, 0x00, 0x00, 0x00, 0x00, 0x00, 0x00, 0x00, 0x00, 0x00, 0x00, 0x00, 0x00, 0x00,
  0x00, 0x00, 0x00, 0x00, 0x9b, 0x6e, 0xe8, 0xe4, 0xe8, 0xc4, 0xe8, 0xe4, 0xe8, 0xe4, 0xe8, 0xe4, 0xe8, 0xe4, 0xe8, 0xe4, 0xe8, 0xe4, 0xe8, 0xe4, 0xe8, 0xe4, 0xe8, 0xe4, 0xe8, 0xe4, 0xe8, 0xe4,
  0xe8, 0xe4, 0xe8, 0xe4, 0xe8, 0xe4, 0xe8, 0xe4, 0xe8, 0xe4, 0xe8, 0xe4, 0xe8, 0xe4, 0xe8, 0xe4, 0xe8, 0xc4, 0xe8, 0x83, 0xe8, 0xa3, 0xe9, 0x25, 0xea, 0x49, 0xf3, 0x8e, 0xe4, 0x51, 0x8b, 0x4d,
  0x72, 0xcb, 0x72, 0xcb, 0x72, 0xcb, 0x72, 0xcb, 0x72, 0xcb, 0x72, 0xcb, 0x72, 0xcb, 0x72, 0xcb, 0x72, 0xcb, 0x72, 0xcb, 0x72, 0xcb, 0x72, 0xcb, 0x72, 0xcb, 0x72, 0xcb, 0x72, 0xcb, 0x72, 0xcb,
  0x72, 0xcb, 0x72, 0xcb, 0x72, 0xcb, 0x72, 0xcb, 0x72, 0xcb, 0x72, 0xcb, 0x72, 0xcb, 0x72, 0xcb, 0x72, 0xcb, 0x72, 0xcb, 0x72, 0xcb, 0x72, 0xcb, 0x72, 0xcb, 0x72, 0xcb, 0x72, 0xcb, 0x72, 0xcb,
  0x72, 0xcb, 0x72, 0xcb, 0x72, 0xcb, 0x72, 0xcb, 0x72, 0xcb, 0x72, 0xcb, 0x72, 0xcb, 0x72, 0xcb, 0x72, 0xcb, 0x72, 0xcb, 0x72, 0xcb, 0x72, 0xcb, 0x72, 0xcb, 0x72, 0xcb, 0x72, 0xcb, 0x72, 0xcb,
  0x72, 0xcb, 0x72, 0xcb, 0x72, 0xcb, 0x72, 0xcb, 0x72, 0xcb, 0x72, 0xcb, 0x72, 0xcb, 0x72, 0xcb, 0x72, 0xcb, 0x72, 0xcb, 0x72, 0xcb, 0x72, 0xcb, 0x72, 0xcb, 0x72, 0xcb, 0x72, 0xcb, 0x72, 0xcb,
  0x72, 0xcb, 0x72, 0xcb, 0x72, 0xcb, 0x72, 0xcb, 0x72, 0xcb, 0x72, 0xcb, 0x72, 0xcb, 0x72, 0xcb, 0x72, 0xcb, 0x72, 0xcb, 0x72, 0xcb, 0x72, 0xcb, 0x72, 0xcb, 0x72, 0xcb, 0x72, 0xcb, 0x72, 0xcb,
  0x72, 0xcb, 0x72, 0xcb, 0x72, 0xcb, 0x72, 0xcb, 0x72, 0xcb, 0x72, 0xcb, 0x72, 0xcb, 0x72, 0xcb, 0x72, 0xcb, 0x72, 0xcb, 0x72, 0xcb, 0x72, 0xcb, 0x72, 0xcb, 0x72, 0xcb, 0x72, 0xcb, 0x72, 0xcb,
  0x72, 0xcb, 0x72, 0xcb, 0x72, 0xcb, 0x72, 0xcb, 0x72, 0xcb, 0x72, 0xcb, 0x72, 0xcb, 0x72, 0xcb, 0x72, 0xcb, 0x72, 0xcb, 0x72, 0xcb, 0x72, 0xcb, 0x72, 0xcb, 0x72, 0xcb, 0x72, 0xcb, 0x72, 0xcb,
  0x72, 0xcb, 0x72, 0xcb, 0x72, 0xcb, 0x72, 0xcb, 0x72, 0xcb, 0x72, 0xcb, 0x72, 0xcb, 0x72, 0xcb, 0x72, 0xcb, 0x72, 0xcb, 0x72, 0xcb, 0x72, 0xcb, 0x72, 0xcb, 0x72, 0xcb, 0x72, 0xcb, 0x72, 0xcb,
  0x72, 0xcb, 0x72, 0xcb, 0x72, 0xcb, 0x72, 0xcb, 0x72, 0xcb, 0x72, 0xcb, 0x72, 0xcb, 0x72, 0xcb, 0x72, 0xcb, 0x72, 0xcb, 0x72, 0xcb, 0x72, 0xcb, 0x72, 0xcb, 0x72, 0xcb, 0x72, 0xcb, 0x72, 0xcb,
  0x72, 0xcb, 0x72, 0xcb, 0x72, 0xcb, 0x72, 0xcb, 0x72, 0xcb, 0x72, 0xcb, 0x72, 0xcb, 0x72, 0xcb, 0x72, 0xcb, 0x72, 0xcb, 0x72, 0xcb, 0x72, 0xcb, 0x72, 0xcb, 0x72, 0xcb, 0x72, 0xcb, 0x72, 0xcb,
  0x72, 0xcb, 0x72, 0xcb, 0x72, 0xcb, 0x72, 0xcb, 0x72, 0xcb, 0x72, 0xcb, 0x72, 0xcb, 0x72, 0xcb, 0x72, 0xcb, 0x72, 0xcb, 0x72, 0xcb, 0x72, 0xcb, 0x72, 0xcb, 0x72, 0xcb, 0x72, 0xcb, 0x72, 0xcb,
  0x72, 0xcb, 0x72, 0xcb, 0x72, 0xcb, 0x72, 0xcb, 0x72, 0xcb, 0x72, 0xcb, 0x72, 0xcb, 0x72, 0xcb, 0x72, 0xcb, 0x72, 0xcb, 0x72, 0xcb, 0x72, 0xcb, 0x72, 0xcb, 0x72, 0xcb, 0x72, 0xcb, 0x72, 0xcb,
  0x72, 0xcb, 0x72, 0xcb, 0x72, 0xcb, 0x72, 0xcb, 0x72, 0xcb, 0x72, 0xcb, 0x72, 0xcb, 0x72, 0xcb, 0x72, 0xcb, 0x72, 0xcb, 0x72, 0xcb, 0x72, 0xcb, 0x72, 0xcb, 0x72, 0xcb, 0x7a, 0xec, 0x10, 0xa2,
  0x00, 0x00, 0x00, 0x00, 0x00, 0x00, 0x5a, 0x49, 0x72, 0xeb, 0x62, 0x8a, 0x62, 0x8a, 0x5a, 0x49, 0x52, 0x28, 0x4a, 0x08, 0x41, 0xc7, 0x41, 0xa6, 0x39, 0x86, 0x31, 0x65, 0x29, 0x24, 0x21, 0x04,
  0x20, 0xe3, 0x18, 0xc3, 0x10, 0x61, 0x00, 0x00, 0x00, 0x00, 0x00, 0x00, 0x00, 0x00, 0x00, 0x00, 0x00, 0x00, 0x00, 0x00, 0x00, 0x00, 0x00, 0x00, 0x00, 0x00, 0x00, 0x00, 0x00, 0x00, 0x00, 0x00,
  0x00, 0x00, 0x00, 0x00, 0x00, 0x00, 0x00, 0x00, 0x00, 0x00, 0x00, 0x00, 0x00, 0x00, 0x00, 0x00, 0x00, 0x00, 0x00, 0x00, 0x72, 0xeb, 0x72, 0xcb, 0x72, 0xcb, 0x72, 0xcb, 0x72, 0xcb, 0x72, 0xcb,
  0x72, 0xcb, 0x72, 0xcb, 0x72, 0xcb, 0x72, 0xcb, 0x72, 0xcb, 0x72, 0xcb, 0x72, 0xcb, 0x72, 0xcb, 0x7a, 0xec, 0x31, 0x65, 0x00, 0x00, 0x00, 0x00, 0x00, 0x00, 0x00, 0x00, 0x00, 0x00, 0x00, 0x00,
  0x00, 0x00, 0x00, 0x00, 0x00, 0x00, 0x00, 0x00, 0x00, 0x00, 0x00, 0x00, 0x00, 0x00, 0x00, 0x00, 0x00, 0x00, 0x00, 0x00, 0x00, 0x00, 0x00, 0x00, 0x00, 0x00, 0x00, 0x00, 0x00, 0x00, 0x00, 0x00,
  0x00, 0x00, 0x00, 0x00, 0x00, 0x00, 0x00, 0x00, 0x00, 0x00, 0x00, 0x00, 0x00, 0x00, 0x00, 0x00, 0x00, 0x00, 0x00, 0x00, 0x00, 0x00, 0x00, 0x00, 0x00, 0x00, 0x00, 0x00, 0x00, 0x00, 0x00, 0x00,
  0x00, 0x00, 0x00, 0x00, 0x00, 0x00, 0x00, 0x00, 0x00, 0x00, 0x39, 0x86, 0xe9, 0x66, 0xe8, 0xa3, 0xe8, 0xe4, 0xe8, 0xe4, 0xe8, 0xe4, 0xe8, 0xe4, 0xe8, 0xe4, 0xe8, 0xe4, 0xe8, 0xe4, 0xe8, 0xe4,
  0xe8, 0xe4, 0xe8, 0xe4, 0xe8, 0xe4, 0xe8, 0xe4, 0xe8, 0xe4, 0xe8, 0xe4, 0xe8, 0xe4, 0xe8, 0xe4, 0xe8, 0xe4, 0xe8, 0xe4, 0xe8, 0xa3, 0xe8, 0x83, 0xe9, 0x46, 0xf2, 0xec, 0xdc, 0x51, 0x41, 0xc7,
  0x00, 0x00, 0x00, 0x00, 0x00, 0x00, 0x00, 0x00, 0x00, 0x00, 0x00, 0x00, 0x00, 0x00, 0x00, 0x00, 0x00, 0x00, 0x00, 0x00, 0x00, 0x00, 0x00, 0x00, 0x00, 0x00, 0x00, 0x00, 0x00, 0x00, 0x00, 0x00,
  0x00, 0x00, 0x00, 0x00, 0x00, 0x00, 0x00, 0x00, 0x00, 0x00, 0x00, 0x00, 0x00, 0x00, 0x00, 0x00, 0x00, 0x00, 0x00, 0x00, 0x00, 0x00, 0x00, 0x00, 0x00, 0x00, 0x00, 0x00, 0x00, 0x00, 0x00, 0x00,
  0x00, 0x00, 0x00, 0x00, 0x00, 0x00, 0x00, 0x00, 0x00, 0x00, 0x00, 0x00, 0x00, 0x00, 0x00, 0x00, 0x00, 0x00, 0x00, 0x00, 0x00, 0x00, 0x00, 0x00, 0x00, 0x00, 0x00, 0x00, 0x00, 0x00, 0x00, 0x00,
  0x00, 0x00, 0x00, 0x00, 0x00, 0x00, 0x00, 0x00, 0x00, 0x00, 0x00, 0x00, 0x00, 0x00, 0x00, 0x00, 0x00, 0x00, 0x00, 0x00, 0x00, 0x00, 0x00, 0x00, 0x00, 0x00, 0x00, 0x00, 0x00, 0x00, 0x00, 0x00,
  0x00, 0x00, 0x00, 0x00, 0x00, 0x00, 0x00, 0x00, 0x00, 0x00, 0x00, 0x00, 0x00, 0x00, 0x00, 0x00, 0x00, 0x00, 0x00, 0x00, 0x00, 0x00, 0x00, 0x00, 0x00, 0x00, 0x00, 0x00, 0x00, 0x00, 0x00, 0x00,
  0x00, 0x00, 0x00, 0x00, 0x00, 0x00, 0x00, 0x00, 0x00, 0x00, 0x00, 0x00, 0x00, 0x00, 0x00, 0x00, 0x00, 0x00, 0x00, 0x00, 0x00, 0x00, 0x00, 0x00, 0x00, 0x00, 0x00, 0x00, 0x00, 0x00, 0x00, 0x00,
  0x00, 0x00, 0x00, 0x00, 0x00, 0x00, 0x00, 0x00, 0x00, 0x00, 0x00, 0x00, 0x00, 0x00, 0x00, 0x00, 0x00, 0x00, 0x00, 0x00, 0x00, 0x00, 0x00, 0x00, 0x00, 0x00, 0x00, 0x00, 0x00, 0x00, 0x00, 0x00,
  0x00, 0x00, 0x00, 0x00, 0x00, 0x00, 0x00, 0x00, 0x00, 0x00, 0x00, 0x00, 0x00, 0x00, 0x00, 0x00, 0x00, 0x00, 0x00, 0x00, 0x00, 0x00, 0x00, 0x00, 0x00, 0x00, 0x00, 0x00, 0x00, 0x00, 0x00, 0x00,
  0x00, 0x00, 0x00, 0x00, 0x00, 0x00, 0x00, 0x00, 0x00, 0x00, 0x00, 0x00, 0x00, 0x00, 0x00, 0x00, 0x00, 0x00, 0x00, 0x00, 0x00, 0x00, 0x00, 0x00, 0x00, 0x00, 0x00, 0x00, 0x00, 0x00, 0x00, 0x00,
  0x00, 0x00, 0x00, 0x00, 0x00, 0x00, 0x00, 0x00, 0x00, 0x00, 0x00, 0x00, 0x00, 0x00, 0x00, 0x00, 0x00, 0x00, 0x00, 0x00, 0x00, 0x00, 0x00, 0x00, 0x00, 0x00, 0x00, 0x00, 0x00, 0x00, 0x00, 0x00,
  0x00, 0x00, 0x00, 0x00, 0x00, 0x00, 0x00, 0x00, 0x00, 0x00, 0x00, 0x00, 0x00, 0x00, 0x00, 0x00, 0x00, 0x00, 0x00, 0x00, 0x00, 0x00, 0x00, 0x00, 0x00, 0x00, 0x00, 0x00, 0x00, 0x00, 0x00, 0x00,
  0x00, 0x00, 0x00, 0x00, 0x00, 0x00, 0x00, 0x00, 0x00, 0x00, 0x00, 0x00, 0x00, 0x00, 0x00, 0x00, 0x00, 0x00, 0x00, 0x00, 0x00, 0x00, 0x00, 0x00, 0x00, 0x00, 0x00, 0x00, 0x00, 0x00, 0x00, 0x00,
  0x00, 0x00, 0x00, 0x00, 0x00, 0x00, 0x00, 0x00, 0x00, 0x00, 0x00, 0x00, 0x00, 0x00, 0x00, 0x00, 0x00, 0x00, 0x00, 0x00, 0x00, 0x00, 0x00, 0x00, 0x00, 0x00, 0x00, 0x00, 0x00, 0x00, 0x00, 0x00,
  0x00, 0x00, 0x00, 0x00, 0x00, 0x00, 0x00, 0x00, 0x00, 0x00, 0x00, 0x00, 0x00, 0x00, 0x00, 0x00, 0x00, 0x00, 0x00, 0x00, 0x00, 0x00, 0x00, 0x00, 0x00, 0x00, 0x00, 0x00, 0x00, 0x00, 0x00, 0x00,
  0x00, 0x00, 0x00, 0x00, 0x00, 0x00, 0x00, 0x00, 0x00, 0x00, 0x00, 0x00, 0x00, 0x00, 0x00, 0x00, 0x00, 0x00, 0x00, 0x00, 0x00, 0x00, 0x00, 0x00, 0x00, 0x00, 0x00, 0x00, 0x00, 0x00, 0x00, 0x00,
  0x00, 0x00, 0x00, 0x00, 0x00, 0x00, 0x00, 0x00, 0x00, 0x00, 0x00, 0x00, 0x00, 0x00, 0x00, 0x00, 0x00, 0x00, 0x00, 0x00, 0x00, 0x00, 0x00, 0x00, 0x00, 0x00, 0x00, 0x00, 0x00, 0x00, 0x00, 0x00,
  0x00, 0x00, 0x00, 0x00, 0x00, 0x00, 0x00, 0x00, 0x00, 0x00, 0x00, 0x00, 0x00, 0x00, 0x00, 0x00, 0x00, 0x00, 0x00, 0x00, 0x00, 0x00, 0x00, 0x00, 0x00, 0x00, 0x00, 0x00, 0x00, 0x00, 0x00, 0x00,
  0x00, 0x00, 0x00, 0x00, 0x00, 0x00, 0x00, 0x00, 0x00, 0x00, 0x00, 0x00, 0x00, 0x00, 0x00, 0x00, 0x00, 0x00, 0x00, 0x00, 0x00, 0x00, 0x00, 0x00, 0x00, 0x00, 0x00, 0x00, 0x00, 0x00, 0x00, 0x00,
  0x00, 0x00, 0x00, 0x00, 0x00, 0x00, 0x00, 0x00, 0x00, 0x00, 0x00, 0x00, 0x00, 0x00, 0x00, 0x00, 0x00, 0x00, 0x00, 0x00, 0x00, 0x00, 0x00, 0x00, 0x00, 0x00, 0x00, 0x00, 0x00, 0x00, 0x00, 0x00,
  0x00, 0x00, 0x00, 0x00, 0x00, 0x00, 0x00, 0x00, 0x00, 0x00, 0x00, 0x00, 0x00, 0x00, 0x00, 0x00, 0x00, 0x00, 0xf2, 0xab, 0xe8, 0x83, 0xe8, 0xe4, 0xe8, 0xe4, 0xe8, 0xe4, 0xe8, 0xe4, 0xe8, 0xe4,
  0xe8, 0xe4, 0xe8, 0xe4, 0xe8, 0xe4, 0xe8, 0xe4, 0xe8, 0xe4, 0xe8, 0xe4, 0xe8, 0xe4, 0xe8, 0xe4, 0xe8, 0xe4, 0xe8, 0xe4, 0xe8, 0xe4, 0xe8, 0xe4, 0xe8, 0xa3, 0xe8, 0xa3, 0xf2, 0x09, 0xf4, 0x92,
  0x39, 0x86, 0x00, 0x00, 0x00, 0x00, 0x00, 0x00, 0x00, 0x00, 0x00, 0x00, 0x00, 0x00, 0x00, 0x00, 0x00, 0x00, 0x00, 0x00, 0x00, 0x00, 0x00, 0x00, 0x00, 0x00, 0x00, 0x00, 0x00, 0x00, 0x00, 0x00,
  0x00, 0x00, 0x00, 0x00, 0x00, 0x00, 0x00, 0x00, 0x00, 0x00, 0x00, 0x00, 0x00, 0x00, 0x00, 0x00, 0x00, 0x00, 0x00, 0x00, 0x00, 0x00, 0x00, 0x00, 0x00, 0x00, 0x00, 0x00, 0x00, 0x00, 0x00, 0x00,
  0x00, 0x00, 0x00, 0x00, 0x00, 0x00, 0x00, 0x00, 0x00, 0x00, 0x00, 0x00, 0x00, 0x00, 0x00, 0x00, 0x00, 0x00, 0x00, 0x00, 0x00, 0x00, 0x00, 0x00, 0x00, 0x00, 0x00, 0x00, 0x00, 0x00, 0x00, 0x00,
  0x00, 0x00, 0x00, 0x00, 0x00, 0x00, 0x00, 0x00, 0x00, 0x00, 0x00, 0x00, 0x00, 0x00, 0x00, 0x00, 0x00, 0x00, 0x00, 0x00, 0x00, 0x00, 0x00, 0x00, 0x00, 0x00, 0x00, 0x00, 0x00, 0x00, 0x00, 0x00,
  0x00, 0x00, 0x00, 0x00, 0x00, 0x00, 0x00, 0x00, 0x00, 0x00, 0x00, 0x00, 0x00, 0x00, 0x00, 0x00, 0x00, 0x00, 0x00, 0x00, 0x00, 0x00, 0x00, 0x00, 0x00, 0x00, 0x00, 0x00, 0x00, 0x00, 0x00, 0x00,
  0x00, 0x00, 0x00, 0x00, 0x00, 0x00, 0x00, 0x00, 0x00, 0x00, 0x00, 0x00, 0x00, 0x00, 0x00, 0x00, 0x00, 0x00, 0x00, 0x00, 0x00, 0x00, 0x00, 0x00, 0x00, 0x00, 0x00, 0x00, 0x00, 0x00, 0x00, 0x00,
  0x00, 0x00, 0x00, 0x00, 0x00, 0x00, 0x00, 0x00, 0x00, 0x00, 0x00, 0x00, 0x00, 0x00, 0x00, 0x00, 0x00, 0x00, 0x00, 0x00, 0x00, 0x00, 0x00, 0x00, 0x00, 0x00, 0x00, 0x00, 0x00, 0x00, 0x00, 0x00,
  0x00, 0x00, 0x00, 0x00, 0x00, 0x00, 0x00, 0x00, 0x00, 0x00, 0x00, 0x00, 0x00, 0x00, 0x00, 0x00, 0x00, 0x00, 0x00, 0x00, 0x00, 0x00, 0x00, 0x00, 0x00, 0x00, 0x00, 0x00, 0x00, 0x00, 0x00, 0x00,
  0x00, 0x00, 0x00, 0x00, 0x00, 0x00, 0x00, 0x00, 0x00, 0x00, 0x00, 0x00, 0x00, 0x00, 0x00, 0x00, 0x00, 0x00, 0x00, 0x00, 0x00, 0x00, 0x00, 0x00, 0x00, 0x00, 0x00, 0x00, 0x00, 0x00, 0x00, 0x00,
  0x00, 0x00, 0x00, 0x00, 0x00, 0x00, 0x00, 0x00, 0x00, 0x00, 0x00, 0x00, 0x00, 0x00, 0x00, 0x00, 0x00, 0x00, 0x00, 0x00, 0x00, 0x00, 0x00, 0x00, 0x00, 0x00, 0x00, 0x00, 0x00, 0x00, 0x00, 0x00,
  0x00, 0x00, 0x00, 0x00, 0x00, 0x00, 0x00, 0x00, 0x00, 0x00, 0x00, 0x00, 0x00, 0x00, 0x00, 0x00, 0x00, 0x00, 0x00, 0x00, 0x00, 0x00, 0x00, 0x00, 0x00, 0x00, 0x00, 0x00, 0x00, 0x00, 0x00, 0x00,
  0x00, 0x00, 0x00, 0x00, 0x00, 0x00, 0x00, 0x00, 0x00, 0x00, 0x00, 0x00, 0x00, 0x00, 0x00, 0x00, 0x00, 0x00, 0x00, 0x00, 0x00, 0x00, 0x00, 0x00, 0x00, 0x00, 0x00, 0x00, 0x00, 0x00, 0x00, 0x00,
  0x00, 0x00, 0x00, 0x00, 0x00, 0x00, 0x00, 0x00, 0x00, 0x00, 0x00, 0x00, 0x00, 0x00, 0x00, 0x00, 0x00, 0x00, 0x00, 0x00, 0x00, 0x00, 0x00, 0x00, 0x00, 0x00, 0x00, 0x00, 0x00, 0x00, 0x00, 0x00,
  0x00, 0x00, 0x00, 0x00, 0x00, 0x00, 0x00, 0x00, 0x00, 0x00, 0x00, 0x00, 0x00, 0x00, 0x00, 0x00, 0x00, 0x00, 0x00, 0x00, 0x00, 0x00, 0x00, 0x00, 0x00, 0x00, 0x00, 0x00, 0x00, 0x00, 0x00, 0x00,
  0x00, 0x00, 0x00, 0x00, 0x00, 0x00, 0x00, 0x00, 0x00, 0x00, 0x00, 0x00, 0x00, 0x00, 0x00, 0x00, 0x00, 0x00, 0x00, 0x00, 0x00, 0x00, 0x00, 0x00, 0x00, 0x00, 0x00, 0x00, 0x00, 0x00, 0x00, 0x00,
  0x00, 0x00, 0x00, 0x00, 0x00, 0x00, 0x00, 0x00, 0x00, 0x00, 0x00, 0x00, 0x00, 0x00, 0x00, 0x00, 0x00, 0x00, 0x00, 0x00, 0x00, 0x00, 0x00, 0x00, 0x00, 0x00, 0x00, 0x00, 0x00, 0x00, 0x00, 0x00,
  0x00, 0x00, 0x00, 0x00, 0x00, 0x00, 0x00, 0x00, 0x00, 0x00, 0x00, 0x00, 0x00, 0x00, 0x00, 0x00, 0x00, 0x00, 0x00, 0x00, 0x00, 0x00, 0x00, 0x00, 0x00, 0x00, 0x00, 0x00, 0x00, 0x00, 0x00, 0x00,
  0x00, 0x00, 0x00, 0x00, 0x00, 0x00, 0x00, 0x00, 0x00, 0x00, 0x00, 0x00, 0x00, 0x00, 0x00, 0x00, 0x00, 0x00, 0x00, 0x00, 0x00, 0x00, 0x00, 0x00, 0x00, 0x00, 0x00, 0x00, 0x00, 0x00, 0x00, 0x00,
  0x00, 0x00, 0x00, 0x00, 0x00, 0x00, 0x00, 0x00, 0x00, 0x00, 0x00, 0x00, 0x00, 0x00, 0x00, 0x00, 0x00, 0x00, 0x00, 0x00, 0x00, 0x00, 0x00, 0x00, 0x00, 0x00, 0x00, 0x00, 0x00, 0x00, 0x00, 0x00,
  0x00, 0x00, 0x00, 0x00, 0x00, 0x00, 0x00, 0x00, 0x00, 0x00, 0x00, 0x00, 0x00, 0x00, 0x00, 0x00, 0x00, 0x00, 0x00, 0x00, 0x00, 0x00, 0x00, 0x00, 0xf4, 0x72, 0xe8, 0x83, 0xe8, 0xe4, 0xe8, 0xe4,
  0xe8, 0xe4, 0xe8, 0xe4, 0xe8, 0xe4, 0xe8, 0xe4, 0xe8, 0xe4, 0xe8, 0xe4, 0xe8, 0xe4, 0xe8, 0xe4, 0xe8, 0xe4, 0xe8, 0xe4, 0xe8, 0xe4, 0xe8, 0xe4, 0xe8, 0xe4, 0xe8, 0xe4, 0xe8, 0xa3, 0xe8, 0xa3,
  0xea, 0x29, 0xbb, 0xf0, 0x00, 0x00, 0x00, 0x00, 0x00, 0x00, 0x00, 0x00, 0x00, 0x00, 0x00, 0x00, 0x00, 0x00, 0x00, 0x00, 0x00, 0x00, 0x00, 0x00, 0x00, 0x00, 0x00, 0x00, 0x00, 0x00, 0x00, 0x00,
  0x00, 0x00, 0x00, 0x00, 0x00, 0x00, 0x00, 0x00, 0x00, 0x00, 0x00, 0x00, 0x00, 0x00, 0x00, 0x00, 0x00, 0x00, 0x00, 0x00, 0x00, 0x00, 0x00, 0x00, 0x00, 0x00, 0x00, 0x00, 0x00, 0x00, 0x00, 0x00,
  0x00, 0x00, 0x00, 0x00, 0x00, 0x00, 0x00, 0x00, 0x00, 0x00, 0x00, 0x00, 0x00, 0x00, 0x00, 0x00, 0x00, 0x00, 0x00, 0x00, 0x00, 0x00, 0x00, 0x00, 0x00, 0x00, 0x00, 0x00, 0x00, 0x00, 0x00, 0x00,
  0x00, 0x00, 0x00, 0x00, 0x00, 0x00, 0x00, 0x00, 0x00, 0x00, 0x00, 0x00, 0x00, 0x00, 0x00, 0x00, 0x00, 0x00, 0x00, 0x00, 0x00, 0x00, 0x00, 0x00, 0x00, 0x00, 0x00, 0x00, 0x00, 0x00, 0x00, 0x00,
  0x00, 0x00, 0x00, 0x00, 0x00, 0x00, 0x00, 0x00, 0x00, 0x00, 0x00, 0x00, 0x00, 0x00, 0x00, 0x00, 0x00, 0x00, 0x00, 0x00, 0x00, 0x00, 0x00, 0x00, 0x00, 0x00, 0x00, 0x00, 0x00, 0x00, 0x00, 0x00,
  0x00, 0x00, 0x00, 0x00, 0x00, 0x00, 0x00, 0x00, 0x00, 0x00, 0x00, 0x00, 0x00, 0x00, 0x00, 0x00, 0x00, 0x00, 0x00, 0x00, 0x00, 0x00, 0x00, 0x00, 0x00, 0x00, 0x00, 0x00, 0x00, 0x00, 0x00, 0x00,
  0x00, 0x00, 0x00, 0x00, 0x00, 0x00, 0x00, 0x00, 0x00, 0x00, 0x00, 0x00, 0x00, 0x00, 0x00, 0x00, 0x00, 0x00, 0x00, 0x00, 0x00, 0x00, 0x00, 0x00, 0x00, 0x00, 0x00, 0x00, 0x00, 0x00, 0x00, 0x00,
  0x00, 0x00, 0x00, 0x00, 0x00, 0x00, 0x00, 0x00, 0x00, 0x00, 0x00, 0x00, 0x00, 0x00, 0x00, 0x00, 0x00, 0x00, 0x00, 0x00, 0x00, 0x00, 0x00, 0x00, 0x00, 0x00, 0x00, 0x00, 0x00, 0x00, 0x00, 0x00,
  0x00, 0x00, 0x00, 0x00, 0x00, 0x00, 0x00, 0x00, 0x00, 0x00, 0x00, 0x00, 0x00, 0x00, 0x00, 0x00, 0x00, 0x00, 0x00, 0x00, 0x00, 0x00, 0x00, 0x00, 0x00, 0x00, 0x00, 0x00, 0x00, 0x00, 0x00, 0x00,
  0x00, 0x00, 0x00, 0x00, 0x00, 0x00, 0x00, 0x00, 0x00, 0x00, 0x00, 0x00, 0x00, 0x00, 0x00, 0x00, 0x00, 0x00, 0x00, 0x00, 0x00, 0x00, 0x00, 0x00, 0x00, 0x00, 0x00, 0x00, 0x00, 0x00, 0x00, 0x00,
  0x00, 0x00, 0x00, 0x00, 0x00, 0x00, 0x00, 0x00, 0x00, 0x00, 0x00, 0x00, 0x00, 0x00, 0x00, 0x00, 0x00, 0x00, 0x00, 0x00, 0x00, 0x00, 0x00, 0x00, 0x00, 0x00, 0x00, 0x00, 0x00, 0x00, 0x00, 0x00,
  0x00, 0x00, 0x00, 0x00, 0x00, 0x00, 0x00, 0x00, 0x00, 0x00, 0x00, 0x00, 0x00, 0x00, 0x00, 0x00, 0x00, 0x00, 0x00, 0x00, 0x00, 0x00, 0x00, 0x00, 0x00, 0x00, 0x00, 0x00, 0x00, 0x00, 0x00, 0x00,
  0x00, 0x00, 0x00, 0x00, 0x00, 0x00, 0x00, 0x00, 0x00, 0x00, 0x00, 0x00, 0x00, 0x00, 0x00, 0x00, 0x00, 0x00, 0x00, 0x00, 0x00, 0x00, 0x00, 0x00, 0x00, 0x00, 0x00, 0x00, 0x00, 0x00, 0x00, 0x00,
  0x00, 0x00, 0x00, 0x00, 0x00, 0x00, 0x00, 0x00, 0x00, 0x00, 0x00, 0x00, 0x00, 0x00, 0x00, 0x00, 0x00, 0x00, 0x00, 0x00, 0x00, 0x00, 0x00, 0x00, 0x00, 0x00, 0x00, 0x00, 0x00, 0x00, 0x00, 0x00,
  0x00, 0x00, 0x00, 0x00, 0x00, 0x00, 0x00, 0x00, 0x00, 0x00, 0x00, 0x00, 0x00, 0x00, 0x00, 0x00, 0x00, 0x00, 0x00, 0x00, 0x00, 0x00, 0x00, 0x00, 0x00, 0x00, 0x00, 0x00, 0x00, 0x00, 0x00, 0x00,
  0x00, 0x00, 0x00, 0x00, 0x00, 0x00, 0x00, 0x00, 0x00, 0x00, 0x00, 0x00, 0x00, 0x00, 0x00, 0x00, 0x00, 0x00, 0x00, 0x00, 0x00, 0x00, 0x00, 0x00, 0x00, 0x00, 0x00, 0x00, 0x00, 0x00, 0x00, 0x00,
  0x00, 0x00, 0x00, 0x00, 0x00, 0x00, 0x00, 0x00, 0x00, 0x00, 0x00, 0x00, 0x00, 0x00, 0x00, 0x00, 0x00, 0x00, 0x00, 0x00, 0x00, 0x00, 0x00, 0x00, 0x00, 0x00, 0x00, 0x00, 0x00, 0x00, 0x00, 0x00,
  0x00, 0x00, 0x00, 0x00, 0x00, 0x00, 0x00, 0x00, 0x00, 0x00, 0x00, 0x00, 0x00, 0x00, 0x00, 0x00, 0x00, 0x00, 0x00, 0x00, 0x00, 0x00, 0x00, 0x00, 0x00, 0x00, 0x00, 0x00, 0x00, 0x00, 0x00, 0x00,
  0x00, 0x00, 0x00, 0x00, 0x00, 0x00, 0x00, 0x00, 0x00, 0x00, 0x00, 0x00, 0x00, 0x00, 0x00, 0x00, 0x00, 0x00, 0x00, 0x00, 0x00, 0x00, 0x00, 0x00, 0x00, 0x00, 0x00, 0x00, 0x00, 0x00, 0x00, 0x00,
  0x00, 0x00, 0x00, 0x00, 0x00, 0x00, 0x00, 0x00, 0x00, 0x00, 0x00, 0x00, 0x00, 0x00, 0x00, 0x00, 0x00, 0x00, 0x00, 0x00, 0x00, 0x00, 0x00, 0x00, 0x00, 0x00, 0x00, 0x00, 0x00, 0x00, 0x49, 0xe7,
  0xe9, 0x25, 0xe8, 0xc4, 0xe8, 0xe4, 0xe8, 0xe4, 0xe8, 0xe4, 0xe8, 0xe4, 0xe8, 0xe4, 0xe8, 0xe4, 0xe8, 0xe4, 0xe8, 0xe4, 0xe8, 0xe4, 0xe8, 0xe4, 0xe8, 0xe4, 0xe8, 0xe4, 0xe8, 0xe4, 0xe8, 0xe4,
  0xe8, 0xe4, 0xe8, 0x83, 0xe9, 0x87, 0xdc, 0x51, 0x00, 0x00, 0x00, 0x00, 0x00, 0x00, 0x00, 0x00, 0x00, 0x00, 0x00, 0x00, 0x00, 0x00, 0x00, 0x00, 0x00, 0x00, 0x00, 0x00, 0x00, 0x00, 0x00, 0x00,
  0x00, 0x00, 0x00, 0x00, 0x00, 0x00, 0x00, 0x00, 0x00, 0x00, 0x00, 0x00, 0x00, 0x00, 0x00, 0x00, 0x00, 0x00, 0x00, 0x00, 0x00, 0x00, 0x00, 0x00, 0x00, 0x00, 0x00, 0x00, 0x00, 0x00, 0x00, 0x00,
  0x00, 0x00, 0x00, 0x00, 0x00, 0x00, 0x00, 0x00, 0x00, 0x00, 0x00, 0x00, 0x00, 0x00, 0x00, 0x00, 0x00, 0x00, 0x00, 0x00, 0x00, 0x00, 0x00, 0x00, 0x00, 0x00, 0x00, 0x00, 0x00, 0x00, 0x00, 0x00,
  0x00, 0x00, 0x00, 0x00, 0x00, 0x00, 0x00, 0x00, 0x00, 0x00, 0x00, 0x00, 0x00, 0x00, 0x00, 0x00, 0x00, 0x00, 0x00, 0x00, 0x00, 0x00, 0x00, 0x00, 0x00, 0x00, 0x00, 0x00, 0x00, 0x00, 0x00, 0x00,
  0x00, 0x00, 0x00, 0x00, 0x00, 0x00, 0x00, 0x00, 0x00, 0x00, 0x00, 0x00, 0x00, 0x00, 0x00, 0x00, 0x00, 0x00, 0x00, 0x00, 0x00, 0x00, 0x00, 0x00, 0x00, 0x00, 0x00, 0x00, 0x00, 0x00, 0x00, 0x00,
  0x00, 0x00, 0x00, 0x00, 0x00, 0x00, 0x00, 0x00, 0x00, 0x00, 0x00, 0x00, 0x00, 0x00, 0x00, 0x00, 0x00, 0x00, 0x00, 0x00, 0x00, 0x00, 0x00, 0x00, 0x00, 0x00, 0x00, 0x00, 0x00, 0x00, 0x00, 0x00,
  0x00, 0x00, 0x00, 0x00, 0x00, 0x00, 0x00, 0x00, 0x00, 0x00, 0x00, 0x00, 0x00, 0x00, 0x00, 0x00, 0x00, 0x00, 0x00, 0x00, 0x00, 0x00, 0x00, 0x00, 0x00, 0x00, 0x00, 0x00, 0x00, 0x00, 0x00, 0x00,
  0x00, 0x00, 0x00, 0x00, 0x00, 0x00, 0x00, 0x00, 0x00, 0x00, 0x00, 0x00, 0x00, 0x00, 0x00, 0x00, 0x00, 0x00, 0x00, 0x00, 0x00, 0x00, 0x00, 0x00, 0x00, 0x00, 0x00, 0x00, 0x00, 0x00, 0x00, 0x00,
  0x00, 0x00, 0x00, 0x00, 0x00, 0x00, 0x00, 0x00, 0x00, 0x00, 0x00, 0x00, 0x00, 0x00, 0x00, 0x00, 0x00, 0x00, 0x00, 0x00, 0x00, 0x00, 0x00, 0x00, 0x00, 0x00, 0x00, 0x00, 0x00, 0x00, 0x00, 0x00,
  0x00, 0x00, 0x00, 0x00, 0x00, 0x00, 0x00, 0x00, 0x00, 0x00, 0x00, 0x00, 0x00, 0x00, 0x00, 0x00, 0x00, 0x00, 0x00, 0x00, 0x00, 0x00, 0x00, 0x00, 0x00, 0x00, 0x00, 0x00, 0x00, 0x00, 0x00, 0x00,
  0x00, 0x00, 0x00, 0x00, 0x00, 0x00, 0x00, 0x00, 0x00, 0x00, 0x00, 0x00, 0x00, 0x00, 0x00, 0x00, 0x00, 0x00, 0x00, 0x00, 0x00, 0x00, 0x00, 0x00, 0x00, 0x00, 0x00, 0x00, 0x00, 0x00, 0x00, 0x00,
  0x00, 0x00, 0x00, 0x00, 0x00, 0x00, 0x00, 0x00, 0x00, 0x00, 0x00, 0x00, 0x00, 0x00, 0x00, 0x00, 0x00, 0x00, 0x00, 0x00, 0x00, 0x00, 0x00, 0x00, 0x00, 0x00, 0x00, 0x00, 0x00, 0x00, 0x00, 0x00,
  0x00, 0x00, 0x00, 0x00, 0x00, 0x00, 0x00, 0x00, 0x00, 0x00, 0x00, 0x00, 0x00, 0x00, 0x00, 0x00, 0x00, 0x00, 0x00, 0x00, 0x00, 0x00, 0x00, 0x00, 0x00, 0x00, 0x00, 0x00, 0x00, 0x00, 0x00, 0x00,
  0x00, 0x00, 0x00, 0x00, 0x00, 0x00, 0x00, 0x00, 0x00, 0x00, 0x00, 0x00, 0x00, 0x00, 0x00, 0x00, 0x00, 0x00, 0x00, 0x00, 0x00, 0x00, 0x00, 0x00, 0x00, 0x00, 0x00, 0x00, 0x00, 0x00, 0x00, 0x00,
  0x00, 0x00, 0x00, 0x00, 0x00, 0x00, 0x00, 0x00, 0x00, 0x00, 0x00, 0x00, 0x00, 0x00, 0x00, 0x00, 0x00, 0x00, 0x00, 0x00, 0x00, 0x00, 0x00, 0x00, 0x00, 0x00, 0x00, 0x00, 0x00, 0x00, 0x00, 0x00,
  0x00, 0x00, 0x00, 0x00, 0x00, 0x00, 0x00, 0x00, 0x00, 0x00, 0x00, 0x00, 0x00, 0x00, 0x00, 0x00, 0x00, 0x00, 0x00, 0x00, 0x00, 0x00, 0x00, 0x00, 0x00, 0x00, 0x00, 0x00, 0x00, 0x00, 0x00, 0x00,
  0x00, 0x00, 0x00, 0x00, 0x00, 0x00, 0x00, 0x00, 0x00, 0x00, 0x00, 0x00, 0x00, 0x00, 0x00, 0x00, 0x00, 0x00, 0x00, 0x00, 0x00, 0x00, 0x00, 0x00, 0x00, 0x00, 0x00, 0x00, 0x00, 0x00, 0x00, 0x00,
  0x00, 0x00, 0x00, 0x00, 0x00, 0x00, 0x00, 0x00, 0x00, 0x00, 0x00, 0x00, 0x00, 0x00, 0x00, 0x00, 0x00, 0x00, 0x00, 0x00, 0x00, 0x00, 0x00, 0x00, 0x00, 0x00, 0x00, 0x00, 0x00, 0x00, 0x00, 0x00,
  0x00, 0x00, 0x00, 0x00, 0x00, 0x00, 0x00, 0x00, 0x00, 0x00, 0x00, 0x00, 0x00, 0x00, 0x00, 0x00, 0x00, 0x00, 0x00, 0x00, 0x00, 0x00, 0x00, 0x00, 0x00, 0x00, 0x00, 0x00, 0x00, 0x00, 0x00, 0x00,
  0x00, 0x00, 0x00, 0x00, 0x00, 0x00, 0x00, 0x00, 0x00, 0x00, 0x00, 0x00, 0x00, 0x00, 0x00, 0x00, 0x00, 0x00, 0x00, 0x00, 0x00, 0x00, 0x00, 0x00, 0x00, 0x00, 0x00, 0x00, 0x00, 0x00, 0x00, 0x00,
  0x00, 0x00, 0x00, 0x00, 0x00, 0x00, 0xf2, 0xec, 0xe8, 0x83, 0xe8, 0xe4, 0xe8, 0xe4, 0xe8, 0xe4, 0xe8, 0xe4, 0xe8, 0xe4, 0xe8, 0xe4, 0xe8, 0xe4, 0xe8, 0xe4, 0xe8, 0xe4, 0xe8, 0xe4, 0xe8, 0xe4,
  0xe8, 0xe4, 0xe8, 0xe4, 0xe8, 0xe4, 0xe8, 0xc4, 0xe8, 0xa3, 0xf3, 0x4d, 0x18, 0xc3, 0x00, 0x00, 0x00, 0x00, 0x00, 0x00, 0x00, 0x00, 0x00, 0x00, 0x00, 0x00, 0x00, 0x00, 0x00, 0x00, 0x00, 0x00,
  0x00, 0x00, 0x00, 0x00, 0x00, 0x00, 0x00, 0x00, 0x00, 0x00, 0x00, 0x00, 0x00, 0x00, 0x00, 0x00, 0x00, 0x00, 0x00, 0x00, 0x00, 0x00, 0x00, 0x00, 0x00, 0x00, 0x00, 0x00, 0x00, 0x00, 0x00, 0x00,
  0x00, 0x00, 0x00, 0x00, 0x00, 0x00, 0x00, 0x00, 0x00, 0x00, 0x00, 0x00, 0x00, 0x00, 0x00, 0x00, 0x00, 0x00, 0x00, 0x00, 0x00, 0x00, 0x00, 0x00, 0x00, 0x00, 0x00, 0x00, 0x00, 0x00, 0x00, 0x00,
  0x00, 0x00, 0x00, 0x00, 0x00, 0x00, 0x00, 0x00, 0x00, 0x00, 0x00, 0x00, 0x00, 0x00, 0x00, 0x00, 0x00, 0x00, 0x00, 0x00, 0x00, 0x00, 0x00, 0x00, 0x00, 0x00, 0x00, 0x00, 0x00, 0x00, 0x00, 0x00,
  0x00, 0x00, 0x00, 0x00, 0x00, 0x00, 0x00, 0x00, 0x00, 0x00, 0x00, 0x00, 0x00, 0x00, 0x00, 0x00, 0x00, 0x00, 0x00, 0x00, 0x00, 0x00, 0x00, 0x00, 0x00, 0x00, 0x00, 0x00, 0x00, 0x00, 0x00, 0x00,
  0x00, 0x00, 0x00, 0x00, 0x00, 0x00, 0x00, 0x00, 0x00, 0x00, 0x00, 0x00, 0x00, 0x00, 0x00, 0x00, 0x00, 0x00, 0x00, 0x00, 0x00, 0x00, 0x00, 0x00, 0x00, 0x00, 0x00, 0x00, 0x00, 0x00, 0x00, 0x00,
  0x00, 0x00, 0x00, 0x00, 0x00, 0x00, 0x00, 0x00, 0x00, 0x00, 0x00, 0x00, 0x00, 0x00, 0x00, 0x00, 0x00, 0x00, 0x00, 0x00, 0x00, 0x00, 0x00, 0x00, 0x00, 0x00, 0x00, 0x00, 0x00, 0x00, 0x00, 0x00,
  0x00, 0x00, 0x00, 0x00, 0x00, 0x00, 0x00, 0x00, 0x00, 0x00, 0x00, 0x00, 0x00, 0x00, 0x00, 0x00, 0x00, 0x00, 0x00, 0x00, 0x00, 0x00, 0x00, 0x00, 0x00, 0x00, 0x00, 0x00, 0x00, 0x00, 0x00, 0x00,
  0x00, 0x00, 0x00, 0x00, 0x00, 0x00, 0x00, 0x00, 0x00, 0x00, 0x00, 0x00, 0x00, 0x00, 0x00, 0x00, 0x00, 0x00, 0x00, 0x00, 0x00, 0x00, 0x00, 0x00, 0x00, 0x00, 0x00, 0x00, 0x00, 0x00, 0x00, 0x00,
  0x00, 0x00, 0x00, 0x00, 0x00, 0x00, 0x00, 0x00, 0x00, 0x00, 0x00, 0x00, 0x00, 0x00, 0x00, 0x00, 0x00, 0x00, 0x00, 0x00, 0x00, 0x00, 0x00, 0x00, 0x00, 0x00, 0x00, 0x00, 0x00, 0x00, 0x00, 0x00,
  0x00, 0x00, 0x00, 0x00, 0x00, 0x00, 0x00, 0x00, 0x00, 0x00, 0x00, 0x00, 0x00, 0x00, 0x00, 0x00, 0x00, 0x00, 0x00, 0x00, 0x00, 0x00, 0x00, 0x00, 0x00, 0x00, 0x00, 0x00, 0x00, 0x00, 0x00, 0x00,
  0x00, 0x00, 0x00, 0x00, 0x00, 0x00, 0x00, 0x00, 0x00, 0x00, 0x00, 0x00, 0x00, 0x00, 0x00, 0x00, 0x00, 0x00, 0x00, 0x00, 0x00, 0x00, 0x00, 0x00, 0x00, 0x00, 0x00, 0x00, 0x00, 0x00, 0x00, 0x00,
  0x00, 0x00, 0x00, 0x00, 0x00, 0x00, 0x00, 0x00, 0x00, 0x00, 0x00, 0x00, 0x00, 0x00, 0x00, 0x00, 0x00, 0x00, 0x00, 0x00, 0x00, 0x00, 0x00, 0x00, 0x00, 0x00, 0x00, 0x00, 0x00, 0x00, 0x00, 0x00,
  0x00, 0x00, 0x00, 0x00, 0x00, 0x00, 0x00, 0x00, 0x00, 0x00, 0x00, 0x00, 0x00, 0x00, 0x00, 0x00, 0x00, 0x00, 0x00, 0x00, 0x00, 0x00, 0x00, 0x00, 0x00, 0x00, 0x00, 0x00, 0x00, 0x00, 0x00, 0x00,
  0x00, 0x00, 0x00, 0x00, 0x00, 0x00, 0x00, 0x00, 0x00, 0x00, 0x00, 0x00, 0x00, 0x00, 0x00, 0x00, 0x00, 0x00, 0x00, 0x00, 0x00, 0x00, 0x00, 0x00, 0x00, 0x00, 0x00, 0x00, 0x00, 0x00, 0x00, 0x00,
  0x00, 0x00, 0x00, 0x00, 0x00, 0x00, 0x00, 0x00, 0x00, 0x00, 0x00, 0x00, 0x00, 0x00, 0x00, 0x00, 0x00, 0x00, 0x00, 0x00, 0x00, 0x00, 0x00, 0x00, 0x00, 0x00, 0x00, 0x00, 0x00, 0x00, 0x00, 0x00,
  0x00, 0x00, 0x00, 0x00, 0x00, 0x00, 0x00, 0x00, 0x00, 0x00, 0x00, 0x00, 0x00, 0x00, 0x00, 0x00, 0x00, 0x00, 0x00, 0x00, 0x00, 0x00, 0x00, 0x00, 0x00, 0x00, 0x00, 0x00, 0x00, 0x00, 0x00, 0x00,
  0x00, 0x00, 0x00, 0x00, 0x00, 0x00, 0x00, 0x00, 0x00, 0x00, 0x00, 0x00, 0x00, 0x00, 0x00, 0x00, 0x00, 0x00, 0x00, 0x00, 0x00, 0x00, 0x00, 0x00, 0x00, 0x00, 0x00, 0x00, 0x00, 0x00, 0x00, 0x00,
  0x00, 0x00, 0x00, 0x00, 0x00, 0x00, 0x00, 0x00, 0x00, 0x00, 0x00, 0x00, 0x00, 0x00, 0x00, 0x00, 0x00, 0x00, 0x00, 0x00, 0x00, 0x00, 0x00, 0x00, 0x00, 0x00, 0x00, 0x00, 0x00, 0x00, 0x00, 0x00,
  0x00, 0x00, 0x00, 0x00, 0x00, 0x00, 0x00, 0x00, 0x00, 0x00, 0x00, 0x00, 0x00, 0x00, 0x00, 0x00, 0x00, 0x00, 0x00, 0x00, 0x00, 0x00, 0x00, 0x00, 0x00, 0x00, 0x00, 0x00, 0x00, 0x00, 0x00, 0x00,
  0x00, 0x00, 0x00, 0x00, 0x00, 0x00, 0x00, 0x00, 0x00, 0x00, 0x00, 0x00, 0xa3, 0x8e, 0xe8, 0xc4, 0xe8, 0xe4, 0xe8, 0xe4, 0xe8, 0xe4, 0xe8, 0xe4, 0xe8, 0xe4, 0xe8, 0xe4, 0xe8, 0xe4, 0xe8, 0xe4,
  0xe8, 0xe4, 0xe8, 0xe4, 0xe8, 0xe4, 0xe8, 0xe4, 0xe8, 0xe4, 0xe8, 0xe4, 0xe8, 0xa3, 0xe9, 0x25, 0xd4, 0x31, 0x00, 0x00, 0x00, 0x00, 0x00, 0x00, 0x00, 0x00, 0x00, 0x00, 0x00, 0x00, 0x00, 0x00,
  0x00, 0x00, 0x00, 0x00, 0x00, 0x00, 0x00, 0x00, 0x00, 0x00, 0x00, 0x00, 0x00, 0x00, 0x00, 0x00, 0x00, 0x00, 0x00, 0x00, 0x00, 0x00, 0x00, 0x00, 0x00, 0x00, 0x00, 0x00, 0x00, 0x00, 0x00, 0x00,
  0x00, 0x00, 0x00, 0x00, 0x00, 0x00, 0x00, 0x00, 0x00, 0x00, 0x00, 0x00, 0x00, 0x00, 0x00, 0x00, 0x00, 0x00, 0x00, 0x00, 0x00, 0x00, 0x00, 0x00, 0x00, 0x00, 0x00, 0x00, 0x00, 0x00, 0x00, 0x00,
  0x00, 0x00, 0x00, 0x00, 0x00, 0x00, 0x00, 0x00, 0x00, 0x00, 0x00, 0x00, 0x00, 0x00, 0x00, 0x00, 0x00, 0x00, 0x00, 0x00, 0x00, 0x00, 0x00, 0x00, 0x00, 0x00, 0x00, 0x00, 0x00, 0x00, 0x00, 0x00,
  0x00, 0x00, 0x00, 0x00, 0x00, 0x00, 0x00, 0x00, 0x00, 0x00, 0x00, 0x00, 0x00, 0x00, 0x00, 0x00, 0x00, 0x00, 0x00, 0x00, 0x00, 0x00, 0x00, 0x00, 0x00, 0x00, 0x00, 0x00, 0x00, 0x00, 0x00, 0x00,
  0x00, 0x00, 0x00, 0x00, 0x00, 0x00, 0x00, 0x00, 0x00, 0x00, 0x00, 0x00, 0x00, 0x00, 0x00, 0x00, 0x00, 0x00, 0x00, 0x00, 0x00, 0x00, 0x00, 0x00, 0x00, 0x00, 0x00, 0x00, 0x00, 0x00, 0x00, 0x00,
  0x00, 0x00, 0x00, 0x00, 0x00, 0x00, 0x00, 0x00, 0x00, 0x00, 0x00, 0x00, 0x00, 0x00, 0x00, 0x00, 0x00, 0x00, 0x00, 0x00, 0x00, 0x00, 0x00, 0x00, 0x00, 0x00, 0x00, 0x00, 0x00, 0x00, 0x00, 0x00,
  0x00, 0x00, 0x00, 0x00, 0x00, 0x00, 0x00, 0x00, 0x00, 0x00, 0x00, 0x00, 0x00, 0x00, 0x00, 0x00, 0x00, 0x00, 0x00, 0x00, 0x00, 0x00, 0x00, 0x00, 0x00, 0x00, 0x00, 0x00, 0x00, 0x00, 0x00, 0x00,
  0x00, 0x00, 0x00, 0x00, 0x00, 0x00, 0x00, 0x00, 0x00, 0x00, 0x00, 0x00, 0x00, 0x00, 0x00, 0x00, 0x00, 0x00, 0x00, 0x00, 0x00, 0x00, 0x00, 0x00, 0x00, 0x00, 0x00, 0x00, 0x00, 0x00, 0x00, 0x00,
  0x00, 0x00, 0x00, 0x00, 0x00, 0x00, 0x00, 0x00, 0x00, 0x00, 0x00, 0x00, 0x00, 0x00, 0x00, 0x00, 0x00, 0x00, 0x00, 0x00, 0x00, 0x00, 0x00, 0x00, 0x00, 0x00, 0x00, 0x00, 0x00, 0x00, 0x00, 0x00,
  0x00, 0x00, 0x00, 0x00, 0x00, 0x00, 0x00, 0x00, 0x00, 0x00, 0x00, 0x00, 0x00, 0x00, 0x00, 0x00, 0x00, 0x00, 0x00, 0x00, 0x00, 0x00, 0x00, 0x00, 0x00, 0x00, 0x00, 0x00, 0x00, 0x00, 0x00, 0x00,
  0x00, 0x00, 0x00, 0x00, 0x00, 0x00, 0x00, 0x00, 0x00, 0x00, 0x00, 0x00, 0x00, 0x00, 0x00, 0x00, 0x00, 0x00, 0x00, 0x00, 0x00, 0x00, 0x00, 0x00, 0x00, 0x00, 0x00, 0x00, 0x00, 0x00, 0x00, 0x00,
  0x00, 0x00, 0x00, 0x00, 0x00, 0x00, 0x00, 0x00, 0x00, 0x00, 0x00, 0x00, 0x00, 0x00, 0x00, 0x00, 0x00, 0x00, 0x00, 0x00, 0x00, 0x00, 0x00, 0x00, 0x00, 0x00, 0x00, 0x00, 0x00, 0x00, 0x00, 0x00,
  0x00, 0x00, 0x00, 0x00, 0x00, 0x00, 0x00, 0x00, 0x00, 0x00, 0x00, 0x00, 0x00, 0x00, 0x00, 0x00, 0x00, 0x00, 0x00, 0x00, 0x00, 0x00, 0x00, 0x00, 0x00, 0x00, 0x00, 0x00, 0x00, 0x00, 0x00, 0x00,
  0x00, 0x00, 0x00, 0x00, 0x00, 0x00, 0x00, 0x00, 0x00, 0x00, 0x00, 0x00, 0x00, 0x00, 0x00, 0x00, 0x00, 0x00, 0x00, 0x00, 0x00, 0x00, 0x00, 0x00, 0x00, 0x00, 0x00, 0x00, 0x00, 0x00, 0x00, 0x00,
  0x00, 0x00, 0x00, 0x00, 0x00, 0x00, 0x00, 0x00, 0x00, 0x00, 0x00, 0x00, 0x00, 0x00, 0x00, 0x00, 0x00, 0x00, 0x00, 0x00, 0x00, 0x00, 0x00, 0x00, 0x00, 0x00, 0x00, 0x00, 0x00, 0x00, 0x00, 0x00,
  0x00, 0x00, 0x00, 0x00, 0x00, 0x00, 0x00, 0x00, 0x00, 0x00, 0x00, 0x00, 0x00, 0x00, 0x00, 0x00, 0x00, 0x00, 0x00, 0x00, 0x00, 0x00, 0x00, 0x00, 0x00, 0x00, 0x00, 0x00, 0x00, 0x00, 0x00, 0x00,
  0x00, 0x00, 0x00, 0x00, 0x00, 0x00, 0x00, 0x00, 0x00, 0x00, 0x00, 0x00, 0x00, 0x00, 0x00, 0x00, 0x00, 0x00, 0x00, 0x00, 0x00, 0x00, 0x00, 0x00, 0x00, 0x00, 0x00, 0x00, 0x00, 0x00, 0x00, 0x00,
  0x00, 0x00, 0x00, 0x00, 0x00, 0x00, 0x00, 0x00, 0x00, 0x00, 0x00, 0x00, 0x00, 0x00, 0x00, 0x00, 0x00, 0x00, 0x00, 0x00, 0x00, 0x00, 0x00, 0x00, 0x00, 0x00, 0x00, 0x00, 0x00, 0x00, 0x00, 0x00,
  0x00, 0x00, 0x00, 0x00, 0x00, 0x00, 0x00, 0x00, 0x00, 0x00, 0x00, 0x00, 0x00, 0x00, 0x00, 0x00, 0x00, 0x00, 0x00, 0x00, 0x00, 0x00, 0x00, 0x00, 0x00, 0x00, 0x00, 0x00, 0x00, 0x00, 0x00, 0x00,
  0x00, 0x00, 0x00, 0x00, 0x00, 0x00, 0x00, 0x00, 0x00, 0x00, 0x00, 0x00, 0x00, 0x00, 0x00, 0x00, 0x00, 0x00, 0x00, 0x00, 0xf2, 0x6a, 0xe8, 0xa3, 0xe8, 0xe4, 0xe8, 0xe4, 0xe8, 0xe4, 0xe8, 0xe4,
  0xe8, 0xe4, 0xe8, 0xe4, 0xe8, 0xe4, 0xe8, 0xe4, 0xe8, 0xe4, 0xe8, 0xe4, 0xe8, 0xe4, 0xe8, 0xe4, 0xe8, 0xe4, 0xe8, 0xa3, 0xe9, 0x87, 0x72, 0xcb, 0x00, 0x00, 0x00, 0x00, 0x00, 0x00, 0x00, 0x00,
  0x00, 0x00, 0x00, 0x00, 0x00, 0x00, 0x00, 0x00, 0x00, 0x00, 0x00, 0x00, 0x00, 0x00, 0x00, 0x00, 0x00, 0x00, 0x00, 0x00, 0x00, 0x00, 0x00, 0x00, 0x00, 0x00, 0x00, 0x00, 0x00, 0x00, 0x00, 0x00,
  0x00, 0x00, 0x00, 0x00, 0x00, 0x00, 0x00, 0x00, 0x00, 0x00, 0x00, 0x00, 0x00, 0x00, 0x00, 0x00, 0x00, 0x00, 0x00, 0x00, 0x00, 0x00, 0x00, 0x00, 0x00, 0x00, 0x00, 0x00, 0x00, 0x00, 0x00, 0x00,
  0x00, 0x00, 0x00, 0x00, 0x00, 0x00, 0x00, 0x00, 0x00, 0x00, 0x00, 0x00, 0x00, 0x00, 0x00, 0x00, 0x00, 0x00, 0x00, 0x00, 0x00, 0x00, 0x00, 0x00, 0x00, 0x00, 0x00, 0x00, 0x00, 0x00, 0x00, 0x00,
  0x00, 0x00, 0x00, 0x00, 0x00, 0x00, 0x00, 0x00, 0x00, 0x00, 0x00, 0x00, 0x00, 0x00, 0x00, 0x00, 0x00, 0x00, 0x00, 0x00, 0x00, 0x00, 0x00, 0x00, 0x00, 0x00, 0x00, 0x00, 0x00, 0x00, 0x00, 0x00,
  0x00, 0x00, 0x00, 0x00, 0x00, 0x00, 0x00, 0x00, 0x00, 0x00, 0x00, 0x00, 0x00, 0x00, 0x00, 0x00, 0x00, 0x00, 0x00, 0x00, 0x00, 0x00, 0x00, 0x00, 0x00, 0x00, 0x00, 0x00, 0x00, 0x00, 0x00, 0x00,
  0x00, 0x00, 0x00, 0x00, 0x00, 0x00, 0x00, 0x00, 0x00, 0x00, 0x00, 0x00, 0x00, 0x00, 0x00, 0x00, 0x00, 0x00, 0x00, 0x00, 0x00, 0x00, 0x00, 0x00, 0x00, 0x00, 0x00, 0x00, 0x00, 0x00, 0x00, 0x00,
  0x00, 0x00, 0x00, 0x00, 0x00, 0x00, 0x00, 0x00, 0x00, 0x00, 0x00, 0x00, 0x00, 0x00, 0x00, 0x00, 0x00, 0x00, 0x00, 0x00, 0x00, 0x00, 0x00, 0x00, 0x00, 0x00, 0x00, 0x00, 0x00, 0x00, 0x00, 0x00,
  0x00, 0x00, 0x00, 0x00, 0x00, 0x00, 0x00, 0x00, 0x00, 0x00, 0x00, 0x00, 0x00, 0x00, 0x00, 0x00, 0x00, 0x00, 0x00, 0x00, 0x00, 0x00, 0x00, 0x00, 0x00, 0x00, 0x00, 0x00, 0x00, 0x00, 0x00, 0x00,
  0x00, 0x00, 0x00, 0x00, 0x00, 0x00, 0x00, 0x00, 0x00, 0x00, 0x00, 0x00, 0x00, 0x00, 0x00, 0x00, 0x00, 0x00, 0x00, 0x00, 0x00, 0x00, 0x00, 0x00, 0x00, 0x00, 0x00, 0x00, 0x00, 0x00, 0x00, 0x00,
  0x00, 0x00, 0x00, 0x00, 0x00, 0x00, 0x00, 0x00, 0x00, 0x00, 0x00, 0x00, 0x00, 0x00, 0x00, 0x00, 0x00, 0x00, 0x00, 0x00, 0x00, 0x00, 0x00, 0x00, 0x00, 0x00, 0x00, 0x00, 0x00, 0x00, 0x00, 0x00,
  0x00, 0x00, 0x00, 0x00, 0x00, 0x00, 0x00, 0x00, 0x00, 0x00, 0x00, 0x00, 0x00, 0x00, 0x00, 0x00, 0x00, 0x00, 0x00, 0x00, 0x00, 0x00, 0x00, 0x00, 0x00, 0x00, 0x00, 0x00, 0x00, 0x00, 0x00, 0x00,
  0x00, 0x00, 0x00, 0x00, 0x00, 0x00, 0x00, 0x00, 0x00, 0x00, 0x00, 0x00, 0x00, 0x00, 0x00, 0x00, 0x00, 0x00, 0x00, 0x00, 0x00, 0x00, 0x00, 0x00, 0x00, 0x00, 0x00, 0x00, 0x00, 0x00, 0x00, 0x00,
  0x00, 0x00, 0x00, 0x00, 0x00, 0x00, 0x00, 0x00, 0x00, 0x00, 0x00, 0x00, 0x00, 0x00, 0x00, 0x00, 0x00, 0x00, 0x00, 0x00, 0x00, 0x00, 0x00, 0x00, 0x00, 0x00, 0x00, 0x00, 0x00, 0x00, 0x00, 0x00,
  0x00, 0x00, 0x00, 0x00, 0x00, 0x00, 0x00, 0x00, 0x00, 0x00, 0x00, 0x00, 0x00, 0x00, 0x00, 0x00, 0x00, 0x00, 0x00, 0x00, 0x00, 0x00, 0x00, 0x00, 0x00, 0x00, 0x00, 0x00, 0x00, 0x00, 0x00, 0x00,
  0x00, 0x00, 0x00, 0x00, 0x00, 0x00, 0x00, 0x00, 0x00, 0x00, 0x00, 0x00, 0x00, 0x00, 0x00, 0x00, 0x00, 0x00, 0x00, 0x00, 0x00, 0x00, 0x00, 0x00, 0x00, 0x00, 0x00, 0x00, 0x00, 0x00, 0x00, 0x00,
  0x00, 0x00, 0x00, 0x00, 0x00, 0x00, 0x00, 0x00, 0x00, 0x00, 0x00, 0x00, 0x00, 0x00, 0x00, 0x00, 0x00, 0x00, 0x00, 0x00, 0x00, 0x00, 0x00, 0x00, 0x00, 0x00, 0x00, 0x00, 0x00, 0x00, 0x00, 0x00,
  0x00, 0x00, 0x00, 0x00, 0x00, 0x00, 0x00, 0x00, 0x00, 0x00, 0x00, 0x00, 0x00, 0x00, 0x00, 0x00, 0x00, 0x00, 0x00, 0x00, 0x00, 0x00, 0x00, 0x00, 0x00, 0x00, 0x00, 0x00, 0x00, 0x00, 0x00, 0x00,
  0x00, 0x00, 0x00, 0x00, 0x00, 0x00, 0x00, 0x00, 0x00, 0x00, 0x00, 0x00, 0x00, 0x00, 0x00, 0x00, 0x00, 0x00, 0x00, 0x00, 0x00, 0x00, 0x00, 0x00, 0x00, 0x00, 0x00, 0x00, 0x00, 0x00, 0x00, 0x00,
  0x00, 0x00, 0x00, 0x00, 0x00, 0x00, 0x00, 0x00, 0x00, 0x00, 0x00, 0x00, 0x00, 0x00, 0x00, 0x00, 0x00, 0x00, 0x00, 0x00, 0x00, 0x00, 0x00, 0x00, 0x00, 0x00, 0x00, 0x00, 0x00, 0x00, 0x00, 0x00,
  0x00, 0x00, 0x00, 0x00, 0x00, 0x00, 0x00, 0x00, 0x00, 0x00, 0x00, 0x00, 0x00, 0x00, 0x00, 0x00, 0x00, 0x00, 0x00, 0x00, 0x00, 0x00, 0x00, 0x00, 0x00, 0x00, 0xb3, 0xcf, 0xe8, 0xa3, 0xe8, 0xe4,
  0xe8, 0xe4, 0xe8, 0xe4, 0xe8, 0xe4, 0xe8, 0xe4, 0xe8, 0xe4, 0xe8, 0xe4, 0xe8, 0xe4, 0xe8, 0xe4, 0xe8, 0xe4, 0xe8, 0xe4, 0xe8, 0xe4, 0xe8, 0xe4, 0xe8, 0xa3, 0xe9, 0xc8, 0x41, 0xc7, 0x00, 0x00,
  0x00, 0x00, 0x00, 0x00, 0x00, 0x00, 0x00, 0x00, 0x00, 0x00, 0x00, 0x00, 0x00, 0x00, 0x00, 0x00, 0x00, 0x00, 0x00, 0x00, 0x00, 0x00, 0x00, 0x00, 0x00, 0x00, 0x00, 0x00, 0x00, 0x00, 0x00, 0x00,
  0x00, 0x00, 0x00, 0x00, 0x00, 0x00, 0x00, 0x00, 0x00, 0x00, 0x00, 0x00, 0x00, 0x00, 0x00, 0x00, 0x00, 0x00, 0x00, 0x00, 0x00, 0x00, 0x00, 0x00, 0x00, 0x00, 0x00, 0x00, 0x00, 0x00, 0x00, 0x00,
  0x00, 0x00, 0x00, 0x00, 0x00, 0x00, 0x00, 0x00, 0x00, 0x00, 0x00, 0x00, 0x00, 0x00, 0x00, 0x00, 0x00, 0x00, 0x00, 0x00, 0x00, 0x00, 0x00, 0x00, 0x00, 0x00, 0x00, 0x00, 0x00, 0x00, 0x00, 0x00,
  0x00, 0x00, 0x00, 0x00, 0x00, 0x00, 0x00, 0x00, 0x00, 0x00, 0x00, 0x00, 0x00, 0x00, 0x00, 0x00, 0x00, 0x00, 0x00, 0x00, 0x00, 0x00, 0x00, 0x00, 0x00, 0x00, 0x00, 0x00, 0x00, 0x00, 0x00, 0x00,
  0x00, 0x00, 0x00, 0x00, 0x00, 0x00, 0x00, 0x00, 0x00, 0x00, 0x00, 0x00, 0x00, 0x00, 0x00, 0x00, 0x00, 0x00, 0x00, 0x00, 0x00, 0x00, 0x00, 0x00, 0x00, 0x00, 0x00, 0x00, 0x00, 0x00, 0x00, 0x00,
  0x00, 0x00, 0x00, 0x00, 0x00, 0x00, 0x00, 0x00, 0x00, 0x00, 0x00, 0x00, 0x00, 0x00, 0x00, 0x00, 0x00, 0x00, 0x00, 0x00, 0x00, 0x00, 0x00, 0x00, 0x00, 0x00, 0x00, 0x00, 0x00, 0x00, 0x00, 0x00,
  0x00, 0x00, 0x00, 0x00, 0x00, 0x00, 0x00, 0x00, 0x00, 0x00, 0x00, 0x00, 0x00, 0x00, 0x00, 0x00, 0x00, 0x00, 0x00, 0x00, 0x00, 0x00, 0x00, 0x00, 0x00, 0x00, 0x00, 0x00, 0x00, 0x00, 0x00, 0x00,
  0x00, 0x00, 0x00, 0x00, 0x00, 0x00, 0x00, 0x00, 0x00, 0x00, 0x00, 0x00, 0x00, 0x00, 0x00, 0x00, 0x00, 0x00, 0x00, 0x00, 0x00, 0x00, 0x00, 0x00, 0x00, 0x00, 0x00, 0x00, 0x00, 0x00, 0x00, 0x00,
  0x00, 0x00, 0x00, 0x00, 0x00, 0x00, 0x00, 0x00, 0x00, 0x00, 0x00, 0x00, 0x00, 0x00, 0x00, 0x00, 0x00, 0x00, 0x00, 0x00, 0x00, 0x00, 0x00, 0x00, 0x00, 0x00, 0x00, 0x00, 0x00, 0x00, 0x00, 0x00,
  0x00, 0x00, 0x00, 0x00, 0x00, 0x00, 0x00, 0x00, 0x00, 0x00, 0x00, 0x00, 0x00, 0x00, 0x00, 0x00, 0x00, 0x00, 0x00, 0x00, 0x00, 0x00, 0x00, 0x00, 0x00, 0x00, 0x00, 0x00, 0x00, 0x00, 0x00, 0x00,
  0x00, 0x00, 0x00, 0x00, 0x00, 0x00, 0x00, 0x00, 0x00, 0x00, 0x00, 0x00, 0x00, 0x00, 0x00, 0x00, 0x00, 0x00, 0x00, 0x00, 0x00, 0x00, 0x00, 0x00, 0x00, 0x00, 0x00, 0x00, 0x00, 0x00, 0x00, 0x00,
  0x00, 0x00, 0x00, 0x00, 0x00, 0x00, 0x00, 0x00, 0x00, 0x00, 0x00, 0x00, 0x00, 0x00, 0x00, 0x00, 0x00, 0x00, 0x00, 0x00, 0x00, 0x00, 0x00, 0x00, 0x00, 0x00, 0x00, 0x00, 0x00, 0x00, 0x00, 0x00,
  0x00, 0x00, 0x00, 0x00, 0x00, 0x00, 0x00, 0x00, 0x00, 0x00, 0x00, 0x00, 0x00, 0x00, 0x00, 0x00, 0x00, 0x00, 0x00, 0x00, 0x00, 0x00, 0x00, 0x00, 0x00, 0x00, 0x00, 0x00, 0x00, 0x00, 0x00, 0x00,
  0x00, 0x00, 0x00, 0x00, 0x00, 0x00, 0x00, 0x00, 0x00, 0x00, 0x00, 0x00, 0x00, 0x00, 0x00, 0x00, 0x00, 0x00, 0x00, 0x00, 0x00, 0x00, 0x00, 0x00, 0x00, 0x00, 0x00, 0x00, 0x00, 0x00, 0x00, 0x00,
  0x00, 0x00, 0x00, 0x00, 0x00, 0x00, 0x00, 0x00, 0x00, 0x00, 0x00, 0x00, 0x00, 0x00, 0x00, 0x00, 0x00, 0x00, 0x00, 0x00, 0x00, 0x00, 0x00, 0x00, 0x00, 0x00, 0x00, 0x00, 0x00, 0x00, 0x00, 0x00,
  0x00, 0x00, 0x00, 0x00, 0x00, 0x00, 0x00, 0x00, 0x00, 0x00, 0x00, 0x00, 0x00, 0x00, 0x00, 0x00, 0x00, 0x00, 0x00, 0x00, 0x00, 0x00, 0x00, 0x00, 0x00, 0x00, 0x00, 0x00, 0x00, 0x00, 0x00, 0x00,
  0x00, 0x00, 0x00, 0x00, 0x00, 0x00, 0x00, 0x00, 0x00, 0x00, 0x00, 0x00, 0x00, 0x00, 0x00, 0x00, 0x00, 0x00, 0x00, 0x00, 0x00, 0x00, 0x00, 0x00, 0x00, 0x00, 0x00, 0x00, 0x00, 0x00, 0x00, 0x00,
  0x00, 0x00, 0x00, 0x00, 0x00, 0x00, 0x00, 0x00, 0x00, 0x00, 0x00, 0x00, 0x00, 0x00, 0x00, 0x00, 0x00, 0x00, 0x00, 0x00, 0x00, 0x00, 0x00, 0x00, 0x00, 0x00, 0x00, 0x00, 0x00, 0x00, 0x00, 0x00,
  0x00, 0x00, 0x00, 0x00, 0x00, 0x00, 0x00, 0x00, 0x00, 0x00, 0x00, 0x00, 0x00, 0x00, 0x00, 0x00, 0x00, 0x00, 0x00, 0x00, 0x00, 0x00, 0x00, 0x00, 0x00, 0x00, 0x00, 0x00, 0x00, 0x00, 0x00, 0x00,
  0x00, 0x00, 0x00, 0x00, 0x00, 0x00, 0x00, 0x00, 0x00, 0x00, 0x00, 0x00, 0x00, 0x00, 0x00, 0x00, 0x00, 0x00, 0x00, 0x00, 0x00, 0x00, 0x00, 0x00, 0x00, 0x00, 0x00, 0x00, 0x00, 0x00, 0x00, 0x00,
  0x00, 0x00, 0xf2, 0x8a, 0xe8, 0x83, 0xe8, 0xe4, 0xe8, 0xe4, 0xe8, 0xe4, 0xe8, 0xe4, 0xe8, 0xe4, 0xe8, 0xe4, 0xe8, 0xe4, 0xe8, 0xe4, 0xe8, 0xe4, 0xe8, 0xe4, 0xe8, 0xe4, 0xe8, 0xe4, 0xe8, 0xa3,
  0xe9, 0x87, 0x49, 0xe7, 0x00, 0x00, 0x00, 0x00, 0x00, 0x00, 0x00, 0x00, 0x00, 0x00, 0x00, 0x00, 0x00, 0x00, 0x00, 0x00, 0x00, 0x00, 0x00, 0x00, 0x00, 0x00, 0x00, 0x00, 0x00, 0x00, 0x00, 0x00,
  0x00, 0x00, 0x00, 0x00, 0x00, 0x00, 0x00, 0x00, 0x00, 0x00, 0x00, 0x00, 0x00, 0x00, 0x00, 0x00, 0x00, 0x00, 0x00, 0x00, 0x00, 0x00, 0x00, 0x00, 0x00, 0x00, 0x00, 0x00, 0x00, 0x00, 0x00, 0x00,
  0x00, 0x00, 0x00, 0x00, 0x00, 0x00, 0x00, 0x00, 0x00, 0x00, 0x00, 0x00, 0x00, 0x00, 0x00, 0x00, 0x00, 0x00, 0x00, 0x00, 0x00, 0x00, 0x00, 0x00, 0x00, 0x00, 0x00, 0x00, 0x00, 0x00, 0x00, 0x00,
  0x00, 0x00, 0x00, 0x00, 0x00, 0x00, 0x00, 0x00, 0x00, 0x00, 0x00, 0x00, 0x00, 0x00, 0x00, 0x00, 0x00, 0x00, 0x00, 0x00, 0x00, 0x00, 0x00, 0x00, 0x00, 0x00, 0x00, 0x00, 0x00, 0x00, 0x00, 0x00,
  0x00, 0x00, 0x00, 0x00, 0x00, 0x00, 0x00, 0x00, 0x00, 0x00, 0x00, 0x00, 0x00, 0x00, 0x00, 0x00, 0x00, 0x00, 0x00, 0x00, 0x00, 0x00, 0x00, 0x00, 0x00, 0x00, 0x00, 0x00, 0x00, 0x00, 0x00, 0x00,
  0x00, 0x00, 0x00, 0x00, 0x00, 0x00, 0x00, 0x00, 0x00, 0x00, 0x00, 0x00, 0x00, 0x00, 0x00, 0x00, 0x00, 0x00, 0x00, 0x00, 0x00, 0x00, 0x00, 0x00, 0x00, 0x00, 0x00, 0x00, 0x00, 0x00, 0x00, 0x00,
  0x00, 0x00, 0x00, 0x00, 0x00, 0x00, 0x00, 0x00, 0x00, 0x00, 0x00, 0x00, 0x00, 0x00, 0x00, 0x00, 0x00, 0x00, 0x00, 0x00, 0x00, 0x00, 0x00, 0x00, 0x00, 0x00, 0x00, 0x00, 0x00, 0x00, 0x00, 0x00,
  0x00, 0x00, 0x00, 0x00, 0x00, 0x00, 0x00, 0x00, 0x00, 0x00, 0x00, 0x00, 0x00, 0x00, 0x00, 0x00, 0x00, 0x00, 0x00, 0x00, 0x00, 0x00, 0x00, 0x00, 0x00, 0x00, 0x00, 0x00, 0x00, 0x00, 0x00, 0x00,
  0x00, 0x00, 0x00, 0x00, 0x00, 0x00, 0x00, 0x00, 0x00, 0x00, 0x00, 0x00, 0x00, 0x00, 0x00, 0x00, 0x00, 0x00, 0x00, 0x00, 0x00, 0x00, 0x00, 0x00, 0x00, 0x00, 0x00, 0x00, 0x00, 0x00, 0x00, 0x00,
  0x00, 0x00, 0x00, 0x00, 0x00, 0x00, 0x00, 0x00, 0x00, 0x00, 0x00, 0x00, 0x00, 0x00, 0x00, 0x00, 0x00, 0x00, 0x00, 0x00, 0x00, 0x00, 0x00, 0x00, 0x00, 0x00, 0x00, 0x00, 0x00, 0x00, 0x00, 0x00,
  0x00, 0x00, 0x00, 0x00, 0x00, 0x00, 0x00, 0x00, 0x00, 0x00, 0x00, 0x00, 0x00, 0x00, 0x00, 0x00, 0x00, 0x00, 0x00, 0x00, 0x00, 0x00, 0x00, 0x00, 0x00, 0x00, 0x00, 0x00, 0x00, 0x00, 0x00, 0x00,
  0x00, 0x00, 0x00, 0x00, 0x00, 0x00, 0x00, 0x00, 0x00, 0x00, 0x00, 0x00, 0x00, 0x00, 0x00, 0x00, 0x00, 0x00, 0x00, 0x00, 0x00, 0x00, 0x00, 0x00, 0x00, 0x00, 0x00, 0x00, 0x00, 0x00, 0x00, 0x00,
  0x00, 0x00, 0x00, 0x00, 0x00, 0x00, 0x00, 0x00, 0x00, 0x00, 0x00, 0x00, 0x00, 0x00, 0x00, 0x00, 0x00, 0x00, 0x00, 0x00, 0x00, 0x00, 0x00, 0x00, 0x00, 0x00, 0x00, 0x00, 0x00, 0x00, 0x00, 0x00,
  0x00, 0x00, 0x00, 0x00, 0x00, 0x00, 0x00, 0x00, 0x00, 0x00, 0x00, 0x00, 0x00, 0x00, 0x00, 0x00, 0x00, 0x00, 0x00, 0x00, 0x00, 0x00, 0x00, 0x00, 0x00, 0x00, 0x00, 0x00, 0x00, 0x00, 0x00, 0x00,
  0x00, 0x00, 0x00, 0x00, 0x00, 0x00, 0x00, 0x00, 0x00, 0x00, 0x00, 0x00, 0x00, 0x00, 0x00, 0x00, 0x00, 0x00, 0x00, 0x00, 0x00, 0x00, 0x00, 0x00, 0x00, 0x00, 0x00, 0x00, 0x00, 0x00, 0x00, 0x00,
  0x00, 0x00, 0x00, 0x00, 0x00, 0x00, 0x00, 0x00, 0x00, 0x00, 0x00, 0x00, 0x00, 0x00, 0x00, 0x00, 0x00, 0x00, 0x00, 0x00, 0x00, 0x00, 0x00, 0x00, 0x00, 0x00, 0x00, 0x00, 0x00, 0x00, 0x00, 0x00,
  0x00, 0x00, 0x00, 0x00, 0x00, 0x00, 0x00, 0x00, 0x00, 0x00, 0x00, 0x00, 0x00, 0x00, 0x00, 0x00, 0x00, 0x00, 0x00, 0x00, 0x00, 0x00, 0x00, 0x00, 0x00, 0x00, 0x00, 0x00, 0x00, 0x00, 0x00, 0x00,
  0x00, 0x00, 0x00, 0x00, 0x00, 0x00, 0x00, 0x00, 0x00, 0x00, 0x00, 0x00, 0x00, 0x00, 0x00, 0x00, 0x00, 0x00, 0x00, 0x00, 0x00, 0x00, 0x00, 0x00, 0x00, 0x00, 0x00, 0x00, 0x00, 0x00, 0x00, 0x00,
  0x00, 0x00, 0x00, 0x00, 0x00, 0x00, 0x00, 0x00, 0x00, 0x00, 0x00, 0x00, 0x00, 0x00, 0x00, 0x00, 0x00, 0x00, 0x00, 0x00, 0x00, 0x00, 0x00, 0x00, 0x00, 0x00, 0x00, 0x00, 0x00, 0x00, 0x00, 0x00,
  0x00, 0x00, 0x00, 0x00, 0x00, 0x00, 0x00, 0x00, 0x00, 0x00, 0x00, 0x00, 0x00, 0x00, 0x00, 0x00, 0x00, 0x00, 0x00, 0x00, 0x00, 0x00, 0x00, 0x00, 0x00, 0x00, 0x00, 0x00, 0x00, 0x00, 0x00, 0x00,
  0x00, 0x00, 0x00, 0x00, 0x00, 0x00, 0x00, 0x00, 0x7b, 0x0c, 0xe8, 0xe4, 0xe8, 0xe4, 0xe8, 0xe4, 0xe8, 0xe4, 0xe8, 0xe4, 0xe8, 0xe4, 0xe8, 0xe4, 0xe8, 0xe4, 0xe8, 0xe4, 0xe8, 0xe4, 0xe8, 0xe4,
  0xe8, 0xe4, 0xe8, 0xe4, 0xe8, 0xc4, 0xe9, 0x05, 0x7a, 0xeb, 0x00, 0x00, 0x00, 0x00, 0x00, 0x00, 0x00, 0x00, 0x00, 0x00, 0x00, 0x00, 0x00, 0x00, 0x00, 0x00, 0x00, 0x00, 0x00, 0x00, 0x00, 0x00,
  0x00, 0x00, 0x00, 0x00, 0x00, 0x00, 0x00, 0x00, 0x00, 0x00, 0x00, 0x00, 0x00, 0x00, 0x00, 0x00, 0x00, 0x00, 0x00, 0x00, 0x00, 0x00, 0x00, 0x00, 0x00, 0x00, 0x00, 0x00, 0x00, 0x00, 0x00, 0x00,
  0x00, 0x00, 0x00, 0x00, 0x00, 0x00, 0x00, 0x00, 0x00, 0x00, 0x00, 0x00, 0x00, 0x00, 0x00, 0x00, 0x00, 0x00, 0x00, 0x00, 0x00, 0x00, 0x00, 0x00, 0x00, 0x00, 0x00, 0x00, 0x00, 0x00, 0x00, 0x00,
  0x00, 0x00, 0x00, 0x00, 0x00, 0x00, 0x00, 0x00, 0x00, 0x00, 0x00, 0x00, 0x00, 0x00, 0x00, 0x00, 0x00, 0x00, 0x00, 0x00, 0x00, 0x00, 0x00, 0x00, 0x00, 0x00, 0x00, 0x00, 0x00, 0x00, 0x00, 0x00,
  0x00, 0x00, 0x00, 0x00, 0x00, 0x00, 0x00, 0x00, 0x00, 0x00, 0x00, 0x00, 0x00, 0x00, 0x00, 0x00, 0x00, 0x00, 0x00, 0x00, 0x00, 0x00, 0x00, 0x00, 0x00, 0x00, 0x00, 0x00, 0x00, 0x00, 0x00, 0x00,
  0x00, 0x00, 0x00, 0x00, 0x00, 0x00, 0x00, 0x00, 0x00, 0x00, 0x00, 0x00, 0x00, 0x00, 0x00, 0x00, 0x00, 0x00, 0x00, 0x00, 0x00, 0x00, 0x00, 0x00, 0x00, 0x00, 0x00, 0x00, 0x00, 0x00, 0x00, 0x00,
  0x00, 0x00, 0x00, 0x00, 0x00, 0x00, 0x00, 0x00, 0x00, 0x00, 0x00, 0x00, 0x00, 0x00, 0x00, 0x00, 0x00, 0x00, 0x00, 0x00, 0x00, 0x00, 0x00, 0x00, 0x00, 0x00, 0x00, 0x00, 0x00, 0x00, 0x00, 0x00,
  0x00, 0x00, 0x00, 0x00, 0x00, 0x00, 0x00, 0x00, 0x00, 0x00, 0x00, 0x00, 0x00, 0x00, 0x00, 0x00, 0x00, 0x00, 0x00, 0x00, 0x00, 0x00, 0x00, 0x00, 0x00, 0x00, 0x00, 0x00, 0x00, 0x00, 0x00, 0x00,
  0x00, 0x00, 0x00, 0x00, 0x00, 0x00, 0x00, 0x00, 0x00, 0x00, 0x00, 0x00, 0x00, 0x00, 0x00, 0x00, 0x00, 0x00, 0x00, 0x00, 0x00, 0x00, 0x00, 0x00, 0x00, 0x00, 0x00, 0x00, 0x00, 0x00, 0x00, 0x00,
  0x00, 0x00, 0x00, 0x00, 0x00, 0x00, 0x00, 0x00, 0x00, 0x00, 0x00, 0x00, 0x00, 0x00, 0x00, 0x00, 0x00, 0x00, 0x00, 0x00, 0x00, 0x00, 0x00, 0x00, 0x00, 0x00, 0x00, 0x00, 0x00, 0x00, 0x00, 0x00,
  0x00, 0x00, 0x00, 0x00, 0x00, 0x00, 0x00, 0x00, 0x00, 0x00, 0x00, 0x00, 0x00, 0x00, 0x00, 0x00, 0x00, 0x00, 0x00, 0x00, 0x00, 0x00, 0x00, 0x00, 0x00, 0x00, 0x00, 0x00, 0x00, 0x00, 0x00, 0x00,
  0x00, 0x00, 0x00, 0x00, 0x00, 0x00, 0x00, 0x00, 0x00, 0x00, 0x00, 0x00, 0x00, 0x00, 0x00, 0x00, 0x00, 0x00, 0x00, 0x00, 0x00, 0x00, 0x00, 0x00, 0x00, 0x00, 0x00, 0x00, 0x00, 0x00, 0x00, 0x00,
  0x00, 0x00, 0x00, 0x00, 0x00, 0x00, 0x00, 0x00, 0x00, 0x00, 0x00, 0x00, 0x00, 0x00, 0x00, 0x00, 0x00, 0x00, 0x00, 0x00, 0x00, 0x00, 0x00, 0x00, 0x00, 0x00, 0x00, 0x00, 0x00, 0x00, 0x00, 0x00,
  0x00, 0x00, 0x00, 0x00, 0x00, 0x00, 0x00, 0x00, 0x00, 0x00, 0x00, 0x00, 0x00, 0x00, 0x00, 0x00, 0x00, 0x00, 0x00, 0x00, 0x00, 0x00, 0x00, 0x00, 0x00, 0x00, 0x00, 0x00, 0x00, 0x00, 0x00, 0x00,
  0x00, 0x00, 0x00, 0x00, 0x00, 0x00, 0x00, 0x00, 0x00, 0x00, 0x00, 0x00, 0x00, 0x00, 0x00, 0x00, 0x00, 0x00, 0x00, 0x00, 0x00, 0x00, 0x00, 0x00, 0x00, 0x00, 0x00, 0x00, 0x00, 0x00, 0x00, 0x00,
  0x00, 0x00, 0x00, 0x00, 0x00, 0x00, 0x00, 0x00, 0x00, 0x00, 0x00, 0x00, 0x00, 0x00, 0x00, 0x00, 0x00, 0x00, 0x00, 0x00, 0x00, 0x00, 0x00, 0x00, 0x00, 0x00, 0x00, 0x00, 0x00, 0x00, 0x00, 0x00,
  0x00, 0x00, 0x00, 0x00, 0x00, 0x00, 0x00, 0x00, 0x00, 0x00, 0x00, 0x00, 0x00, 0x00, 0x00, 0x00, 0x00, 0x00, 0x00, 0x00, 0x00, 0x00, 0x00, 0x00, 0x00, 0x00, 0x00, 0x00, 0x00, 0x00, 0x00, 0x00,
  0x00, 0x00, 0x00, 0x00, 0x00, 0x00, 0x00, 0x00, 0x00, 0x00, 0x00, 0x00, 0x00, 0x00, 0x00, 0x00, 0x00, 0x00, 0x00, 0x00, 0x00, 0x00, 0x00, 0x00, 0x00, 0x00, 0x00, 0x00, 0x00, 0x00, 0x00, 0x00,
  0x00, 0x00, 0x00, 0x00, 0x00, 0x00, 0x00, 0x00, 0x00, 0x00, 0x00, 0x00, 0x00, 0x00, 0x00, 0x00, 0x00, 0x00, 0x00, 0x00, 0x00, 0x00, 0x00, 0x00, 0x00, 0x00, 0x00, 0x00, 0x00, 0x00, 0x00, 0x00,
  0x00, 0x00, 0x00, 0x00, 0x00, 0x00, 0x00, 0x00, 0x00, 0x00, 0x00, 0x00, 0x00, 0x00, 0x00, 0x00, 0x00, 0x00, 0x00, 0x00, 0x00, 0x00, 0x00, 0x00, 0x00, 0x00, 0x00, 0x00, 0x00, 0x00, 0x00, 0x00,
  0x00, 0x00, 0x00, 0x00, 0x00, 0x00, 0x00, 0x00, 0x00, 0x00, 0x00, 0x00, 0x00, 0x00, 0x00, 0x00, 0xf3, 0x6e, 0xe8, 0x83, 0xe8, 0xe4, 0xe8, 0xe4, 0xe8, 0xe4, 0xe8, 0xe4, 0xe8, 0xe4, 0xe8, 0xe4,
  0xe8, 0xe4, 0xe8, 0xe4, 0xe8, 0xe4, 0xe8, 0xe4, 0xe8, 0xe4, 0xe8, 0xe4, 0xe8, 0xa3, 0xe4, 0x71, 0x00, 0x00, 0x00, 0x00, 0x00, 0x00, 0x00, 0x00, 0x00, 0x00, 0x00, 0x00, 0x00, 0x00, 0x00, 0x00,
  0x00, 0x00, 0x00, 0x00, 0x00, 0x00, 0x00, 0x00, 0x00, 0x00, 0x00, 0x00, 0x00, 0x00, 0x00, 0x00, 0x00, 0x00, 0x00, 0x00, 0x00, 0x00, 0x00, 0x00, 0x00, 0x00, 0x00, 0x00, 0x00, 0x00, 0x00, 0x00,
  0x00, 0x00, 0x00, 0x00, 0x00, 0x00, 0x00, 0x00, 0x00, 0x00, 0x00, 0x00, 0x00, 0x00, 0x00, 0x00, 0x00, 0x00, 0x00, 0x00, 0x00, 0x00, 0x00, 0x00, 0x00, 0x00, 0x00, 0x00, 0x00, 0x00, 0x00, 0x00,
  0x00, 0x00, 0x00, 0x00, 0x00, 0x00, 0x00, 0x00, 0x00, 0x00, 0x00, 0x00, 0x00, 0x00, 0x00, 0x00, 0x00, 0x00, 0x00, 0x00, 0x00, 0x00, 0x00, 0x00, 0x00, 0x00, 0x00, 0x00, 0x00, 0x00, 0x00, 0x00,
  0x00, 0x00, 0x00, 0x00, 0x00, 0x00, 0x00, 0x00, 0x00, 0x00, 0x00, 0x00, 0x00, 0x00, 0x00, 0x00, 0x00, 0x00, 0x00, 0x00, 0x00, 0x00, 0x00, 0x00, 0x00, 0x00, 0x00, 0x00, 0x00, 0x00, 0x00, 0x00,
  0x00, 0x00, 0x00, 0x00, 0x00, 0x00, 0x00, 0x00, 0x00, 0x00, 0x00, 0x00, 0x00, 0x00, 0x00, 0x00, 0x00, 0x00, 0x00, 0x00, 0x00, 0x00, 0x00, 0x00, 0x00, 0x00, 0x00, 0x00, 0x00, 0x00, 0x00, 0x00,
  0x00, 0x00, 0x00, 0x00, 0x00, 0x00, 0x00, 0x00, 0x00, 0x00, 0x00, 0x00, 0x00, 0x00, 0x00, 0x00, 0x00, 0x00, 0x00, 0x00, 0x00, 0x00, 0x00, 0x00, 0x00, 0x00, 0x00, 0x00, 0x00, 0x00, 0x00, 0x00,
  0x00, 0x00, 0x00, 0x00, 0x00, 0x00, 0x00, 0x00, 0x00, 0x00, 0x00, 0x00, 0x00, 0x00, 0x00, 0x00, 0x00, 0x00, 0x00, 0x00, 0x00, 0x00, 0x00, 0x00, 0x00, 0x00, 0x00, 0x00, 0x00, 0x00, 0x00, 0x00,
  0x00, 0x00, 0x00, 0x00, 0x00, 0x00, 0x00, 0x00, 0x00, 0x00, 0x00, 0x00, 0x00, 0x00, 0x00, 0x00, 0x00, 0x00, 0x00, 0x00, 0x00, 0x00, 0x00, 0x00, 0x00, 0x00, 0x00, 0x00, 0x00, 0x00, 0x00, 0x00,
  0x00, 0x00, 0x00, 0x00, 0x00, 0x00, 0x00, 0x00, 0x00, 0x00, 0x00, 0x00, 0x00, 0x00, 0x00, 0x00, 0x00, 0x00, 0x00, 0x00, 0x00, 0x00, 0x00, 0x00, 0x00, 0x00, 0x00, 0x00, 0x00, 0x00, 0x00, 0x00,
  0x00, 0x00, 0x00, 0x00, 0x00, 0x00, 0x00, 0x00, 0x00, 0x00, 0x00, 0x00, 0x00, 0x00, 0x00, 0x00, 0x00, 0x00, 0x00, 0x00, 0x00, 0x00, 0x00, 0x00, 0x00, 0x00, 0x00, 0x00, 0x00, 0x00, 0x00, 0x00,
  0x00, 0x00, 0x00, 0x00, 0x00, 0x00, 0x00, 0x00, 0x00, 0x00, 0x00, 0x00, 0x00, 0x00, 0x00, 0x00, 0x00, 0x00, 0x00, 0x00, 0x00, 0x00, 0x00, 0x00, 0x00, 0x00, 0x00, 0x00, 0x00, 0x00, 0x00, 0x00,
  0x00, 0x00, 0x00, 0x00, 0x00, 0x00, 0x00, 0x00, 0x00, 0x00, 0x00, 0x00, 0x00, 0x00, 0x00, 0x00, 0x00, 0x00, 0x00, 0x00, 0x00, 0x00, 0x00, 0x00, 0x00, 0x00, 0x00, 0x00, 0x00, 0x00, 0x00, 0x00,
  0x00, 0x00, 0x00, 0x00, 0x00, 0x00, 0x00, 0x00, 0x00, 0x00, 0x00, 0x00, 0x00, 0x00, 0x00, 0x00, 0x00, 0x00, 0x00, 0x00, 0x00, 0x00, 0x00, 0x00, 0x00, 0x00, 0x00, 0x00, 0x00, 0x00, 0x00, 0x00,
  0x00, 0x00, 0x00, 0x00, 0x00, 0x00, 0x00, 0x00, 0x00, 0x00, 0x00, 0x00, 0x00, 0x00, 0x00, 0x00, 0x00, 0x00, 0x00, 0x00, 0x00, 0x00, 0x00, 0x00, 0x00, 0x00, 0x00, 0x00, 0x00, 0x00, 0x00, 0x00,
  0x00, 0x00, 0x00, 0x00, 0x00, 0x00, 0x00, 0x00, 0x00, 0x00, 0x00, 0x00, 0x00, 0x00, 0x00, 0x00, 0x00, 0x00, 0x00, 0x00, 0x00, 0x00, 0x00, 0x00, 0x00, 0x00, 0x00, 0x00, 0x00, 0x00, 0x00, 0x00,
  0x00, 0x00, 0x00, 0x00, 0x00, 0x00, 0x00, 0x00, 0x00, 0x00, 0x00, 0x00, 0x00, 0x00, 0x00, 0x00, 0x00, 0x00, 0x00, 0x00, 0x00, 0x00, 0x00, 0x00, 0x00, 0x00, 0x00, 0x00, 0x00, 0x00, 0x00, 0x00,
  0x00, 0x00, 0x00, 0x00, 0x00, 0x00, 0x00, 0x00, 0x00, 0x00, 0x00, 0x00, 0x00, 0x00, 0x00, 0x00, 0x00, 0x00, 0x00, 0x00, 0x00, 0x00, 0x00, 0x00, 0x00, 0x00, 0x00, 0x00, 0x00, 0x00, 0x00, 0x00,
  0x00, 0x00, 0x00, 0x00, 0x00, 0x00, 0x00, 0x00, 0x00, 0x00, 0x00, 0x00, 0x00, 0x00, 0x00, 0x00, 0x00, 0x00, 0x00, 0x00, 0x00, 0x00, 0x00, 0x00, 0x00, 0x00, 0x00, 0x00, 0x00, 0x00, 0x00, 0x00,
  0x00, 0x00, 0x00, 0x00, 0x00, 0x00, 0x00, 0x00, 0x00, 0x00, 0x00, 0x00, 0x00, 0x00, 0x00, 0x00, 0x00, 0x00, 0x00, 0x00, 0x00, 0x00, 0x00, 0x00, 0x00, 0x00, 0x00, 0x00, 0x00, 0x00, 0x00, 0x00,
  0x00, 0x00, 0x00, 0x00, 0x00, 0x00, 0x00, 0x00, 0x00, 0x00, 0x00, 0x00, 0x00, 0x00, 0x00, 0x00, 0x00, 0x00, 0x00, 0x00, 0x00, 0x00, 0x18, 0xc3, 0xe9, 0x87, 0xe8, 0xa3, 0xe8, 0xe4, 0xe8, 0xe4,
  0xe8, 0xe4, 0xe8, 0xe4, 0xe8, 0xe4, 0xe8, 0xe4, 0xe8, 0xe4, 0xe8, 0xe4, 0xe8, 0xe4, 0xe8, 0xe4, 0xe8, 0xe4, 0xe8, 0x83, 0xf2, 0xcc, 0x00, 0x00, 0x00, 0x00, 0x00, 0x00, 0x00, 0x00, 0x00, 0x00,
  0x00, 0x00, 0x00, 0x00, 0x00, 0x00, 0x00, 0x00, 0x00, 0x00, 0x00, 0x00, 0x00, 0x00, 0x00, 0x00, 0x00, 0x00, 0x00, 0x00, 0x00, 0x00, 0x00, 0x00, 0x00, 0x00, 0x00, 0x00, 0x00, 0x00, 0x00, 0x00,
  0x00, 0x00, 0x00, 0x00, 0x00, 0x00, 0x00, 0x00, 0x00, 0x00, 0x00, 0x00, 0x00, 0x00, 0x00, 0x00, 0x00, 0x00, 0x00, 0x00, 0x00, 0x00, 0x00, 0x00, 0x00, 0x00, 0x00, 0x00, 0x00, 0x00, 0x00, 0x00,
  0x00, 0x00, 0x00, 0x00, 0x00, 0x00, 0x00, 0x00, 0x00, 0x00, 0x00, 0x00, 0x00, 0x00, 0x00, 0x00, 0x00, 0x00, 0x00, 0x00, 0x00, 0x00, 0x00, 0x00, 0x00, 0x00, 0x00, 0x00, 0x00, 0x00, 0x00, 0x00,
  0x00, 0x00, 0x00, 0x00, 0x00, 0x00, 0x00, 0x00, 0x00, 0x00, 0x00, 0x00, 0x00, 0x00, 0x00, 0x00, 0x00, 0x00, 0x00, 0x00, 0x00, 0x00, 0x00, 0x00, 0x00, 0x00, 0x00, 0x00, 0x00, 0x00, 0x00, 0x00,
  0x00, 0x00, 0x00, 0x00, 0x00, 0x00, 0x00, 0x00, 0x00, 0x00, 0x00, 0x00, 0x00, 0x00, 0x00, 0x00, 0x00, 0x00, 0x00, 0x00, 0x00, 0x00, 0x00, 0x00, 0x00, 0x00, 0x00, 0x00, 0x00, 0x00, 0x00, 0x00,
  0x00, 0x00, 0x00, 0x00, 0x00, 0x00, 0x00, 0x00, 0x00, 0x00, 0x00, 0x00, 0x00, 0x00, 0x00, 0x00, 0x00, 0x00, 0x00, 0x00, 0x00, 0x00, 0x00, 0x00, 0x00, 0x00, 0x00, 0x00, 0x00, 0x00, 0x00, 0x00,
  0x00, 0x00, 0x00, 0x00, 0x00, 0x00, 0x00, 0x00, 0x00, 0x00, 0x00, 0x00, 0x00, 0x00, 0x00, 0x00, 0x00, 0x00, 0x00, 0x00, 0x00, 0x00, 0x00, 0x00, 0x00, 0x00, 0x00, 0x00, 0x00, 0x00, 0x00, 0x00,
  0x00, 0x00, 0x00, 0x00, 0x00, 0x00, 0x00, 0x00, 0x00, 0x00, 0x00, 0x00, 0x00, 0x00, 0x00, 0x00, 0x00, 0x00, 0x00, 0x00, 0x00, 0x00, 0x00, 0x00, 0x00, 0x00, 0x00, 0x00, 0x00, 0x00, 0x00, 0x00,
  0x00, 0x00, 0x00, 0x00, 0x00, 0x00, 0x00, 0x00, 0x00, 0x00, 0x00, 0x00, 0x00, 0x00, 0x00, 0x00, 0x00, 0x00, 0x00, 0x00, 0x00, 0x00, 0x00, 0x00, 0x00, 0x00, 0x00, 0x00, 0x00, 0x00, 0x00, 0x00,
  0x00, 0x00, 0x00, 0x00, 0x00, 0x00, 0x00, 0x00, 0x00, 0x00, 0x00, 0x00, 0x00, 0x00, 0x00, 0x00, 0x00, 0x00, 0x00, 0x00, 0x00, 0x00, 0x00, 0x00, 0x00, 0x00, 0x00, 0x00, 0x00, 0x00, 0x00, 0x00,
  0x00, 0x00, 0x00, 0x00, 0x00, 0x00, 0x00, 0x00, 0x00, 0x00, 0x00, 0x00, 0x00, 0x00, 0x00, 0x00, 0x00, 0x00, 0x00, 0x00, 0x00, 0x00, 0x00, 0x00, 0x00, 0x00, 0x00, 0x00, 0x00, 0x00, 0x00, 0x00,
  0x00, 0x00, 0x00, 0x00, 0x00, 0x00, 0x00, 0x00, 0x00, 0x00, 0x00, 0x00, 0x00, 0x00, 0x00, 0x00, 0x00, 0x00, 0x00, 0x00, 0x00, 0x00, 0x00, 0x00, 0x00, 0x00, 0x00, 0x00, 0x00, 0x00, 0x00, 0x00,
  0x00, 0x00, 0x00, 0x00, 0x00, 0x00, 0x00, 0x00, 0x00, 0x00, 0x00, 0x00, 0x00, 0x00, 0x00, 0x00, 0x00, 0x00, 0x00, 0x00, 0x00, 0x00, 0x00, 0x00, 0x00, 0x00, 0x00, 0x00, 0x00, 0x00, 0x00, 0x00,
  0x00, 0x00, 0x00, 0x00, 0x00, 0x00, 0x00, 0x00, 0x00, 0x00, 0x00, 0x00, 0x00, 0x00, 0x00, 0x00, 0x00, 0x00, 0x00, 0x00, 0x00, 0x00, 0x00, 0x00, 0x00, 0x00, 0x00, 0x00, 0x00, 0x00, 0x00, 0x00,
  0x00, 0x00, 0x00, 0x00, 0x00, 0x00, 0x00, 0x00, 0x00, 0x00, 0x00, 0x00, 0x00, 0x00, 0x00, 0x00, 0x00, 0x00, 0x00, 0x00, 0x00, 0x00, 0x00, 0x00, 0x00, 0x00, 0x00, 0x00, 0x00, 0x00, 0x00, 0x00,
  0x00, 0x00, 0x00, 0x00, 0x00, 0x00, 0x00, 0x00, 0x00, 0x00, 0x00, 0x00, 0x00, 0x00, 0x00, 0x00, 0x00, 0x00, 0x00, 0x00, 0x00, 0x00, 0x00, 0x00, 0x00, 0x00, 0x00, 0x00, 0x00, 0x00, 0x00, 0x00,
  0x00, 0x00, 0x00, 0x00, 0x00, 0x00, 0x00, 0x00, 0x00, 0x00, 0x00, 0x00, 0x00, 0x00, 0x00, 0x00, 0x00, 0x00, 0x00, 0x00, 0x00, 0x00, 0x00, 0x00, 0x00, 0x00, 0x00, 0x00, 0x00, 0x00, 0x00, 0x00,
  0x00, 0x00, 0x00, 0x00, 0x00, 0x00, 0x00, 0x00, 0x00, 0x00, 0x00, 0x00, 0x00, 0x00, 0x00, 0x00, 0x00, 0x00, 0x00, 0x00, 0x00, 0x00, 0x00, 0x00, 0x00, 0x00, 0x00, 0x00, 0x00, 0x00, 0x00, 0x00,
  0x00, 0x00, 0x00, 0x00, 0x00, 0x00, 0x00, 0x00, 0x00, 0x00, 0x00, 0x00, 0x00, 0x00, 0x00, 0x00, 0x00, 0x00, 0x00, 0x00, 0x00, 0x00, 0x00, 0x00, 0x00, 0x00, 0x00, 0x00, 0x00, 0x00, 0x00, 0x00,
  0x00, 0x00, 0x00, 0x00, 0x00, 0x00, 0x00, 0x00, 0x00, 0x00, 0x00, 0x00, 0x00, 0x00, 0x00, 0x00, 0x00, 0x00, 0x00, 0x00, 0x00, 0x00, 0x00, 0x00, 0x00, 0x00, 0x00, 0x00, 0x00, 0x00, 0xbb, 0xf0,
  0xe8, 0xa3, 0xe8, 0xe4, 0xe8, 0xe4, 0xe8, 0xe4, 0xe8, 0xe4, 0xe8, 0xe4, 0xe8, 0xe4, 0xe8, 0xe4, 0xe8, 0xe4, 0xe8, 0xe4, 0xe8, 0xe4, 0xe8, 0xe4, 0xe8, 0xc4, 0xe9, 0x25, 0x49, 0xe7, 0x00, 0x00,
  0x00, 0x00, 0x00, 0x00, 0x00, 0x00, 0x00, 0x00, 0x00, 0x00, 0x00, 0x00, 0x00, 0x00, 0x00, 0x00, 0x00, 0x00, 0x00, 0x00, 0x00, 0x00, 0x00, 0x00, 0x00, 0x00, 0x00, 0x00, 0x00, 0x00, 0x00, 0x00,
  0x00, 0x00, 0x00, 0x00, 0x00, 0x00, 0x00, 0x00, 0x00, 0x00, 0x00, 0x00, 0x00, 0x00, 0x00, 0x00, 0x00, 0x00, 0x00, 0x00, 0x00, 0x00, 0x00, 0x00, 0x00, 0x00, 0x00, 0x00, 0x00, 0x00, 0x00, 0x00,
  0x00, 0x00, 0x00, 0x00, 0x00, 0x00, 0x00, 0x00, 0x00, 0x00, 0x00, 0x00, 0x00, 0x00, 0x00, 0x00, 0x00, 0x00, 0x00, 0x00, 0x00, 0x00, 0x00, 0x00, 0x00, 0x00, 0x00, 0x00, 0x00, 0x00, 0x00, 0x00,
  0x00, 0x00, 0x00, 0x00, 0x00, 0x00, 0x00, 0x00, 0x00, 0x00, 0x00, 0x00, 0x00, 0x00, 0x00, 0x00, 0x00, 0x00, 0x00, 0x00, 0x00, 0x00, 0x00, 0x00, 0x00, 0x00, 0x00, 0x00, 0x00, 0x00, 0x00, 0x00,
  0x00, 0x00, 0x00, 0x00, 0x00, 0x00, 0x00, 0x00, 0x00, 0x00, 0x00, 0x00, 0x00, 0x00, 0x00, 0x00, 0x00, 0x00, 0x00, 0x00, 0x00, 0x00, 0x00, 0x00, 0x00, 0x00, 0x00, 0x00, 0x00, 0x00, 0x00, 0x00,
  0x00, 0x00, 0x00, 0x00, 0x00, 0x00, 0x00, 0x00, 0x00, 0x00, 0x00, 0x00, 0x00, 0x00, 0x00, 0x00, 0x00, 0x00, 0x00, 0x00, 0x00, 0x00, 0x00, 0x00, 0x00, 0x00, 0x00, 0x00, 0x00, 0x00, 0x00, 0x00,
  0x00, 0x00, 0x00, 0x00, 0x00, 0x00, 0x00, 0x00, 0x00, 0x00, 0x00, 0x00, 0x00, 0x00, 0x00, 0x00, 0x00, 0x00, 0x00, 0x00, 0x00, 0x00, 0x00, 0x00, 0x00, 0x00, 0x00, 0x00, 0x00, 0x00, 0x00, 0x00,
  0x00, 0x00, 0x00, 0x00, 0x00, 0x00, 0x00, 0x00, 0x00, 0x00, 0x00, 0x00, 0x00, 0x00, 0x00, 0x00, 0x00, 0x00, 0x00, 0x00, 0x00, 0x00, 0x00, 0x00, 0x00, 0x00, 0x00, 0x00, 0x00, 0x00, 0x00, 0x00,
  0x00, 0x00, 0x00, 0x00, 0x00, 0x00, 0x00, 0x00, 0x00, 0x00, 0x00, 0x00, 0x00, 0x00, 0x00, 0x00, 0x00, 0x00, 0x00, 0x00, 0x00, 0x00, 0x00, 0x00, 0x00, 0x00, 0x00, 0x00, 0x00, 0x00, 0x00, 0x00,
  0x00, 0x00, 0x00, 0x00, 0x00, 0x00, 0x00, 0x00, 0x00, 0x00, 0x00, 0x00, 0x00, 0x00, 0x00, 0x00, 0x00, 0x00, 0x00, 0x00, 0x00, 0x00, 0x00, 0x00, 0x00, 0x00, 0x00, 0x00, 0x00, 0x00, 0x00, 0x00,
  0x00, 0x00, 0x00, 0x00, 0x00, 0x00, 0x00, 0x00, 0x00, 0x00, 0x00, 0x00, 0x00, 0x00, 0x00, 0x00, 0x00, 0x00, 0x00, 0x00, 0x00, 0x00, 0x00, 0x00, 0x00, 0x00, 0x00, 0x00, 0x00, 0x00, 0x00, 0x00,
  0x00, 0x00, 0x00, 0x00, 0x00, 0x00, 0x00, 0x00, 0x00, 0x00, 0x00, 0x00, 0x00, 0x00, 0x00, 0x00, 0x00, 0x00, 0x00, 0x00, 0x00, 0x00, 0x00, 0x00, 0x00, 0x00, 0x00, 0x00, 0x00, 0x00, 0x00, 0x00,
  0x00, 0x00, 0x00, 0x00, 0x00, 0x00, 0x00, 0x00, 0x00, 0x00, 0x00, 0x00, 0x00, 0x00, 0x00, 0x00, 0x00, 0x00, 0x00, 0x00, 0x00, 0x00, 0x00, 0x00, 0x00, 0x00, 0x00, 0x00, 0x00, 0x00, 0x00, 0x00,
  0x00, 0x00, 0x00, 0x00, 0x00, 0x00, 0x00, 0x00, 0x00, 0x00, 0x00, 0x00, 0x00, 0x00, 0x00, 0x00, 0x00, 0x00, 0x00, 0x00, 0x00, 0x00, 0x00, 0x00, 0x00, 0x00, 0x00, 0x00, 0x00, 0x00, 0x00, 0x00,
  0x00, 0x00, 0x00, 0x00, 0x00, 0x00, 0x00, 0x00, 0x00, 0x00, 0x00, 0x00, 0x00, 0x00, 0x00, 0x00, 0x00, 0x00, 0x00, 0x00, 0x00, 0x00, 0x00, 0x00, 0x00, 0x00, 0x00, 0x00, 0x00, 0x00, 0x00, 0x00,
  0x00, 0x00, 0x00, 0x00, 0x00, 0x00, 0x00, 0x00, 0x00, 0x00, 0x00, 0x00, 0x00, 0x00, 0x00, 0x00, 0x00, 0x00, 0x00, 0x00, 0x00, 0x00, 0x00, 0x00, 0x00, 0x00, 0x00, 0x00, 0x00, 0x00, 0x00, 0x00,
  0x00, 0x00, 0x00, 0x00, 0x00, 0x00, 0x00, 0x00, 0x00, 0x00, 0x00, 0x00, 0x00, 0x00, 0x00, 0x00, 0x00, 0x00, 0x00, 0x00, 0x00, 0x00, 0x00, 0x00, 0x00, 0x00, 0x00, 0x00, 0x00, 0x00, 0x00, 0x00,
  0x00, 0x00, 0x00, 0x00, 0x00, 0x00, 0x00, 0x00, 0x00, 0x00, 0x00, 0x00, 0x00, 0x00, 0x00, 0x00, 0x00, 0x00, 0x00, 0x00, 0x00, 0x00, 0x00, 0x00, 0x00, 0x00, 0x00, 0x00, 0x00, 0x00, 0x00, 0x00,
  0x00, 0x00, 0x00, 0x00, 0x00, 0x00, 0x00, 0x00, 0x00, 0x00, 0x00, 0x00, 0x00, 0x00, 0x00, 0x00, 0x00, 0x00, 0x00, 0x00, 0x00, 0x00, 0x00, 0x00, 0x00, 0x00, 0x00, 0x00, 0x00, 0x00, 0x00, 0x00,
  0x00, 0x00, 0x00, 0x00, 0x00, 0x00, 0x00, 0x00, 0x00, 0x00, 0x00, 0x00, 0x00, 0x00, 0x00, 0x00, 0x00, 0x00, 0x00, 0x00, 0x00, 0x00, 0x00, 0x00, 0x00, 0x00, 0x00, 0x00, 0x00, 0x00, 0x00, 0x00,
  0x00, 0x00, 0x00, 0x00, 0x00, 0x00, 0xf3, 0x2d, 0xe8, 0x83, 0xe8, 0xe4, 0xe8, 0xe4, 0xe8, 0xe4, 0xe8, 0xe4, 0xe8, 0xe4, 0xe8, 0xe4, 0xe8, 0xe4, 0xe8, 0xe4, 0xe8, 0xe4, 0xe8, 0xe4, 0xe8, 0xe4,
  0xe8, 0x83, 0xf3, 0xcf, 0x00, 0x00, 0x00, 0x00, 0x00, 0x00, 0x00, 0x00, 0x00, 0x00, 0x00, 0x00, 0x00, 0x00, 0x00, 0x00, 0x00, 0x00, 0x00, 0x00, 0x00, 0x00, 0x00, 0x00, 0x00, 0x00, 0x00, 0x00,
  0x00, 0x00, 0x00, 0x00, 0x00, 0x00, 0x00, 0x00, 0x00, 0x00, 0x00, 0x00, 0x00, 0x00, 0x00, 0x00, 0x00, 0x00, 0x00, 0x00, 0x00, 0x00, 0x00, 0x00, 0x00, 0x00, 0x00, 0x00, 0x00, 0x00, 0x00, 0x00,
  0x00, 0x00, 0x00, 0x00, 0x00, 0x00, 0x00, 0x00, 0x00, 0x00, 0x00, 0x00, 0x00, 0x00, 0x00, 0x00, 0x00, 0x00, 0x00, 0x00, 0x00, 0x00, 0x00, 0x00, 0x00, 0x00, 0x00, 0x00, 0x00, 0x00, 0x00, 0x00,
  0x00, 0x00, 0x00, 0x00, 0x00, 0x00, 0x00, 0x00, 0x00, 0x00, 0x00, 0x00, 0x00, 0x00, 0x00, 0x00, 0x00, 0x00, 0x00, 0x00, 0x00, 0x00, 0x00, 0x00, 0x00, 0x00, 0x00, 0x00, 0x00, 0x00, 0x00, 0x00,
  0x00, 0x00, 0x00, 0x00, 0x00, 0x00, 0x00, 0x00, 0x00, 0x00, 0x00, 0x00, 0x00, 0x00, 0x00, 0x00, 0x00, 0x00, 0x00, 0x00, 0x00, 0x00, 0x00, 0x00, 0x00, 0x00, 0x00, 0x00, 0x00, 0x00, 0x00, 0x00,
  0x00, 0x00, 0x00, 0x00, 0x00, 0x00, 0x00, 0x00, 0x00, 0x00, 0x00, 0x00, 0x00, 0x00, 0x00, 0x00, 0x00, 0x00, 0x00, 0x00, 0x00, 0x00, 0x00, 0x00, 0x00, 0x00, 0x00, 0x00, 0x00, 0x00, 0x00, 0x00,
  0x00, 0x00, 0x00, 0x00, 0x00, 0x00, 0x00, 0x00, 0x00, 0x00, 0x00, 0x00, 0x00, 0x00, 0x00, 0x00, 0x00, 0x00, 0x00, 0x00, 0x00, 0x00, 0x00, 0x00, 0x00, 0x00, 0x00, 0x00, 0x00, 0x00, 0x00, 0x00,
  0x00, 0x00, 0x00, 0x00, 0x00, 0x00, 0x00, 0x00, 0x00, 0x00, 0x00, 0x00, 0x00, 0x00, 0x00, 0x00, 0x00, 0x00, 0x00, 0x00, 0x00, 0x00, 0x00, 0x00, 0x00, 0x00, 0x00, 0x00, 0x00, 0x00, 0x00, 0x00,
  0x00, 0x00, 0x00, 0x00, 0x00, 0x00, 0x00, 0x00, 0x00, 0x00, 0x00, 0x00, 0x00, 0x00, 0x00, 0x00, 0x00, 0x00, 0x00, 0x00, 0x00, 0x00, 0x00, 0x00, 0x00, 0x00, 0x00, 0x00, 0x00, 0x00, 0x00, 0x00,
  0x00, 0x00, 0x00, 0x00, 0x00, 0x00, 0x00, 0x00, 0x00, 0x00, 0x00, 0x00, 0x00, 0x00, 0x00, 0x00, 0x00, 0x00, 0x00, 0x00, 0x00, 0x00, 0x00, 0x00, 0x00, 0x00, 0x00, 0x00, 0x00, 0x00, 0x00, 0x00,
  0x00, 0x00, 0x00, 0x00, 0x00, 0x00, 0x00, 0x00, 0x00, 0x00, 0x00, 0x00, 0x00, 0x00, 0x00, 0x00, 0x00, 0x00, 0x00, 0x00, 0x00, 0x00, 0x00, 0x00, 0x00, 0x00, 0x00, 0x00, 0x00, 0x00, 0x00, 0x00,
  0x00, 0x00, 0x00, 0x00, 0x00, 0x00, 0x00, 0x00, 0x00, 0x00, 0x00, 0x00, 0x00, 0x00, 0x00, 0x00, 0x00, 0x00, 0x00, 0x00, 0x00, 0x00, 0x00, 0x00, 0x00, 0x00, 0x00, 0x00, 0x00, 0x00, 0x00, 0x00,
  0x00, 0x00, 0x00, 0x00, 0x00, 0x00, 0x00, 0x00, 0x00, 0x00, 0x00, 0x00, 0x00, 0x00, 0x00, 0x00, 0x00, 0x00, 0x00, 0x00, 0x00, 0x00, 0x00, 0x00, 0x00, 0x00, 0x00, 0x00, 0x00, 0x00, 0x00, 0x00,
  0x00, 0x00, 0x00, 0x00, 0x00, 0x00, 0x00, 0x00, 0x00, 0x00, 0x00, 0x00, 0x00, 0x00, 0x00, 0x00, 0x00, 0x00, 0x00, 0x00, 0x00, 0x00, 0x00, 0x00, 0x00, 0x00, 0x00, 0x00, 0x00, 0x00, 0x00, 0x00,
  0x00, 0x00, 0x00, 0x00, 0x00, 0x00, 0x00, 0x00, 0x00, 0x00, 0x00, 0x00, 0x00, 0x00, 0x00, 0x00, 0x00, 0x00, 0x00, 0x00, 0x00, 0x00, 0x00, 0x00, 0x00, 0x00, 0x00, 0x00, 0x00, 0x00, 0x00, 0x00,
  0x00, 0x00, 0x00, 0x00, 0x00, 0x00, 0x00, 0x00, 0x00, 0x00, 0x00, 0x00, 0x00, 0x00, 0x00, 0x00, 0x00, 0x00, 0x00, 0x00, 0x00, 0x00, 0x00, 0x00, 0x00, 0x00, 0x00, 0x00, 0x00, 0x00, 0x00, 0x00,
  0x00, 0x00, 0x00, 0x00, 0x00, 0x00, 0x00, 0x00, 0x00, 0x00, 0x00, 0x00, 0x00, 0x00, 0x00, 0x00, 0x00, 0x00, 0x00, 0x00, 0x00, 0x00, 0x00, 0x00, 0x00, 0x00, 0x00, 0x00, 0x00, 0x00, 0x00, 0x00,
  0x00, 0x00, 0x00, 0x00, 0x00, 0x00, 0x00, 0x00, 0x00, 0x00, 0x00, 0x00, 0x00, 0x00, 0x00, 0x00, 0x00, 0x00, 0x00, 0x00, 0x00, 0x00, 0x00, 0x00, 0x00, 0x00, 0x00, 0x00, 0x00, 0x00, 0x00, 0x00,
  0x00, 0x00, 0x00, 0x00, 0x00, 0x00, 0x00, 0x00, 0x00, 0x00, 0x00, 0x00, 0x00, 0x00, 0x00, 0x00, 0x00, 0x00, 0x00, 0x00, 0x00, 0x00, 0x00, 0x00, 0x00, 0x00, 0x00, 0x00, 0x00, 0x00, 0x00, 0x00,
  0x00, 0x00, 0x00, 0x00, 0x00, 0x00, 0x00, 0x00, 0x00, 0x00, 0x00, 0x00, 0x00, 0x00, 0x00, 0x00, 0x00, 0x00, 0x00, 0x00, 0x00, 0x00, 0x00, 0x00, 0x00, 0x00, 0x00, 0x00, 0x00, 0x00, 0x00, 0x00,
  0x00, 0x00, 0x00, 0x00, 0x00, 0x00, 0x00, 0x00, 0x00, 0x00, 0x00, 0x00, 0x00, 0x20, 0xe9, 0xa7, 0xe8, 0xa3, 0xe8, 0xe4, 0xe8, 0xe4, 0xe8, 0xe4, 0xe8, 0xe4, 0xe8, 0xe4, 0xe8, 0xe4, 0xe8, 0xe4,
  0xe8, 0xe4, 0xe8, 0xe4, 0xe8, 0xe4, 0xe8, 0xc4, 0xe9, 0x45, 0x39, 0x86, 0x00, 0x00, 0x00, 0x00, 0x00, 0x00, 0x00, 0x00, 0x00, 0x00, 0x00, 0x00, 0x00, 0x00, 0x00, 0x00, 0x00, 0x00, 0x00, 0x00,
  0x00, 0x00, 0x00, 0x00, 0x00, 0x00, 0x00, 0x00, 0x00, 0x00, 0x00, 0x00, 0x00, 0x00, 0x00, 0x00, 0x00, 0x00, 0x00, 0x00, 0x00, 0x00, 0x00, 0x00, 0x00, 0x00, 0x00, 0x00, 0x00, 0x00, 0x00, 0x00,
  0x00, 0x00, 0x00, 0x00, 0x00, 0x00, 0x00, 0x00, 0x00, 0x00, 0x00, 0x00, 0x00, 0x00, 0x00, 0x00, 0x00, 0x00, 0x00, 0x00, 0x00, 0x00, 0x00, 0x00, 0x00, 0x00, 0x00, 0x00, 0x00, 0x00, 0x00, 0x00,
  0x00, 0x00, 0x00, 0x00, 0x00, 0x00, 0x00, 0x00, 0x00, 0x00, 0x00, 0x00, 0x00, 0x00, 0x00, 0x00, 0x00, 0x00, 0x00, 0x00, 0x00, 0x00, 0x00, 0x00, 0x00, 0x00, 0x00, 0x00, 0x00, 0x00, 0x00, 0x00,
  0x00, 0x00, 0x00, 0x00, 0x00, 0x00, 0x00, 0x00, 0x00, 0x00, 0x00, 0x00, 0x00, 0x00, 0x00, 0x00, 0x00, 0x00, 0x00, 0x00, 0x00, 0x00, 0x00, 0x00, 0x00, 0x00, 0x00, 0x00, 0x00, 0x00, 0x00, 0x00,
  0x00, 0x00, 0x00, 0x00, 0x00, 0x00, 0x00, 0x00, 0x00, 0x00, 0x00, 0x00, 0x00, 0x00, 0x00, 0x00, 0x00, 0x00, 0x00, 0x00, 0x00, 0x00, 0x00, 0x00, 0x00, 0x00, 0x00, 0x00, 0x00, 0x00, 0x00, 0x00,
  0x00, 0x00, 0x00, 0x00, 0x00, 0x00, 0x00, 0x00, 0x00, 0x00, 0x00, 0x00, 0x00, 0x00, 0x00, 0x00, 0x00, 0x00, 0x00, 0x00, 0x00, 0x00, 0x00, 0x00, 0x00, 0x00, 0x00, 0x00, 0x00, 0x00, 0x00, 0x00,
  0x00, 0x00, 0x00, 0x00, 0x00, 0x00, 0x00, 0x00, 0x00, 0x00, 0x00, 0x00, 0x00, 0x00, 0x00, 0x00, 0x00, 0x00, 0x00, 0x00, 0x00, 0x00, 0x00, 0x00, 0x00, 0x00, 0x00, 0x00, 0x00, 0x00, 0x00, 0x00,
  0x00, 0x00, 0x00, 0x00, 0x00, 0x00, 0x00, 0x00, 0x00, 0x00, 0x00, 0x00, 0x00, 0x00, 0x00, 0x00, 0x00, 0x00, 0x00, 0x00, 0x00, 0x00, 0x00, 0x00, 0x00, 0x00, 0x00, 0x00, 0x00, 0x00, 0x00, 0x00,
  0x00, 0x00, 0x00, 0x00, 0x00, 0x00, 0x00, 0x00, 0x00, 0x00, 0x00, 0x00, 0x00, 0x00, 0x00, 0x00, 0x00, 0x00, 0x00, 0x00, 0x00, 0x00, 0x00, 0x00, 0x00, 0x00, 0x00, 0x00, 0x00, 0x00, 0x00, 0x00,
  0x00, 0x00, 0x00, 0x00, 0x00, 0x00, 0x00, 0x00, 0x00, 0x00, 0x00, 0x00, 0x00, 0x00, 0x00, 0x00, 0x00, 0x00, 0x00, 0x00, 0x00, 0x00, 0x00, 0x00, 0x00, 0x00, 0x00, 0x00, 0x00, 0x00, 0x00, 0x00,
  0x00, 0x00, 0x00, 0x00, 0x00, 0x00, 0x00, 0x00, 0x00, 0x00, 0x00, 0x00, 0x00, 0x00, 0x00, 0x00, 0x00, 0x00, 0x00, 0x00, 0x00, 0x00, 0x00, 0x00, 0x00, 0x00, 0x00, 0x00, 0x00, 0x00, 0x00, 0x00,
  0x00, 0x00, 0x00, 0x00, 0x00, 0x00, 0x00, 0x00, 0x00, 0x00, 0x00, 0x00, 0x00, 0x00, 0x00, 0x00, 0x00, 0x00, 0x00, 0x00, 0x00, 0x00, 0x00, 0x00, 0x00, 0x00, 0x00, 0x00, 0x00, 0x00, 0x00, 0x00,
  0x00, 0x00, 0x00, 0x00, 0x00, 0x00, 0x00, 0x00, 0x00, 0x00, 0x00, 0x00, 0x00, 0x00, 0x00, 0x00, 0x00, 0x00, 0x00, 0x00, 0x00, 0x00, 0x00, 0x00, 0x00, 0x00, 0x00, 0x00, 0x00, 0x00, 0x00, 0x00,
  0x00, 0x00, 0x00, 0x00, 0x00, 0x00, 0x00, 0x00, 0x00, 0x00, 0x00, 0x00, 0x00, 0x00, 0x00, 0x00, 0x00, 0x00, 0x00, 0x00, 0x00, 0x00, 0x00, 0x00, 0x00, 0x00, 0x00, 0x00, 0x00, 0x00, 0x00, 0x00,
  0x00, 0x00, 0x00, 0x00, 0x00, 0x00, 0x00, 0x00, 0x00, 0x00, 0x00, 0x00, 0x00, 0x00, 0x00, 0x00, 0x00, 0x00, 0x00, 0x00, 0x00, 0x00, 0x00, 0x00, 0x00, 0x00, 0x00, 0x00, 0x00, 0x00, 0x00, 0x00,
  0x00, 0x00, 0x00, 0x00, 0x00, 0x00, 0x00, 0x00, 0x00, 0x00, 0x00, 0x00, 0x00, 0x00, 0x00, 0x00, 0x00, 0x00, 0x00, 0x00, 0x00, 0x00, 0x00, 0x00, 0x00, 0x00, 0x00, 0x00, 0x00, 0x00, 0x00, 0x00,
  0x00, 0x00, 0x00, 0x00, 0x00, 0x00, 0x00, 0x00, 0x00, 0x00, 0x00, 0x00, 0x00, 0x00, 0x00, 0x00, 0x00, 0x00, 0x00, 0x00, 0x00, 0x00, 0x00, 0x00, 0x00, 0x00, 0x00, 0x00, 0x00, 0x00, 0x00, 0x00,
  0x00, 0x00, 0x00, 0x00, 0x00, 0x00, 0x00, 0x00, 0x00, 0x00, 0x00, 0x00, 0x00, 0x00, 0x00, 0x00, 0x00, 0x00, 0x00, 0x00, 0x00, 0x00, 0x00, 0x00, 0x00, 0x00, 0x00, 0x00, 0x00, 0x00, 0x00, 0x00,
  0x00, 0x00, 0x00, 0x00, 0x00, 0x00, 0x00, 0x00, 0x00, 0x00, 0x00, 0x00, 0x00, 0x00, 0x00, 0x00, 0x00, 0x00, 0x00, 0x00, 0x00, 0x00, 0x00, 0x00, 0x00, 0x00, 0x00, 0x00, 0x00, 0x00, 0x00, 0x00,
  0x00, 0x00, 0x00, 0x00, 0x00, 0x00, 0x00, 0x00, 0x00, 0x00, 0x00, 0x00, 0x00, 0x00, 0x00, 0x00, 0x00, 0x00, 0x00, 0x00, 0x7a, 0xeb, 0xe8, 0xe4, 0xe8, 0xc4, 0xe8, 0xe4, 0xe8, 0xe4, 0xe8, 0xe4,
  0xe8, 0xe4, 0xe8, 0xe4, 0xe8, 0xe4, 0xe8, 0xe4, 0xe8, 0xe4, 0xe8, 0xe4, 0xe8, 0xe4, 0xe8, 0x83, 0xf3, 0x4d, 0x00, 0x00, 0x00, 0x00, 0x00, 0x00, 0x00, 0x00, 0x00, 0x00, 0x00, 0x00, 0x00, 0x00,
  0x00, 0x00, 0x00, 0x00, 0x00, 0x00, 0x00, 0x00, 0x00, 0x00, 0x00, 0x00, 0x00, 0x00, 0x00, 0x00, 0x00, 0x00, 0x00, 0x00, 0x00, 0x00, 0x00, 0x00, 0x00, 0x00, 0x00, 0x00, 0x00, 0x00, 0x00, 0x00,
  0x00, 0x00, 0x00, 0x00, 0x00, 0x00, 0x00, 0x00, 0x00, 0x00, 0x00, 0x00, 0x00, 0x00, 0x00, 0x00, 0x00, 0x00, 0x00, 0x00, 0x00, 0x00, 0x00, 0x00, 0x00, 0x00, 0x00, 0x00, 0x00, 0x00, 0x00, 0x00,
  0x00, 0x00, 0x00, 0x00, 0x00, 0x00, 0x00, 0x00, 0x00, 0x00, 0x00, 0x00, 0x00, 0x00, 0x00, 0x00, 0x00, 0x00, 0x00, 0x00, 0x00, 0x00, 0x00, 0x00, 0x00, 0x00, 0x00, 0x00, 0x00, 0x00, 0x00, 0x00,
  0x00, 0x00, 0x00, 0x00, 0x00, 0x00, 0x00, 0x00, 0x00, 0x00, 0x00, 0x00, 0x00, 0x00, 0x00, 0x00, 0x00, 0x00, 0x00, 0x00, 0x00, 0x00, 0x00, 0x00, 0x00, 0x00, 0x00, 0x00, 0x00, 0x00, 0x00, 0x00,
  0x00, 0x00, 0x00, 0x00, 0x00, 0x00, 0x00, 0x00, 0x00, 0x00, 0x00, 0x00, 0x00, 0x00, 0x00, 0x00, 0x00, 0x00, 0x00, 0x00, 0x00, 0x00, 0x00, 0x00, 0x00, 0x00, 0x00, 0x00, 0x00, 0x00, 0x00, 0x00,
  0x00, 0x00, 0x00, 0x00, 0x00, 0x00, 0x00, 0x00, 0x00, 0x00, 0x00, 0x00, 0x00, 0x00, 0x00, 0x00, 0x00, 0x00, 0x00, 0x00, 0x00, 0x00, 0x00, 0x00, 0x00, 0x00, 0x00, 0x00, 0x00, 0x00, 0x00, 0x00,
  0x00, 0x00, 0x00, 0x00, 0x00, 0x00, 0x00, 0x00, 0x00, 0x00, 0x00, 0x00, 0x00, 0x00, 0x00, 0x00, 0x00, 0x00, 0x00, 0x00, 0x00, 0x00, 0x00, 0x00, 0x00, 0x00, 0x00, 0x00, 0x00, 0x00, 0x00, 0x00,
  0x00, 0x00, 0x00, 0x00, 0x00, 0x00, 0x00, 0x00, 0x00, 0x00, 0x00, 0x00, 0x00, 0x00, 0x00, 0x00, 0x00, 0x00, 0x00, 0x00, 0x00, 0x00, 0x00, 0x00, 0x00, 0x00, 0x00, 0x00, 0x00, 0x00, 0x00, 0x00,
  0x00, 0x00, 0x00, 0x00, 0x00, 0x00, 0x00, 0x00, 0x00, 0x00, 0x00, 0x00, 0x00, 0x00, 0x00, 0x00, 0x00, 0x00, 0x00, 0x00, 0x00, 0x00, 0x00, 0x00, 0x00, 0x00, 0x00, 0x00, 0x00, 0x00, 0x00, 0x00,
  0x00, 0x00, 0x00, 0x00, 0x00, 0x00, 0x00, 0x00, 0x00, 0x00, 0x00, 0x00, 0x00, 0x00, 0x00, 0x00, 0x00, 0x00, 0x00, 0x00, 0x00, 0x00, 0x00, 0x00, 0x00, 0x00, 0x00, 0x00, 0x00, 0x00, 0x00, 0x00,
  0x00, 0x00, 0x00, 0x00, 0x00, 0x00, 0x00, 0x00, 0x00, 0x00, 0x00, 0x00, 0x00, 0x00, 0x00, 0x00, 0x00, 0x00, 0x00, 0x00, 0x00, 0x00, 0x00, 0x00, 0x00, 0x00, 0x00, 0x00, 0x00, 0x00, 0x00, 0x00,
  0x00, 0x00, 0x00, 0x00, 0x00, 0x00, 0x00, 0x00, 0x00, 0x00, 0x00, 0x00, 0x00, 0x00, 0x00, 0x00, 0x00, 0x00, 0x00, 0x00, 0x00, 0x00, 0x00, 0x00, 0x00, 0x00, 0x00, 0x00, 0x00, 0x00, 0x00, 0x00,
  0x00, 0x00, 0x00, 0x00, 0x00, 0x00, 0x00, 0x00, 0x00, 0x00, 0x00, 0x00, 0x00, 0x00, 0x00, 0x00, 0x00, 0x00, 0x00, 0x00, 0x00, 0x00, 0x00, 0x00, 0x00, 0x00, 0x00, 0x00, 0x00, 0x00, 0x00, 0x00,
  0x00, 0x00, 0x00, 0x00, 0x00, 0x00, 0x00, 0x00, 0x00, 0x00, 0x00, 0x00, 0x00, 0x00, 0x00, 0x00, 0x00, 0x00, 0x00, 0x00, 0x00, 0x00, 0x00, 0x00, 0x00, 0x00, 0x00, 0x00, 0x00, 0x00, 0x00, 0x00,
  0x00, 0x00, 0x00, 0x00, 0x00, 0x00, 0x00, 0x00, 0x00, 0x00, 0x00, 0x00, 0x00, 0x00, 0x00, 0x00, 0x00, 0x00, 0x00, 0x00, 0x00, 0x00, 0x00, 0x00, 0x00, 0x00, 0x00, 0x00, 0x00, 0x00, 0x00, 0x00,
  0x00, 0x00, 0x00, 0x00, 0x00, 0x00, 0x00, 0x00, 0x00, 0x00, 0x00, 0x00, 0x00, 0x00, 0x00, 0x00, 0x00, 0x00, 0x00, 0x00, 0x00, 0x00, 0x00, 0x00, 0x00, 0x00, 0x00, 0x00, 0x00, 0x00, 0x00, 0x00,
  0x00, 0x00, 0x00, 0x00, 0x00, 0x00, 0x00, 0x00, 0x00, 0x00, 0x00, 0x00, 0x00, 0x00, 0x00, 0x00, 0x00, 0x00, 0x00, 0x00, 0x00, 0x00, 0x00, 0x00, 0x00, 0x00, 0x00, 0x00, 0x00, 0x00, 0x00, 0x00,
  0x00, 0x00, 0x00, 0x00, 0x00, 0x00, 0x00, 0x00, 0x00, 0x00, 0x00, 0x00, 0x00, 0x00, 0x00, 0x00, 0x00, 0x00, 0x00, 0x00, 0x00, 0x00, 0x00, 0x00, 0x00, 0x00, 0x00, 0x00, 0x00, 0x00, 0x00, 0x00,
  0x00, 0x00, 0x00, 0x00, 0x00, 0x00, 0x00, 0x00, 0x00, 0x00, 0x00, 0x00, 0x00, 0x00, 0x00, 0x00, 0x00, 0x00, 0x00, 0x00, 0x00, 0x00, 0x00, 0x00, 0x00, 0x00, 0x00, 0x00, 0x00, 0x00, 0x00, 0x00,
  0x00, 0x00, 0x00, 0x00, 0x00, 0x00, 0x00, 0x00, 0x00, 0x00, 0x00, 0x00, 0x00, 0x00, 0x00, 0x00, 0x00, 0x00, 0x00, 0x00, 0x00, 0x00, 0x00, 0x00, 0x00, 0x00, 0x00, 0x00, 0xf4, 0x92, 0xe8, 0x83,
  0xe8, 0xe4, 0xe8, 0xe4, 0xe8, 0xe4, 0xe8, 0xe4, 0xe8, 0xe4, 0xe8, 0xe4, 0xe8, 0xe4, 0xe8, 0xe4, 0xe8, 0xe4, 0xe8, 0xe4, 0xe8, 0xe4, 0xe8, 0xc4, 0x9b, 0x6e, 0x00, 0x00, 0x00, 0x00, 0x00, 0x00,
  0x00, 0x00, 0x00, 0x00, 0x00, 0x00, 0x00, 0x00, 0x00, 0x00, 0x00, 0x00, 0x00, 0x00, 0x00, 0x00, 0x00, 0x00, 0x00, 0x00, 0x00, 0x00, 0x00, 0x00, 0x00, 0x00, 0x00, 0x00, 0x00, 0x00, 0x00, 0x00,
  0x00, 0x00, 0x00, 0x00, 0x00, 0x00, 0x00, 0x00, 0x00, 0x00, 0x00, 0x00, 0x00, 0x00, 0x00, 0x00, 0x00, 0x00, 0x00, 0x00, 0x00, 0x00, 0x00, 0x00, 0x00, 0x00, 0x00, 0x00, 0x00, 0x00, 0x00, 0x00,
  0x00, 0x00, 0x00, 0x00, 0x00, 0x00, 0x00, 0x00, 0x00, 0x00, 0x00, 0x00, 0x00, 0x00, 0x00, 0x00, 0x00, 0x00, 0x00, 0x00, 0x00, 0x00, 0x00, 0x00, 0x00, 0x00, 0x00, 0x00, 0x00, 0x00, 0x00, 0x00,
  0x00, 0x00, 0x00, 0x00, 0x00, 0x00, 0x00, 0x00, 0x00, 0x00, 0x00, 0x00, 0x00, 0x00, 0x00, 0x00, 0x00, 0x00, 0x00, 0x00, 0x00, 0x00, 0x00, 0x00, 0x00, 0x00, 0x00, 0x00, 0x00, 0x00, 0x00, 0x00,
  0x00, 0x00, 0x00, 0x00, 0x00, 0x00, 0x00, 0x00, 0x00, 0x00, 0x00, 0x00, 0x00, 0x00, 0x00, 0x00, 0x00, 0x00, 0x00, 0x00, 0x00, 0x00, 0x00, 0x00, 0x00, 0x00, 0x00, 0x00, 0x00, 0x00, 0x00, 0x00,
  0x00, 0x00, 0x00, 0x00, 0x00, 0x00, 0x00, 0x00, 0x00, 0x00, 0x00, 0x00, 0x00, 0x00, 0x00, 0x00, 0x00, 0x00, 0x00, 0x00, 0x00, 0x00, 0x00, 0x00, 0x00, 0x00, 0x00, 0x00, 0x00, 0x00, 0x00, 0x00,
  0x00, 0x00, 0x00, 0x00, 0x00, 0x00, 0x00, 0x00, 0x00, 0x00, 0x00, 0x00, 0x00, 0x00, 0x00, 0x00, 0x00, 0x00, 0x00, 0x00, 0x00, 0x00, 0x00, 0x00, 0x00, 0x00, 0x00, 0x00, 0x00, 0x00, 0x00, 0x00,
  0x00, 0x00, 0x00, 0x00, 0x00, 0x00, 0x00, 0x00, 0x00, 0x00, 0x00, 0x00, 0x00, 0x00, 0x00, 0x00, 0x00, 0x00, 0x00, 0x00, 0x00, 0x00, 0x00, 0x00, 0x00, 0x00, 0x00, 0x00, 0x00, 0x00, 0x00, 0x00,
  0x00, 0x00, 0x00, 0x00, 0x00, 0x00, 0x00, 0x00, 0x00, 0x00, 0x00, 0x00, 0x00, 0x00, 0x00, 0x00, 0x00, 0x00, 0x00, 0x00, 0x00, 0x00, 0x00, 0x00, 0x00, 0x00, 0x00, 0x00, 0x00, 0x00, 0x00, 0x00,
  0x00, 0x00, 0x00, 0x00, 0x00, 0x00, 0x00, 0x00, 0x00, 0x00, 0x00, 0x00, 0x00, 0x00, 0x00, 0x00, 0x00, 0x00, 0x00, 0x00, 0x00, 0x00, 0x00, 0x00, 0x00, 0x00, 0x00, 0x00, 0x00, 0x00, 0x00, 0x00,
  0x00, 0x00, 0x00, 0x00, 0x00, 0x00, 0x00, 0x00, 0x00, 0x00, 0x00, 0x00, 0x00, 0x00, 0x00, 0x00, 0x00, 0x00, 0x00, 0x00, 0x00, 0x00, 0x00, 0x00, 0x00, 0x00, 0x00, 0x00, 0x00, 0x00, 0x00, 0x00,
  0x00, 0x00, 0x00, 0x00, 0x00, 0x00, 0x00, 0x00, 0x00, 0x00, 0x00, 0x00, 0x00, 0x00, 0x00, 0x00, 0x00, 0x00, 0x00, 0x00, 0x00, 0x00, 0x00, 0x00, 0x00, 0x00, 0x00, 0x00, 0x00, 0x00, 0x00, 0x00,
  0x00, 0x00, 0x00, 0x00, 0x00, 0x00, 0x00, 0x00, 0x00, 0x00, 0x00, 0x00, 0x00, 0x00, 0x00, 0x00, 0x00, 0x00, 0x00, 0x00, 0x00, 0x00, 0x00, 0x00, 0x00, 0x00, 0x00, 0x00, 0x00, 0x00, 0x00, 0x00,
  0x00, 0x00, 0x00, 0x00, 0x00, 0x00, 0x00, 0x00, 0x00, 0x00, 0x00, 0x00, 0x00, 0x00, 0x00, 0x00, 0x00, 0x00, 0x00, 0x00, 0x00, 0x00, 0x00, 0x00, 0x00, 0x00, 0x00, 0x00, 0x00, 0x00, 0x00, 0x00,
  0x00, 0x00, 0x00, 0x00, 0x00, 0x00, 0x00, 0x00, 0x00, 0x00, 0x00, 0x00, 0x00, 0x00, 0x00, 0x00, 0x00, 0x00, 0x00, 0x00, 0x00, 0x00, 0x00, 0x00, 0x00, 0x00, 0x00, 0x00, 0x00, 0x00, 0x00, 0x00,
  0x00, 0x00, 0x00, 0x00, 0x00, 0x00, 0x00, 0x00, 0x00, 0x00, 0x00, 0x00, 0x00, 0x00, 0x00, 0x00, 0x00, 0x00, 0x00, 0x00, 0x00, 0x00, 0x00, 0x00, 0x00, 0x00, 0x00, 0x00, 0x00, 0x00, 0x00, 0x00,
  0x00, 0x00, 0x00, 0x00, 0x00, 0x00, 0x00, 0x00, 0x00, 0x00, 0x00, 0x00, 0x00, 0x00, 0x00, 0x00, 0x00, 0x00, 0x00, 0x00, 0x00, 0x00, 0x00, 0x00, 0x00, 0x00, 0x00, 0x00, 0x00, 0x00, 0x00, 0x00,
  0x00, 0x00, 0x00, 0x00, 0x00, 0x00, 0x00, 0x00, 0x00, 0x00, 0x00, 0x00, 0x00, 0x00, 0x00, 0x00, 0x00, 0x00, 0x00, 0x00, 0x00, 0x00, 0x00, 0x00, 0x00, 0x00, 0x00, 0x00, 0x00, 0x00, 0x00, 0x00,
  0x00, 0x00, 0x00, 0x00, 0x00, 0x00, 0x00, 0x00, 0x00, 0x00, 0x00, 0x00, 0x00, 0x00, 0x00, 0x00, 0x00, 0x00, 0x00, 0x00, 0x00, 0x00, 0x00, 0x00, 0x00, 0x00, 0x00, 0x00, 0x00, 0x00, 0x00, 0x00,
  0x00, 0x00, 0x00, 0x00, 0x00, 0x00, 0x00, 0x00, 0x00, 0x00, 0x00, 0x00, 0x00, 0x00, 0x00, 0x00, 0x00, 0x00, 0x00, 0x00, 0x00, 0x00, 0x00, 0x00, 0x00, 0x00, 0x00, 0x00, 0x00, 0x00, 0x00, 0x00,
  0x00, 0x00, 0x00, 0x00, 0xf3, 0x2d, 0xe8, 0x83, 0xe8, 0xe4, 0xe8, 0xe4, 0xe8, 0xe4, 0xe8, 0xe4, 0xe8, 0xe4, 0xe8, 0xe4, 0xe8, 0xe4, 0xe8, 0xe4, 0xe8, 0xe4, 0xe8, 0xe4, 0xe8, 0xa3, 0xe9, 0xc7,
  0x08, 0x41, 0x00, 0x00, 0x00, 0x00, 0x00, 0x00, 0x00, 0x00, 0x00, 0x00, 0x00, 0x00, 0x00, 0x00, 0x00, 0x00, 0x00, 0x00, 0x00, 0x00, 0x00, 0x00, 0x00, 0x00, 0x00, 0x00, 0x00, 0x00, 0x00, 0x00,
  0x00, 0x00, 0x00, 0x00, 0x00, 0x00, 0x00, 0x00, 0x00, 0x00, 0x00, 0x00, 0x00, 0x00, 0x00, 0x00, 0x00, 0x00, 0x21, 0x04, 0x49, 0xe7, 0x41, 0xc7, 0x41, 0xc7, 0x41, 0xc7, 0x41, 0xc7, 0x41, 0xc7,
  0x41, 0xc7, 0x41, 0xc7, 0x41, 0xc7, 0x41, 0xc7, 0x41, 0xc7, 0x41, 0xc7, 0x41, 0xc7, 0x41, 0xc7, 0x41, 0xc7, 0x41, 0xc7, 0x41, 0xc7, 0x41, 0xc7, 0x41, 0xc7, 0x41, 0xc7, 0x41, 0xc7, 0x41, 0xc7,
  0x41, 0xc7, 0x41, 0xc7, 0x41, 0xc7, 0x41, 0xc7, 0x41, 0xc7, 0x41, 0xc7, 0x41, 0xc7, 0x41, 0xc7, 0x41, 0xc7, 0x41, 0xc7, 0x41, 0xc7, 0x41, 0xc7, 0x41, 0xc7, 0x41, 0xc7, 0x41, 0xc7, 0x41, 0xc7,
  0x41, 0xc7, 0x41, 0xc7, 0x41, 0xc7, 0x41, 0xc7, 0x41, 0xc7, 0x41, 0xc7, 0x41, 0xc7, 0x41, 0xc7, 0x41, 0xc7, 0x41, 0xc7, 0x41, 0xc7, 0x41, 0xc7, 0x41, 0xc7, 0x41, 0xc7, 0x41, 0xc7, 0x41, 0xc7,
  0x41, 0xc7, 0x41, 0xc7, 0x41, 0xc7, 0x41, 0xc7, 0x41, 0xc7, 0x41, 0xc7, 0x41, 0xc7, 0x41, 0xc7, 0x41, 0xc7, 0x41, 0xc7, 0x41, 0xc7, 0x41, 0xc7, 0x41, 0xc7, 0x41, 0xc7, 0x41, 0xc7, 0x41, 0xc7,
  0x41, 0xc7, 0x41, 0xc7, 0x41, 0xc7, 0x41, 0xc7, 0x41, 0xc7, 0x41, 0xc7, 0x41, 0xc7, 0x41, 0xc7, 0x41, 0xc7, 0x41, 0xc7, 0x41, 0xc7, 0x41, 0xc7, 0x41, 0xc7, 0x41, 0xc7, 0x41, 0xc7, 0x41, 0xc7,
  0x41, 0xc7, 0x41, 0xc7, 0x41, 0xc7, 0x41, 0xc7, 0x41, 0xc7, 0x41, 0xc7, 0x41, 0xc7, 0x41, 0xc7, 0x41, 0xc7, 0x41, 0xc7, 0x41, 0xc7, 0x41, 0xc7, 0x41, 0xc7, 0x41, 0xc7, 0x41, 0xc7, 0x41, 0xc7,
  0x41, 0xc7, 0x41, 0xc7, 0x41, 0xc7, 0x41, 0xc7, 0x41, 0xc7, 0x41, 0xc7, 0x41, 0xc7, 0x41, 0xc7, 0x41, 0xc7, 0x41, 0xc7, 0x41, 0xc7, 0x41, 0xc7, 0x41, 0xc7, 0x41, 0xc7, 0x41, 0xc7, 0x41, 0xc7,
  0x49, 0xe7, 0x10, 0x82, 0x00, 0x00, 0x00, 0x00, 0x00, 0x00, 0x00, 0x00, 0x00, 0x00, 0x00, 0x00, 0x00, 0x00, 0x00, 0x00, 0x00, 0x00, 0x00, 0x00, 0x00, 0x00, 0x00, 0x00, 0x00, 0x00, 0x00, 0x00,
  0x00, 0x00, 0x00, 0x00, 0x00, 0x00, 0x00, 0x00, 0x00, 0x00, 0x00, 0x00, 0x00, 0x00, 0x00, 0x00, 0x08, 0x41, 0x49, 0xe7, 0x41, 0xc7, 0x41, 0xc7, 0x41, 0xc7, 0x41, 0xc7, 0x41, 0xc7, 0x41, 0xc7,
  0x41, 0xc7, 0x41, 0xc7, 0x41, 0xc7, 0x41, 0xc7, 0x41, 0xc7, 0x41, 0xc7, 0x41, 0xc7, 0x41, 0xc7, 0x41, 0xc7, 0x41, 0xc7, 0x41, 0xc7, 0x41, 0xc7, 0x41, 0xc7, 0x41, 0xc7, 0x41, 0xc7, 0x41, 0xc7,
  0x41, 0xc7, 0x41, 0xc7, 0x41, 0xc7, 0x41, 0xc7, 0x41, 0xc7, 0x41, 0xc7, 0x41, 0xc7, 0x41, 0xc7, 0x41, 0xc7, 0x41, 0xc7, 0x41, 0xc7, 0x41, 0xc7, 0x41, 0xc7, 0x41, 0xc7, 0x41, 0xc7, 0x41, 0xc7,
  0x41, 0xc7, 0x41, 0xc7, 0x41, 0xc7, 0x41, 0xc7, 0x41, 0xc7, 0x41, 0xc7, 0x41, 0xc7, 0x41, 0xc7, 0x41, 0xc7, 0x41, 0xc7, 0x41, 0xc7, 0x41, 0xa6, 0x49, 0xe7, 0x00, 0x00, 0x00, 0x00, 0x00, 0x00,
  0x00, 0x00, 0x00, 0x00, 0x41, 0xc7, 0x41, 0xc7, 0x41, 0xc7, 0x41, 0xc7, 0x41, 0xc7, 0x41, 0xc7, 0x41, 0xc7, 0x41, 0xc7, 0x41, 0xc7, 0x41, 0xc7, 0x41, 0xc7, 0x41, 0xc7, 0x41, 0xc7, 0x41, 0xc7,
  0x41, 0xc7, 0x41, 0xc7, 0x41, 0xc7, 0x41, 0xc7, 0x41, 0xc7, 0x41, 0xc7, 0x41, 0xc7, 0x41, 0xc7, 0x41, 0xc7, 0x41, 0xc7, 0x41, 0xc7, 0x41, 0xc7, 0x41, 0xc7, 0x41, 0xc7, 0x41, 0xc7, 0x41, 0xc7,
  0x41, 0xc7, 0x41, 0xc7, 0x41, 0xc7, 0x41, 0xc7, 0x41, 0xc7, 0x41, 0xc7, 0x41, 0xc7, 0x41, 0xc7, 0x41, 0xc7, 0x41, 0xc7, 0x41, 0xc7, 0x41, 0xc7, 0x41, 0xc7, 0x41, 0xc7, 0x41, 0xc7, 0x41, 0xc7,
  0x41, 0xc7, 0x41, 0xc7, 0x41, 0xc7, 0x41, 0xc7, 0x41, 0xc7, 0x41, 0xc7, 0x41, 0xc7, 0x39, 0x86, 0x00, 0x00, 0x00, 0x00, 0x00, 0x00, 0x00, 0x00, 0x00, 0x00, 0x00, 0x00, 0x00, 0x00, 0x00, 0x00,
  0x00, 0x00, 0x00, 0x00, 0x00, 0x00, 0x00, 0x00, 0x00, 0x00, 0x00, 0x00, 0x00, 0x00, 0x00, 0x00, 0x00, 0x00, 0x00, 0x00, 0x00, 0x00, 0x00, 0x00, 0x00, 0x00, 0x00, 0x00, 0x00, 0x00, 0x00, 0x00,
  0x00, 0x00, 0x00, 0x00, 0x00, 0x00, 0x00, 0x00, 0x00, 0x00, 0x00, 0x00, 0x00, 0x00, 0x00, 0x00, 0x00, 0x00, 0x00, 0x00, 0x00, 0x00, 0x00, 0x00, 0x00, 0x00, 0x00, 0x00, 0x00, 0x00, 0x00, 0x00,
  0x00, 0x00, 0x00, 0x00, 0x00, 0x00, 0x00, 0x00, 0x00, 0x00, 0x00, 0x00, 0xf2, 0x29, 0xe8, 0xa3, 0xe8, 0xe4, 0xe8, 0xe4, 0xe8, 0xe4, 0xe8, 0xe4, 0xe8, 0xe4, 0xe8, 0xe4, 0xe8, 0xe4, 0xe8, 0xe4,
  0xe8, 0xe4, 0xe8, 0xe4, 0xe8, 0x83, 0xf3, 0x2d, 0x00, 0x00, 0x00, 0x00, 0x00, 0x00, 0x00, 0x00, 0x00, 0x00, 0x00, 0x00, 0x00, 0x00, 0x00, 0x00, 0x00, 0x00, 0x00, 0x00, 0x00, 0x00, 0x00, 0x00,
  0x00, 0x00, 0x00, 0x00, 0x00, 0x00, 0x00, 0x00, 0x00, 0x00, 0x00, 0x00, 0x00, 0x00, 0x00, 0x00, 0x00, 0x00, 0x00, 0x00, 0x00, 0x00, 0x00, 0x00, 0x00, 0x00, 0xf2, 0xec, 0xe8, 0xe4, 0xe9, 0x46,
  0xe9, 0x45, 0xe9, 0x45, 0xe9, 0x45, 0xe9, 0x45, 0xe9, 0x45, 0xe9, 0x45, 0xe9, 0x45, 0xe9, 0x45, 0xe9, 0x45, 0xe9, 0x45, 0xe9, 0x45, 0xe9, 0x45, 0xe9, 0x45, 0xe9, 0x45, 0xe9, 0x45, 0xe9, 0x45,
  0xe9, 0x45, 0xe9, 0x45, 0xe9, 0x45, 0xe9, 0x45, 0xe9, 0x45, 0xe9, 0x45, 0xe9, 0x45, 0xe9, 0x45, 0xe9, 0x45, 0xe9, 0x45, 0xe9, 0x45, 0xe9, 0x45, 0xe9, 0x45, 0xe9, 0x45, 0xe9, 0x45, 0xe9, 0x45,
  0xe9, 0x45, 0xe9, 0x45, 0xe9, 0x45, 0xe9, 0x45, 0xe9, 0x45, 0xe9, 0x45, 0xe9, 0x45, 0xe9, 0x45, 0xe9, 0x45, 0xe9, 0x45, 0xe9, 0x45, 0xe9, 0x45, 0xe9, 0x45, 0xe9, 0x45, 0xe9, 0x45, 0xe9, 0x45,
  0xe9, 0x45, 0xe9, 0x45, 0xe9, 0x45, 0xe9, 0x45, 0xe9, 0x45, 0xe9, 0x45, 0xe9, 0x45, 0xe9, 0x45, 0xe9, 0x45, 0xe9, 0x45, 0xe9, 0x45, 0xe9, 0x45, 0xe9, 0x45, 0xe9, 0x45, 0xe9, 0x45, 0xe9, 0x45,
  0xe9, 0x45, 0xe9, 0x45, 0xe9, 0x45, 0xe9, 0x45, 0xe9, 0x45, 0xe9, 0x45, 0xe9, 0x45, 0xe9, 0x45, 0xe9, 0x45, 0xe9, 0x45, 0xe9, 0x45, 0xe9, 0x45, 0xe9, 0x45, 0xe9, 0x45, 0xe9, 0x45, 0xe9, 0x45,
  0xe9, 0x45, 0xe9, 0x45, 0xe9, 0x45, 0xe9, 0x45, 0xe9, 0x45, 0xe9, 0x45, 0xe9, 0x45, 0xe9, 0x45, 0xe9, 0x45, 0xe9, 0x45, 0xe9, 0x45, 0xe9, 0x45, 0xe9, 0x45, 0xe9, 0x45, 0xe9, 0x45, 0xe9, 0x45,
  0xe9, 0x45, 0xe9, 0x45, 0xe9, 0x45, 0xe9, 0x45, 0xe9, 0x45, 0xe9, 0x45, 0xe9, 0x45, 0xe9, 0x45, 0xe9, 0x45, 0xe9, 0x45, 0xe9, 0x45, 0xe9, 0x45, 0xe9, 0x45, 0xe9, 0x45, 0xe9, 0x45, 0xe9, 0x45,
  0xe9, 0x45, 0xe9, 0x45, 0xe9, 0x45, 0xe9, 0x46, 0xe8, 0xe4, 0xf3, 0xf0, 0x00, 0x00, 0x00, 0x00, 0x00, 0x00, 0x00, 0x00, 0x00, 0x00, 0x00, 0x00, 0x00, 0x00, 0x00, 0x00, 0x00, 0x00, 0x00, 0x00,
  0x00, 0x00, 0x00, 0x00, 0x00, 0x00, 0x00, 0x00, 0x00, 0x00, 0x00, 0x00, 0x00, 0x00, 0x00, 0x00, 0x00, 0x00, 0x00, 0x00, 0x00, 0x00, 0x00, 0x00, 0xf4, 0x72, 0xe8, 0xe4, 0xe9, 0x46, 0xe9, 0x45,
  0xe9, 0x45, 0xe9, 0x45, 0xe9, 0x45, 0xe9, 0x45, 0xe9, 0x45, 0xe9, 0x45, 0xe9, 0x45, 0xe9, 0x45, 0xe9, 0x45, 0xe9, 0x45, 0xe9, 0x45, 0xe9, 0x45, 0xe9, 0x45, 0xe9, 0x45, 0xe9, 0x45, 0xe9, 0x45,
  0xe9, 0x45, 0xe9, 0x45, 0xe9, 0x45, 0xe9, 0x45, 0xe9, 0x45, 0xe9, 0x45, 0xe9, 0x45, 0xe9, 0x45, 0xe9, 0x45, 0xe9, 0x45, 0xe9, 0x45, 0xe9, 0x45, 0xe9, 0x45, 0xe9, 0x45, 0xe9, 0x45, 0xe9, 0x45,
  0xe9, 0x45, 0xe9, 0x45, 0xe9, 0x45, 0xe9, 0x45, 0xe9, 0x45, 0xe9, 0x45, 0xe9, 0x45, 0xe9, 0x45, 0xe9, 0x45, 0xe9, 0x45, 0xe9, 0x45, 0xe9, 0x45, 0xe9, 0x45, 0xe9, 0x45, 0xe9, 0x46, 0xe9, 0x05,
  0xe9, 0xe8, 0x18, 0xa2, 0x00, 0x00, 0x00, 0x00, 0x00, 0x00, 0xf4, 0x10, 0xe8, 0xe4, 0xe9, 0x46, 0xe9, 0x45, 0xe9, 0x45, 0xe9, 0x45, 0xe9, 0x45, 0xe9, 0x45, 0xe9, 0x45, 0xe9, 0x45, 0xe9, 0x45,
  0xe9, 0x45, 0xe9, 0x45, 0xe9, 0x45, 0xe9, 0x45, 0xe9, 0x45, 0xe9, 0x45, 0xe9, 0x45, 0xe9, 0x45, 0xe9, 0x45, 0xe9, 0x45, 0xe9, 0x45, 0xe9, 0x45, 0xe9, 0x45, 0xe9, 0x45, 0xe9, 0x45, 0xe9, 0x45,
  0xe9, 0x45, 0xe9, 0x45, 0xe9, 0x45, 0xe9, 0x45, 0xe9, 0x45, 0xe9, 0x45, 0xe9, 0x45, 0xe9, 0x45, 0xe9, 0x45, 0xe9, 0x45, 0xe9, 0x45, 0xe9, 0x45, 0xe9, 0x45, 0xe9, 0x45, 0xe9, 0x45, 0xe9, 0x45,
  0xe9, 0x45, 0xe9, 0x45, 0xe9, 0x45, 0xe9, 0x45, 0xe9, 0x45, 0xe9, 0x45, 0xe9, 0x45, 0xe9, 0x45, 0xe9, 0x25, 0xe9, 0x46, 0xe8, 0xe4, 0xf3, 0x8e, 0x00, 0x00, 0x00, 0x00, 0x00, 0x00, 0x00, 0x00,
  0x00, 0x00, 0x00, 0x00, 0x00, 0x00, 0x00, 0x00, 0x00, 0x00, 0x00, 0x00, 0x00, 0x00, 0x00, 0x00, 0x00, 0x00, 0x00, 0x00, 0x00, 0x00, 0x00, 0x00, 0x00, 0x00, 0x00, 0x00, 0x00, 0x00, 0x00, 0x00,
  0x00, 0x00, 0x00, 0x00, 0x00, 0x00, 0x00, 0x00, 0x00, 0x00, 0x00, 0x00, 0x00, 0x00, 0x00, 0x00, 0x00, 0x00, 0x00, 0x00, 0x00, 0x00, 0x00, 0x00, 0x00, 0x00, 0x00, 0x00, 0x00, 0x00, 0x00, 0x00,
  0x00, 0x00, 0x00, 0x00, 0x00, 0x00, 0x00, 0x00, 0x00, 0x00, 0x00, 0x00, 0x00, 0x00, 0x00, 0x00, 0x00, 0x00, 0x18, 0xc3, 0xe9, 0x66, 0xe8, 0xc4, 0xe8, 0xe4, 0xe8, 0xe4, 0xe8, 0xe4, 0xe8, 0xe4,
  0xe8, 0xe4, 0xe8, 0xe4, 0xe8, 0xe4, 0xe8, 0xe4, 0xe8, 0xe4, 0xe8, 0xe4, 0xe8, 0x83, 0xf4, 0x92, 0x00, 0x00, 0x00, 0x00, 0x00, 0x00, 0x00, 0x00, 0x00, 0x00, 0x00, 0x00, 0x00, 0x00, 0x00, 0x00,
  0x00, 0x00, 0x00, 0x00, 0x00, 0x00, 0x00, 0x00, 0x00, 0x00, 0x00, 0x00, 0x00, 0x00, 0x00, 0x00, 0x00, 0x00, 0x00, 0x00, 0x00, 0x00, 0x00, 0x00, 0x00, 0x00, 0x00, 0x00, 0x00, 0x00, 0x00, 0x00,
  0x00, 0x00, 0xf2, 0x8b, 0xe8, 0x63, 0xe8, 0xc4, 0xe8, 0xc4, 0xe8, 0xc4, 0xe8, 0xc4, 0xe8, 0xc4, 0xe8, 0xc4, 0xe8, 0xc4, 0xe8, 0xc4, 0xe8, 0xc4, 0xe8, 0xc4, 0xe8, 0xc4, 0xe8, 0xc4, 0xe8, 0xc4,
  0xe8, 0xc4, 0xe8, 0xc4, 0xe8, 0xc4, 0xe8, 0xc4, 0xe8, 0xc4, 0xe8, 0xc4, 0xe8, 0xc4, 0xe8, 0xc4, 0xe8, 0xc4, 0xe8, 0xc4, 0xe8, 0xc4, 0xe8, 0xc4, 0xe8, 0xc4, 0xe8, 0xc4, 0xe8, 0xc4, 0xe8, 0xc4,
  0xe8, 0xc4, 0xe8, 0xc4, 0xe8, 0xc4, 0xe8, 0xc4, 0xe8, 0xc4, 0xe8, 0xc4, 0xe8, 0xc4, 0xe8, 0xc4, 0xe8, 0xc4, 0xe8, 0xc4, 0xe8, 0xc4, 0xe8, 0xc4, 0xe8, 0xc4, 0xe8, 0xc4, 0xe8, 0xc4, 0xe8, 0xc4,
  0xe8, 0xc4, 0xe8, 0xc4, 0xe8, 0xc4, 0xe8, 0xc4, 0xe8, 0xc4, 0xe8, 0xc4, 0xe8, 0xc4, 0xe8, 0xc4, 0xe8, 0xc4, 0xe8, 0xc4, 0xe8, 0xc4, 0xe8, 0xc4, 0xe8, 0xc4, 0xe8, 0xc4, 0xe8, 0xc4, 0xe8, 0xc4,
  0xe8, 0xc4, 0xe8, 0xc4, 0xe8, 0xc4, 0xe8, 0xc4, 0xe8, 0xc4, 0xe8, 0xc4, 0xe8, 0xc4, 0xe8, 0xc4, 0xe8, 0xc4, 0xe8, 0xc4, 0xe8, 0xc4, 0xe8, 0xc4, 0xe8, 0xc4, 0xe8, 0xc4, 0xe8, 0xc4, 0xe8, 0xc4,
  0xe8, 0xc4, 0xe8, 0xc4, 0xe8, 0xc4, 0xe8, 0xc4, 0xe8, 0xc4, 0xe8, 0xc4, 0xe8, 0xc4, 0xe8, 0xc4, 0xe8, 0xc4, 0xe8, 0xc4, 0xe8, 0xc4, 0xe8, 0xc4, 0xe8, 0xc4, 0xe8, 0xc4, 0xe8, 0xc4, 0xe8, 0xc4,
  0xe8, 0xc4, 0xe8, 0xc4, 0xe8, 0xc4, 0xe8, 0xc4, 0xe8, 0xc4, 0xe8, 0xc4, 0xe8, 0xc4, 0xe8, 0xc4, 0xe8, 0xc4, 0xe8, 0xc4, 0xe8, 0xc4, 0xe8, 0xc4, 0xe8, 0xc4, 0xe8, 0xc4, 0xe8, 0xc4, 0xe8, 0xc4,
  0xe8, 0xc4, 0xe8, 0xc4, 0xe8, 0xc4, 0xe8, 0xc4, 0xe8, 0xc4, 0xe8, 0xc4, 0xe8, 0xc4, 0xe8, 0xc4, 0xe8, 0x62, 0xf3, 0xaf, 0x00, 0x00, 0x00, 0x00, 0x00, 0x00, 0x00, 0x00, 0x00, 0x00, 0x00, 0x00,
  0x00, 0x00, 0x00, 0x00, 0x00, 0x00, 0x00, 0x00, 0x00, 0x00, 0x00, 0x00, 0x00, 0x00, 0x00, 0x00, 0x00, 0x00, 0x00, 0x00, 0x00, 0x00, 0x00, 0x00, 0x00, 0x00, 0x00, 0x00, 0x00, 0x00, 0x00, 0x00,
  0xf4, 0x31, 0xe8, 0x62, 0xe8, 0xc4, 0xe8, 0xc4, 0xe8, 0xc4, 0xe8, 0xc4, 0xe8, 0xc4, 0xe8, 0xc4, 0xe8, 0xc4, 0xe8, 0xc4, 0xe8, 0xc4, 0xe8, 0xc4, 0xe8, 0xc4, 0xe8, 0xc4, 0xe8, 0xc4, 0xe8, 0xc4,
  0xe8, 0xc4, 0xe8, 0xc4, 0xe8, 0xc4, 0xe8, 0xc4, 0xe8, 0xc4, 0xe8, 0xc4, 0xe8, 0xc4, 0xe8, 0xc4, 0xe8, 0xc4, 0xe8, 0xc4, 0xe8, 0xc4, 0xe8, 0xc4, 0xe8, 0xc4, 0xe8, 0xc4, 0xe8, 0xc4, 0xe8, 0xc4,
  0xe8, 0xc4, 0xe8, 0xc4, 0xe8, 0xc4, 0xe8, 0xc4, 0xe8, 0xc4, 0xe8, 0xc4, 0xe8, 0xc4, 0xe8, 0xc4, 0xe8, 0xc4, 0xe8, 0xc4, 0xe8, 0xc4, 0xe8, 0xc4, 0xe8, 0xc4, 0xe8, 0xc4, 0xe8, 0xc4, 0xe8, 0xc4,
  0xe8, 0xc4, 0xe8, 0xc4, 0xe8, 0xc4, 0xe8, 0x62, 0xf4, 0x11, 0x00, 0x00, 0x00, 0x00, 0x00, 0x00, 0x39, 0x86, 0xe9, 0x45, 0xe8, 0xa3, 0xe8, 0xc4, 0xe8, 0xc4, 0xe8, 0xc4, 0xe8, 0xc4, 0xe8, 0xc4,
  0xe8, 0xc4, 0xe8, 0xc4, 0xe8, 0xc4, 0xe8, 0xc4, 0xe8, 0xc4, 0xe8, 0xc4, 0xe8, 0xc4, 0xe8, 0xc4, 0xe8, 0xc4, 0xe8, 0xc4, 0xe8, 0xc4, 0xe8, 0xc4, 0xe8, 0xc4, 0xe8, 0xc4, 0xe8, 0xc4, 0xe8, 0xc4,
  0xe8, 0xc4, 0xe8, 0xc4, 0xe8, 0xc4, 0xe8, 0xc4, 0xe8, 0xc4, 0xe8, 0xc4, 0xe8, 0xc4, 0xe8, 0xc4, 0xe8, 0xc4, 0xe8, 0xc4, 0xe8, 0xc4, 0xe8, 0xc4, 0xe8, 0xc4, 0xe8, 0xc4, 0xe8, 0xc4, 0xe8, 0xc4,
  0xe8, 0xc4, 0xe8, 0xc4, 0xe8, 0xc4, 0xe8, 0xc4, 0xe8, 0xc4, 0xe8, 0xc4, 0xe8, 0xc4, 0xe8, 0xc4, 0xe8, 0xc4, 0xe8, 0xc4, 0xe8, 0xc4, 0xe8, 0xc4, 0xe8, 0xc4, 0xe8, 0xa3, 0xe9, 0x05, 0x5a, 0x49,
  0x00, 0x00, 0x00, 0x00, 0x00, 0x00, 0x00, 0x00, 0x00, 0x00, 0x00, 0x00, 0x00, 0x00, 0x00, 0x00, 0x00, 0x00, 0x00, 0x00, 0x00, 0x00, 0x00, 0x00, 0x00, 0x00, 0x00, 0x00, 0x00, 0x00, 0x00, 0x00,
  0x00, 0x00, 0x00, 0x00, 0x00, 0x00, 0x00, 0x00, 0x00, 0x00, 0x00, 0x00, 0x00, 0x00, 0x00, 0x00, 0x00, 0x00, 0x00, 0x00, 0x00, 0x00, 0x00, 0x00, 0x00, 0x00, 0x00, 0x00, 0x00, 0x00, 0x00, 0x00,
  0x00, 0x00, 0x00, 0x00, 0x00, 0x00, 0x00, 0x00, 0x00, 0x00, 0x00, 0x00, 0x00, 0x00, 0x00, 0x00, 0x00, 0x00, 0x00, 0x00, 0x00, 0x00, 0x00, 0x00, 0x00, 0x00, 0x5a, 0x49, 0xe9, 0x05, 0xe8, 0xc4,
  0xe8, 0xe4, 0xe8, 0xe4, 0xe8, 0xe4, 0xe8, 0xe4, 0xe8, 0xe4, 0xe8, 0xe4, 0xe8, 0xe4, 0xe8, 0xe4, 0xe8, 0xe4, 0xe8, 0xe4, 0xe8, 0xc4, 0x83, 0x2c, 0x00, 0x00, 0x00, 0x00, 0x00, 0x00, 0x00, 0x00,
  0x00, 0x00, 0x00, 0x00, 0x00, 0x00, 0x00, 0x00, 0x00, 0x00, 0x00, 0x00, 0x00, 0x00, 0x00, 0x00, 0x00, 0x00, 0x00, 0x00, 0x00, 0x00, 0x00, 0x00, 0x00, 0x00, 0x00, 0x00, 0x00, 0x00, 0x00, 0x00,
  0x00, 0x00, 0x00, 0x00, 0x00, 0x00, 0x00, 0x00, 0x00, 0x00, 0xf2, 0xab, 0xe8, 0x83, 0xe8, 0xe4, 0xe8, 0xe4, 0xe8, 0xe4, 0xe8, 0xe4, 0xe8, 0xe4, 0xe8, 0xe4, 0xe8, 0xe4, 0xe8, 0xe4, 0xe8, 0xe4,
  0xe8, 0xe4, 0xe8, 0xe4, 0xe8, 0xe4, 0xe8, 0xe4, 0xe8, 0xe4, 0xe8, 0xe4, 0xe8, 0xe4, 0xe8, 0xe4, 0xe8, 0xe4, 0xe8, 0xe4, 0xe8, 0xe4, 0xe8, 0xe4, 0xe8, 0xe4, 0xe8, 0xe4, 0xe8, 0xe4, 0xe8, 0xe4,
  0xe8, 0xe4, 0xe8, 0xe4, 0xe8, 0xe4, 0xe8, 0xe4, 0xe8, 0xe4, 0xe8, 0xe4, 0xe8, 0xe4, 0xe8, 0xe4, 0xe8, 0xe4, 0xe8, 0xe4, 0xe8, 0xe4, 0xe8, 0xe4, 0xe8, 0xe4, 0xe8, 0xe4, 0xe8, 0xe4, 0xe8, 0xe4,
  0xe8, 0xe4, 0xe8, 0xe4, 0xe8, 0xe4, 0xe8, 0xe4, 0xe8, 0xe4, 0xe8, 0xe4, 0xe8, 0xe4, 0xe8, 0xe4, 0xe8, 0xe4, 0xe8, 0xe4, 0xe8, 0xe4, 0xe8, 0xe4, 0xe8, 0xe4, 0xe8, 0xe4, 0xe8, 0xe4, 0xe8, 0xe4,
  0xe8, 0xe4, 0xe8, 0xe4, 0xe8, 0xe4, 0xe8, 0xe4, 0xe8, 0xe4, 0xe8, 0xe4, 0xe8, 0xe4, 0xe8, 0xe4, 0xe8, 0xe4, 0xe8, 0xe4, 0xe8, 0xe4, 0xe8, 0xe4, 0xe8, 0xe4, 0xe8, 0xe4, 0xe8, 0xe4, 0xe8, 0xe4,
  0xe8, 0xe4, 0xe8, 0xe4, 0xe8, 0xe4, 0xe8, 0xe4, 0xe8, 0xe4, 0xe8, 0xe4, 0xe8, 0xe4, 0xe8, 0xe4, 0xe8, 0xe4, 0xe8, 0xe4, 0xe8, 0xe4, 0xe8, 0xe4, 0xe8, 0xe4, 0xe8, 0xe4, 0xe8, 0xe4, 0xe8, 0xe4,
  0xe8, 0xe4, 0xe8, 0xe4, 0xe8, 0xe4, 0xe8, 0xe4, 0xe8, 0xe4, 0xe8, 0xe4, 0xe8, 0xe4, 0xe8, 0xe4, 0xe8, 0xe4, 0xe8, 0xe4, 0xe8, 0xe4, 0xe8, 0xe4, 0xe8, 0xe4, 0xe8, 0xe4, 0xe8, 0xe4, 0xe8, 0xe4,
  0xe8, 0xe4, 0xe8, 0xe4, 0xe8, 0xe4, 0xe8, 0xe4, 0xe8, 0xe4, 0xe8, 0xe4, 0xe8, 0xe4, 0xe8, 0xe4, 0xe8, 0xe4, 0xe8, 0xe4, 0xe8, 0xe4, 0xe8, 0xe4, 0xe8, 0x83, 0xf3, 0xcf, 0x00, 0x00, 0x00, 0x00,
  0x00, 0x00, 0x00, 0x00, 0x00, 0x00, 0x00, 0x00, 0x00, 0x00, 0x00, 0x00, 0x00, 0x00, 0x00, 0x00, 0x00, 0x00, 0x00, 0x00, 0x00, 0x00, 0x00, 0x00, 0x00, 0x00, 0x00, 0x00, 0x00, 0x00, 0x00, 0x00,
  0x00, 0x00, 0x00, 0x00, 0x00, 0x00, 0x00, 0x00, 0xf4, 0x51, 0xe8, 0x83, 0xe8, 0xe4, 0xe8, 0xe4, 0xe8, 0xe4, 0xe8, 0xe4, 0xe8, 0xe4, 0xe8, 0xe4, 0xe8, 0xe4, 0xe8, 0xe4, 0xe8, 0xe4, 0xe8, 0xe4,
  0xe8, 0xe4, 0xe8, 0xe4, 0xe8, 0xe4, 0xe8, 0xe4, 0xe8, 0xe4, 0xe8, 0xe4, 0xe8, 0xe4, 0xe8, 0xe4, 0xe8, 0xe4, 0xe8, 0xe4, 0xe8, 0xe4, 0xe8, 0xe4, 0xe8, 0xe4, 0xe8, 0xe4, 0xe8, 0xe4, 0xe8, 0xe4,
  0xe8, 0xe4, 0xe8, 0xe4, 0xe8, 0xe4, 0xe8, 0xe4, 0xe8, 0xe4, 0xe8, 0xe4, 0xe8, 0xe4, 0xe8, 0xe4, 0xe8, 0xe4, 0xe8, 0xe4, 0xe8, 0xe4, 0xe8, 0xe4, 0xe8, 0xe4, 0xe8, 0xe4, 0xe8, 0xe4, 0xe8, 0xe4,
  0xe8, 0xe4, 0xe8, 0xe4, 0xe8, 0xe4, 0xe8, 0xe4, 0xe8, 0xe4, 0xe8, 0xe4, 0xe8, 0xc4, 0xe9, 0x87, 0x10, 0xa2, 0x00, 0x00, 0x00, 0x00, 0x00, 0x00, 0xf3, 0xaf, 0xe8, 0x83, 0xe8, 0xe4, 0xe8, 0xe4,
  0xe8, 0xe4, 0xe8, 0xe4, 0xe8, 0xe4, 0xe8, 0xe4, 0xe8, 0xe4, 0xe8, 0xe4, 0xe8, 0xe4, 0xe8, 0xe4, 0xe8, 0xe4, 0xe8, 0xe4, 0xe8, 0xe4, 0xe8, 0xe4, 0xe8, 0xe4, 0xe8, 0xe4, 0xe8, 0xe4, 0xe8, 0xe4,
  0xe8, 0xe4, 0xe8, 0xe4, 0xe8, 0xe4, 0xe8, 0xe4, 0xe8, 0xe4, 0xe8, 0xe4, 0xe8, 0xe4, 0xe8, 0xe4, 0xe8, 0xe4, 0xe8, 0xe4, 0xe8, 0xe4, 0xe8, 0xe4, 0xe8, 0xe4, 0xe8, 0xe4, 0xe8, 0xe4, 0xe8, 0xe4,
  0xe8, 0xe4, 0xe8, 0xe4, 0xe8, 0xe4, 0xe8, 0xe4, 0xe8, 0xe4, 0xe8, 0xe4, 0xe8, 0xe4, 0xe8, 0xe4, 0xe8, 0xe4, 0xe8, 0xe4, 0xe8, 0xe4, 0xe8, 0xe4, 0xe8, 0xe4, 0xe8, 0xe4, 0xe8, 0xe4, 0xe8, 0xe4,
  0xe9, 0x05, 0xe8, 0x83, 0xf3, 0x8f, 0x00, 0x00, 0x00, 0x00, 0x00, 0x00, 0x00, 0x00, 0x00, 0x00, 0x00, 0x00, 0x00, 0x00, 0x00, 0x00, 0x00, 0x00, 0x00, 0x00, 0x00, 0x00, 0x00, 0x00, 0x00, 0x00,
  0x00, 0x00, 0x00, 0x00, 0x00, 0x00, 0x00, 0x00, 0x00, 0x00, 0x00, 0x00, 0x00, 0x00, 0x00, 0x00, 0x00, 0x00, 0x00, 0x00, 0x00, 0x00, 0x00, 0x00, 0x00, 0x00, 0x00, 0x00, 0x00, 0x00, 0x00, 0x00,
  0x00, 0x00, 0x00, 0x00, 0x00, 0x00, 0x00, 0x00, 0x00, 0x00, 0x00, 0x00, 0x00, 0x00, 0x00, 0x00, 0x00, 0x00, 0x00, 0x00, 0x00, 0x00, 0x00, 0x00, 0x00, 0x00, 0x00, 0x00, 0x00, 0x00, 0x00, 0x00,
  0x00, 0x00, 0x93, 0x4d, 0xe8, 0xa4, 0xe8, 0xe4, 0xe8, 0xe4, 0xe8, 0xe4, 0xe8, 0xe4, 0xe8, 0xe4, 0xe8, 0xe4, 0xe8, 0xe4, 0xe8, 0xe4, 0xe8, 0xe4, 0xe8, 0xe4, 0xe8, 0xc4, 0xe9, 0x25, 0x39, 0x86,
  0x00, 0x00, 0x00, 0x00, 0x00, 0x00, 0x00, 0x00, 0x00, 0x00, 0x00, 0x00, 0x00, 0x00, 0x00, 0x00, 0x00, 0x00, 0x00, 0x00, 0x00, 0x00, 0x00, 0x00, 0x00, 0x00, 0x00, 0x00, 0x00, 0x00, 0x00, 0x00,
  0x00, 0x00, 0x00, 0x00, 0x00, 0x00, 0x00, 0x00, 0x00, 0x00, 0x00, 0x00, 0x00, 0x00, 0x00, 0x00, 0x00, 0x00, 0xf2, 0xab, 0xe8, 0x83, 0xe8, 0xe4, 0xe8, 0xe4, 0xe8, 0xe4, 0xe8, 0xe4, 0xe8, 0xe4,
  0xe8, 0xe4, 0xe8, 0xe4, 0xe8, 0xe4, 0xe8, 0xe4, 0xe8, 0xe4, 0xe8, 0xe4, 0xe8, 0xe4, 0xe8, 0xe4, 0xe8, 0xe4, 0xe8, 0xe4, 0xe8, 0xe4, 0xe8, 0xe4, 0xe8, 0xe4, 0xe8, 0xe4, 0xe8, 0xe4, 0xe8, 0xe4,
  0xe8, 0xe4, 0xe8, 0xe4, 0xe8, 0xe4, 0xe8, 0xe4, 0xe8, 0xe4, 0xe8, 0xe4, 0xe8, 0xe4, 0xe8, 0xe4, 0xe8, 0xe4, 0xe8, 0xe4, 0xe8, 0xe4, 0xe8, 0xe4, 0xe8, 0xe4, 0xe8, 0xe4, 0xe8, 0xe4, 0xe8, 0xe4,
  0xe8, 0xe4, 0xe8, 0xe4, 0xe8, 0xe4, 0xe8, 0xe4, 0xe8, 0xe4, 0xe8, 0xe4, 0xe8, 0xe4, 0xe8, 0xe4, 0xe8, 0xe4, 0xe8, 0xe4, 0xe8, 0xe4, 0xe8, 0xe4, 0xe8, 0xe4, 0xe8, 0xe4, 0xe8, 0xe4, 0xe8, 0xe4,
  0xe8, 0xe4, 0xe8, 0xe4, 0xe8, 0xe4, 0xe8, 0xe4, 0xe8, 0xe4, 0xe8, 0xe4, 0xe8, 0xe4, 0xe8, 0xe4, 0xe8, 0xe4, 0xe8, 0xe4, 0xe8, 0xe4, 0xe8, 0xe4, 0xe8, 0xe4, 0xe8, 0xe4, 0xe8, 0xe4, 0xe8, 0xe4,
  0xe8, 0xe4, 0xe8, 0xe4, 0xe8, 0xe4, 0xe8, 0xe4, 0xe8, 0xe4, 0xe8, 0xe4, 0xe8, 0xe4, 0xe8, 0xe4, 0xe8, 0xe4, 0xe8, 0xe4, 0xe8, 0xe4, 0xe8, 0xe4, 0xe8, 0xe4, 0xe8, 0xe4, 0xe8, 0xe4, 0xe8, 0xe4,
  0xe8, 0xe4, 0xe8, 0xe4, 0xe8, 0xe4, 0xe8, 0xe4, 0xe8, 0xe4, 0xe8, 0xe4, 0xe8, 0xe4, 0xe8, 0xe4, 0xe8, 0xe4, 0xe8, 0xe4, 0xe8, 0xe4, 0xe8, 0xe4, 0xe8, 0xe4, 0xe8, 0xe4, 0xe8, 0xe4, 0xe8, 0xe4,
  0xe8, 0xe4, 0xe8, 0xe4, 0xe8, 0xe4, 0xe8, 0xe4, 0xe8, 0xe4, 0xe8, 0xe4, 0xe8, 0xe4, 0xe8, 0xe4, 0xe8, 0xe4, 0xe8, 0xe4, 0xe8, 0xe4, 0xe8, 0xe4, 0xe8, 0xe4, 0xe8, 0xe4, 0xe8, 0xe4, 0xe8, 0xe4,
  0xe8, 0x83, 0xf3, 0xcf, 0x00, 0x00, 0x00, 0x00, 0x00, 0x00, 0x00, 0x00, 0x00, 0x00, 0x00, 0x00, 0x00, 0x00, 0x00, 0x00, 0x00, 0x00, 0x00, 0x00, 0x00, 0x00, 0x00, 0x00, 0x00, 0x00, 0x00, 0x00,
  0x00, 0x00, 0x00, 0x00, 0x00, 0x00, 0x00, 0x00, 0x00, 0x00, 0x00, 0x00, 0x00, 0x00, 0x00, 0x00, 0xf4, 0x31, 0xe8, 0x83, 0xe8, 0xe4, 0xe8, 0xe4, 0xe8, 0xe4, 0xe8, 0xe4, 0xe8, 0xe4, 0xe8, 0xe4,
  0xe8, 0xe4, 0xe8, 0xe4, 0xe8, 0xe4, 0xe8, 0xe4, 0xe8, 0xe4, 0xe8, 0xe4, 0xe8, 0xe4, 0xe8, 0xe4, 0xe8, 0xe4, 0xe8, 0xe4, 0xe8, 0xe4, 0xe8, 0xe4, 0xe8, 0xe4, 0xe8, 0xe4, 0xe8, 0xe4, 0xe8, 0xe4,
  0xe8, 0xe4, 0xe8, 0xe4, 0xe8, 0xe4, 0xe8, 0xe4, 0xe8, 0xe4, 0xe8, 0xe4, 0xe8, 0xe4, 0xe8, 0xe4, 0xe8, 0xe4, 0xe8, 0xe4, 0xe8, 0xe4, 0xe8, 0xe4, 0xe8, 0xe4, 0xe8, 0xe4, 0xe8, 0xe4, 0xe8, 0xe4,
  0xe8, 0xe4, 0xe8, 0xe4, 0xe8, 0xe4, 0xe8, 0xe4, 0xe8, 0xe4, 0xe8, 0xe4, 0xe8, 0xe4, 0xe8, 0xe4, 0xe8, 0xe4, 0xe8, 0xe4, 0xe8, 0x83, 0xf4, 0x31, 0x00, 0x00, 0x00, 0x00, 0x00, 0x00, 0x49, 0xe7,
  0xe9, 0x25, 0xe8, 0xc4, 0xe8, 0xe4, 0xe8, 0xe4, 0xe8, 0xe4, 0xe8, 0xe4, 0xe8, 0xe4, 0xe8, 0xe4, 0xe8, 0xe4, 0xe8, 0xe4, 0xe8, 0xe4, 0xe8, 0xe4, 0xe8, 0xe4, 0xe8, 0xe4, 0xe8, 0xe4, 0xe8, 0xe4,
  0xe8, 0xe4, 0xe8, 0xe4, 0xe8, 0xe4, 0xe8, 0xe4, 0xe8, 0xe4, 0xe8, 0xe4, 0xe8, 0xe4, 0xe8, 0xe4, 0xe8, 0xe4, 0xe8, 0xe4, 0xe8, 0xe4, 0xe8, 0xe4, 0xe8, 0xe4, 0xe8, 0xe4, 0xe8, 0xe4, 0xe8, 0xe4,
  0xe8, 0xe4, 0xe8, 0xe4, 0xe8, 0xe4, 0xe8, 0xe4, 0xe8, 0xe4, 0xe8, 0xe4, 0xe8, 0xe4, 0xe8, 0xe4, 0xe8, 0xe4, 0xe8, 0xe4, 0xe8, 0xe4, 0xe8, 0xe4, 0xe8, 0xe4, 0xe8, 0xe4, 0xe8, 0xe4, 0xe8, 0xe4,
  0xe8, 0xe4, 0xe8, 0xe4, 0xe8, 0xe4, 0xe8, 0xe4, 0xe8, 0xc4, 0xe9, 0x46, 0x39, 0xa6, 0x00, 0x00, 0x00, 0x00, 0x00, 0x00, 0x00, 0x00, 0x00, 0x00, 0x00, 0x00, 0x00, 0x00, 0x00, 0x00, 0x00, 0x00,
  0x00, 0x00, 0x00, 0x00, 0x00, 0x00, 0x00, 0x00, 0x00, 0x00, 0x00, 0x00, 0x00, 0x00, 0x00, 0x00, 0x00, 0x00, 0x00, 0x00, 0x00, 0x00, 0x00, 0x00, 0x00, 0x00, 0x00, 0x00, 0x00, 0x00, 0x00, 0x00,
  0x00, 0x00, 0x00, 0x00, 0x00, 0x00, 0x00, 0x00, 0x00, 0x00, 0x00, 0x00, 0x00, 0x00, 0x00, 0x00, 0x00, 0x00, 0x00, 0x00, 0x00, 0x00, 0x00, 0x00, 0x00, 0x00, 0x00, 0x00, 0x00, 0x00, 0x00, 0x00,
  0x00, 0x00, 0x00, 0x00, 0x00, 0x00, 0x00, 0x00, 0x00, 0x00, 0xc4, 0x10, 0xe8, 0x83, 0xe8, 0xe4, 0xe8, 0xe4, 0xe8, 0xe4, 0xe8, 0xe4, 0xe8, 0xe4, 0xe8, 0xe4, 0xe8, 0xe4, 0xe8, 0xe4, 0xe8, 0xe4,
  0xe8, 0xe4, 0xe8, 0xa4, 0xe9, 0xa7, 0x00, 0x20, 0x00, 0x00, 0x00, 0x00, 0x00, 0x00, 0x00, 0x00, 0x00, 0x00, 0x00, 0x00, 0x00, 0x00, 0x00, 0x00, 0x00, 0x00, 0x00, 0x00, 0x00, 0x00, 0x00, 0x00,
  0x00, 0x00, 0x00, 0x00, 0x00, 0x00, 0x00, 0x00, 0x00, 0x00, 0x00, 0x00, 0x00, 0x00, 0x00, 0x00, 0x00, 0x00, 0x00, 0x00, 0x00, 0x00, 0x00, 0x00, 0x00, 0x00, 0xf2, 0xab, 0xe8, 0x83, 0xe8, 0xe4,
  0xe8, 0xe4, 0xe8, 0xe4, 0xe8, 0xe4, 0xe8, 0xe4, 0xe8, 0xe4, 0xe8, 0xe4, 0xe8, 0xe4, 0xe8, 0xe4, 0xe8, 0xe4, 0xe8, 0xe4, 0xe8, 0xe4, 0xe8, 0xe4, 0xe8, 0xe4, 0xe8, 0xe4, 0xe8, 0xe4, 0xe8, 0xe4,
  0xe8, 0xe4, 0xe8, 0xe4, 0xe8, 0xe4, 0xe8, 0xe4, 0xe8, 0xe4, 0xe8, 0xe4, 0xe8, 0xe4, 0xe8, 0xe4, 0xe8, 0xe4, 0xe8, 0xe4, 0xe8, 0xe4, 0xe8, 0xe4, 0xe8, 0xe4, 0xe8, 0xe4, 0xe8, 0xe4, 0xe8, 0xe4,
  0xe8, 0xe4, 0xe8, 0xe4, 0xe8, 0xe4, 0xe8, 0xe4, 0xe8, 0xe4, 0xe8, 0xe4, 0xe8, 0xe4, 0xe8, 0xe4, 0xe8, 0xe4, 0xe8, 0xe4, 0xe8, 0xe4, 0xe8, 0xe4, 0xe8, 0xe4, 0xe8, 0xe4, 0xe8, 0xe4, 0xe8, 0xe4,
  0xe8, 0xe4, 0xe8, 0xe4, 0xe8, 0xe4, 0xe8, 0xe4, 0xe8, 0xe4, 0xe8, 0xe4, 0xe8, 0xe4, 0xe8, 0xe4, 0xe8, 0xe4, 0xe8, 0xe4, 0xe8, 0xe4, 0xe8, 0xe4, 0xe8, 0xe4, 0xe8, 0xe4, 0xe8, 0xe4, 0xe8, 0xe4,
  0xe8, 0xe4, 0xe8, 0xe4, 0xe8, 0xe4, 0xe8, 0xe4, 0xe8, 0xe4, 0xe8, 0xe4, 0xe8, 0xe4, 0xe8, 0xe4, 0xe8, 0xe4, 0xe8, 0xe4, 0xe8, 0xe4, 0xe8, 0xe4, 0xe8, 0xe4, 0xe8, 0xe4, 0xe8, 0xe4, 0xe8, 0xe4,
  0xe8, 0xe4, 0xe8, 0xe4, 0xe8, 0xe4, 0xe8, 0xe4, 0xe8, 0xe4, 0xe8, 0xe4, 0xe8, 0xe4, 0xe8, 0xe4, 0xe8, 0xe4, 0xe8, 0xe4, 0xe8, 0xe4, 0xe8, 0xe4, 0xe8, 0xe4, 0xe8, 0xe4, 0xe8, 0xe4, 0xe8, 0xe4,
  0xe8, 0xe4, 0xe8, 0xe4, 0xe8, 0xe4, 0xe8, 0xe4, 0xe8, 0xe4, 0xe8, 0xe4, 0xe8, 0xe4, 0xe8, 0xe4, 0xe8, 0xe4, 0xe8, 0xe4, 0xe8, 0xe4, 0xe8, 0xe4, 0xe8, 0xe4, 0xe8, 0xe4, 0xe8, 0xe4, 0xe8, 0xe4,
  0xe8, 0xe4, 0xe8, 0xe4, 0xe8, 0xe4, 0xe8, 0xe4, 0xe8, 0x83, 0xf3, 0xcf, 0x00, 0x00, 0x00, 0x00, 0x00, 0x00, 0x00, 0x00, 0x00, 0x00, 0x00, 0x00, 0x00, 0x00, 0x00, 0x00, 0x00, 0x00, 0x00, 0x00,
  0x00, 0x00, 0x00, 0x00, 0x00, 0x00, 0x00, 0x00, 0x00, 0x00, 0x00, 0x00, 0x00, 0x00, 0x00, 0x00, 0x00, 0x00, 0x00, 0x00, 0x00, 0x00, 0x00, 0x00, 0xf4, 0x31, 0xe8, 0x83, 0xe8, 0xe4, 0xe8, 0xe4,
  0xe8, 0xe4, 0xe8, 0xe4, 0xe8, 0xe4, 0xe8, 0xe4, 0xe8, 0xe4, 0xe8, 0xe4, 0xe8, 0xe4, 0xe8, 0xe4, 0xe8, 0xe4, 0xe8, 0xe4, 0xe8, 0xe4, 0xe8, 0xe4, 0xe8, 0xe4, 0xe8, 0xe4, 0xe8, 0xe4, 0xe8, 0xe4,
  0xe8, 0xe4, 0xe8, 0xe4, 0xe8, 0xe4, 0xe8, 0xe4, 0xe8, 0xe4, 0xe8, 0xe4, 0xe8, 0xe4, 0xe8, 0xe4, 0xe8, 0xe4, 0xe8, 0xe4, 0xe8, 0xe4, 0xe8, 0xe4, 0xe8, 0xe4, 0xe8, 0xe4, 0xe8, 0xe4, 0xe8, 0xe4,
  0xe8, 0xe4, 0xe8, 0xe4, 0xe8, 0xe4, 0xe8, 0xe4, 0xe8, 0xe4, 0xe8, 0xe4, 0xe8, 0xe4, 0xe8, 0xe4, 0xe8, 0xe4, 0xe8, 0xe4, 0xe8, 0xe4, 0xe8, 0xe4, 0xe8, 0xe4, 0xe8, 0xc3, 0xe9, 0x87, 0x18, 0xc3,
  0x00, 0x00, 0x00, 0x00, 0x00, 0x00, 0xf3, 0x8e, 0xe8, 0x83, 0xe8, 0xe4, 0xe8, 0xe4, 0xe8, 0xe4, 0xe8, 0xe4, 0xe8, 0xe4, 0xe8, 0xe4, 0xe8, 0xe4, 0xe8, 0xe4, 0xe8, 0xe4, 0xe8, 0xe4, 0xe8, 0xe4,
  0xe8, 0xe4, 0xe8, 0xe4, 0xe8, 0xe4, 0xe8, 0xe4, 0xe8, 0xe4, 0xe8, 0xe4, 0xe8, 0xe4, 0xe8, 0xe4, 0xe8, 0xe4, 0xe8, 0xe4, 0xe8, 0xe4, 0xe8, 0xe4, 0xe8, 0xe4, 0xe8, 0xe4, 0xe8, 0xe4, 0xe8, 0xe4,
  0xe8, 0xe4, 0xe8, 0xe4, 0xe8, 0xe4, 0xe8, 0xe4, 0xe8, 0xe4, 0xe8, 0xe4, 0xe8, 0xe4, 0xe8, 0xe4, 0xe8, 0xe4, 0xe8, 0xe4, 0xe8, 0xe4, 0xe8, 0xe4, 0xe8, 0xe4, 0xe8, 0xe4, 0xe8, 0xe4, 0xe8, 0xe4,
  0xe8, 0xe4, 0xe8, 0xe4, 0xe8, 0xe4, 0xe8, 0xe4, 0xe8, 0xe4, 0xe8, 0xe4, 0xe8, 0xe4, 0xe8, 0xe4, 0xe8, 0x83, 0xf3, 0xd0, 0x00, 0x00, 0x00, 0x00, 0x00, 0x00, 0x00, 0x00, 0x00, 0x00, 0x00, 0x00,
  0x00, 0x00, 0x00, 0x00, 0x00, 0x00, 0x00, 0x00, 0x00, 0x00, 0x00, 0x00, 0x00, 0x00, 0x00, 0x00, 0x00, 0x00, 0x00, 0x00, 0x00, 0x00, 0x00, 0x00, 0x00, 0x00, 0x00, 0x00, 0x00, 0x00, 0x00, 0x00,
  0x00, 0x00, 0x00, 0x00, 0x00, 0x00, 0x00, 0x00, 0x00, 0x00, 0x00, 0x00, 0x00, 0x00, 0x00, 0x00, 0x00, 0x00, 0x00, 0x00, 0x00, 0x00, 0x00, 0x00, 0x00, 0x00, 0x00, 0x00, 0x00, 0x00, 0x00, 0x00,
  0x00, 0x00, 0x00, 0x00, 0x00, 0x00, 0x00, 0x00, 0x00, 0x00, 0x00, 0x00, 0x00, 0x00, 0x00, 0x00, 0x00, 0x00, 0xec, 0x72, 0xe8, 0x83, 0xe8, 0xe4, 0xe8, 0xe4, 0xe8, 0xe4, 0xe8, 0xe4, 0xe8, 0xe4,
  0xe8, 0xe4, 0xe8, 0xe4, 0xe8, 0xe4, 0xe8, 0xe4, 0xe8, 0xe4, 0xe8, 0xa3, 0xea, 0x09, 0x00, 0x00, 0x00, 0x00, 0x00, 0x00, 0x00, 0x00, 0x00, 0x00, 0x00, 0x00, 0x00, 0x00, 0x00, 0x00, 0x00, 0x00,
  0x00, 0x00, 0x00, 0x00, 0x00, 0x00, 0x00, 0x00, 0x00, 0x00, 0x00, 0x00, 0x00, 0x00, 0x00, 0x00, 0x00, 0x00, 0x00, 0x00, 0x00, 0x00, 0x00, 0x00, 0x00, 0x00, 0x00, 0x00, 0x00, 0x00, 0x00, 0x00,
  0x00, 0x00, 0xf2, 0xab, 0xe8, 0x83, 0xe8, 0xe4, 0xe8, 0xe4, 0xe8, 0xe4, 0xe8, 0xe4, 0xe8, 0xe4, 0xe8, 0xe4, 0xe8, 0xe4, 0xe8, 0xe4, 0xe8, 0xe4, 0xe8, 0xe4, 0xe8, 0xe4, 0xe8, 0xe4, 0xe8, 0xe4,
  0xe8, 0xe4, 0xe8, 0xe4, 0xe8, 0xe4, 0xe8, 0xe4, 0xe8, 0xe4, 0xe8, 0xe4, 0xe8, 0xe4, 0xe8, 0xe4, 0xe8, 0xe4, 0xe8, 0xe4, 0xe8, 0xe4, 0xe8, 0xe4, 0xe8, 0xe4, 0xe8, 0xe4, 0xe8, 0xe4, 0xe8, 0xe4,
  0xe8, 0xe4, 0xe8, 0xe4, 0xe8, 0xe4, 0xe8, 0xe4, 0xe8, 0xe4, 0xe8, 0xe4, 0xe8, 0xe4, 0xe8, 0xe4, 0xe8, 0xe4, 0xe8, 0xe4, 0xe8, 0xe4, 0xe8, 0xe4, 0xe8, 0xe4, 0xe8, 0xe4, 0xe8, 0xe4, 0xe8, 0xe4,
  0xe8, 0xe4, 0xe8, 0xe4, 0xe8, 0xe4, 0xe8, 0xe4, 0xe8, 0xe4, 0xe8, 0xe4, 0xe8, 0xe4, 0xe8, 0xe4, 0xe8, 0xe4, 0xe8, 0xe4, 0xe8, 0xe4, 0xe8, 0xe4, 0xe8, 0xe4, 0xe8, 0xe4, 0xe8, 0xe4, 0xe8, 0xe4,
  0xe8, 0xe4, 0xe8, 0xe4, 0xe8, 0xe4, 0xe8, 0xe4, 0xe8, 0xe4, 0xe8, 0xe4, 0xe8, 0xe4, 0xe8, 0xe4, 0xe8, 0xe4, 0xe8, 0xe4, 0xe8, 0xe4, 0xe8, 0xe4, 0xe8, 0xe4, 0xe8, 0xe4, 0xe8, 0xe4, 0xe8, 0xe4,
  0xe8, 0xe4, 0xe8, 0xe4, 0xe8, 0xe4, 0xe8, 0xe4, 0xe8, 0xe4, 0xe8, 0xe4, 0xe8, 0xe4, 0xe8, 0xe4, 0xe8, 0xe4, 0xe8, 0xe4, 0xe8, 0xe4, 0xe8, 0xe4, 0xe8, 0xe4, 0xe8, 0xe4, 0xe8, 0xe4, 0xe8, 0xe4,
  0xe8, 0xe4, 0xe8, 0xe4, 0xe8, 0xe4, 0xe8, 0xe4, 0xe8, 0xe4, 0xe8, 0xe4, 0xe8, 0xe4, 0xe8, 0xe4, 0xe8, 0xe4, 0xe8, 0xe4, 0xe8, 0xe4, 0xe8, 0xe4, 0xe8, 0xe4, 0xe8, 0xe4, 0xe8, 0xe4, 0xe8, 0xe4,
  0xe8, 0xe4, 0xe8, 0xe4, 0xe8, 0xe4, 0xe8, 0xe4, 0xe8, 0xe4, 0xe8, 0xe4, 0xe8, 0xe4, 0xe8, 0xe4, 0xe8, 0x83, 0xf3, 0xcf, 0x00, 0x00, 0x00, 0x00, 0x00, 0x00, 0x00, 0x00, 0x00, 0x00, 0x00, 0x00,
  0x00, 0x00, 0x00, 0x00, 0x00, 0x00, 0x00, 0x00, 0x00, 0x00, 0x00, 0x00, 0x00, 0x00, 0x00, 0x00, 0x00, 0x00, 0x00, 0x00, 0x00, 0x00, 0x00, 0x00, 0x00, 0x00, 0x00, 0x00, 0x00, 0x00, 0x00, 0x00,
  0xf4, 0x31, 0xe8, 0x83, 0xe8, 0xe4, 0xe8, 0xe4, 0xe8, 0xe4, 0xe8, 0xe4, 0xe8, 0xe4, 0xe8, 0xe4, 0xe8, 0xe4, 0xe8, 0xe4, 0xe8, 0xe4, 0xe8, 0xe4, 0xe8, 0xe4, 0xe8, 0xe4, 0xe8, 0xe4, 0xe8, 0xe4,
  0xe8, 0xe4, 0xe8, 0xe4, 0xe8, 0xe4, 0xe8, 0xe4, 0xe8, 0xe4, 0xe8, 0xe4, 0xe8, 0xe4, 0xe8, 0xe4, 0xe8, 0xe4, 0xe8, 0xe4, 0xe8, 0xe4, 0xe8, 0xe4, 0xe8, 0xe4, 0xe8, 0xe4, 0xe8, 0xe4, 0xe8, 0xe4,
  0xe8, 0xe4, 0xe8, 0xe4, 0xe8, 0xe4, 0xe8, 0xe4, 0xe8, 0xe4, 0xe8, 0xe4, 0xe8, 0xe4, 0xe8, 0xe4, 0xe8, 0xe4, 0xe8, 0xe4, 0xe8, 0xe4, 0xe8, 0xe4, 0xe8, 0xe4, 0xe8, 0xe4, 0xe8, 0xe4, 0xe8, 0xe4,
  0xe8, 0xe4, 0xe8, 0x83, 0xf4, 0x31, 0x00, 0x00, 0x00, 0x00, 0x00, 0x00, 0x52, 0x28, 0xe9, 0x25, 0xe8, 0xc4, 0xe8, 0xe4, 0xe8, 0xe4, 0xe8, 0xe4, 0xe8, 0xe4, 0xe8, 0xe4, 0xe8, 0xe4, 0xe8, 0xe4,
  0xe8, 0xe4, 0xe8, 0xe4, 0xe8, 0xe4, 0xe8, 0xe4, 0xe8, 0xe4, 0xe8, 0xe4, 0xe8, 0xe4, 0xe8, 0xe4, 0xe8, 0xe4, 0xe8, 0xe4, 0xe8, 0xe4, 0xe8, 0xe4, 0xe8, 0xe4, 0xe8, 0xe4, 0xe8, 0xe4, 0xe8, 0xe4,
  0xe8, 0xe4, 0xe8, 0xe4, 0xe8, 0xe4, 0xe8, 0xe4, 0xe8, 0xe4, 0xe8, 0xe4, 0xe8, 0xe4, 0xe8, 0xe4, 0xe8, 0xe4, 0xe8, 0xe4, 0xe8, 0xe4, 0xe8, 0xe4, 0xe8, 0xe4, 0xe8, 0xe4, 0xe8, 0xe4, 0xe8, 0xe4,
  0xe8, 0xe4, 0xe8, 0xe4, 0xe8, 0xe4, 0xe8, 0xe4, 0xe8, 0xe4, 0xe8, 0xe4, 0xe8, 0xe4, 0xe8, 0xe4, 0xe8, 0xe4, 0xe8, 0xe4, 0xe8, 0xe4, 0xe8, 0xc4, 0xe9, 0x66, 0x29, 0x24, 0x00, 0x00, 0x00, 0x00,
  0x00, 0x00, 0x00, 0x00, 0x00, 0x00, 0x00, 0x00, 0x00, 0x00, 0x00, 0x00, 0x00, 0x00, 0x00, 0x00, 0x00, 0x00, 0x00, 0x00, 0x00, 0x00, 0x00, 0x00, 0x00, 0x00, 0x00, 0x00, 0x00, 0x00, 0x00, 0x00,
  0x00, 0x00, 0x00, 0x00, 0x00, 0x00, 0x00, 0x00, 0x00, 0x00, 0x00, 0x00, 0x00, 0x00, 0x00, 0x00, 0x00, 0x00, 0x00, 0x00, 0x00, 0x00, 0x00, 0x00, 0x00, 0x00, 0x00, 0x00, 0x00, 0x00, 0x00, 0x00,
  0x00, 0x00, 0x00, 0x00, 0x00, 0x00, 0x00, 0x00, 0x00, 0x00, 0x00, 0x00, 0x00, 0x00, 0x00, 0x00, 0x00, 0x00, 0x00, 0x00, 0x00, 0x00, 0x00, 0x00, 0x00, 0x00, 0xf4, 0x72, 0xe8, 0x83, 0xe8, 0xe4,
  0xe8, 0xe4, 0xe8, 0xe4, 0xe8, 0xe4, 0xe8, 0xe4, 0xe8, 0xe4, 0xe8, 0xe4, 0xe8, 0xe4, 0xe8, 0xe4, 0xe8, 0xe4, 0xe8, 0xa3, 0xea, 0x4a, 0x00, 0x00, 0x00, 0x00, 0x00, 0x00, 0x00, 0x00, 0x00, 0x00,
  0x00, 0x00, 0x00, 0x00, 0x00, 0x00, 0x00, 0x00, 0x00, 0x00, 0x00, 0x00, 0x00, 0x00, 0x00, 0x00, 0x00, 0x00, 0x00, 0x00, 0x00, 0x00, 0x00, 0x00, 0x00, 0x00, 0x00, 0x00, 0x00, 0x00, 0x00, 0x00,
  0x00, 0x00, 0x00, 0x00, 0x00, 0x00, 0x00, 0x00, 0x00, 0x00, 0xf2, 0xab, 0xe8, 0x83, 0xe8, 0xe4, 0xe8, 0xe4, 0xe8, 0xe4, 0xe8, 0xe4, 0xe8, 0xe4, 0xe8, 0xe4, 0xe8, 0xe4, 0xe8, 0xe4, 0xe8, 0xe4,
  0xe8, 0xe4, 0xe8, 0xe4, 0xe8, 0xe4, 0xe8, 0xe4, 0xe8, 0xe4, 0xe8, 0xe4, 0xe8, 0xe4, 0xe8, 0xe4, 0xe8, 0xe4, 0xe8, 0xe4, 0xe8, 0xe4, 0xe8, 0xe4, 0xe8, 0xe4, 0xe8, 0xe4, 0xe8, 0xe4, 0xe8, 0xe4,
  0xe8, 0xe4, 0xe8, 0xe4, 0xe8, 0xe4, 0xe8, 0xe4, 0xe8, 0xe4, 0xe8, 0xe4, 0xe8, 0xe4, 0xe8, 0xe4, 0xe8, 0xe4, 0xe8, 0xe4, 0xe8, 0xe4, 0xe8, 0xe4, 0xe8, 0xe4, 0xe8, 0xe4, 0xe8, 0xe4, 0xe8, 0xe4,
  0xe8, 0xe4, 0xe8, 0xe4, 0xe8, 0xe4, 0xe8, 0xe4, 0xe8, 0xe4, 0xe8, 0xe4, 0xe8, 0xe4, 0xe8, 0xe4, 0xe8, 0xe4, 0xe8, 0xe4, 0xe8, 0xe4, 0xe8, 0xe4, 0xe8, 0xe4, 0xe8, 0xe4, 0xe8, 0xe4, 0xe8, 0xe4,
  0xe8, 0xe4, 0xe8, 0xe4, 0xe8, 0xe4, 0xe8, 0xe4, 0xe8, 0xe4, 0xe8, 0xe4, 0xe8, 0xe4, 0xe8, 0xe4, 0xe8, 0xe4, 0xe8, 0xe4, 0xe8, 0xe4, 0xe8, 0xe4, 0xe8, 0xe4, 0xe8, 0xe4, 0xe8, 0xe4, 0xe8, 0xe4,
  0xe8, 0xe4, 0xe8, 0xe4, 0xe8, 0xe4, 0xe8, 0xe4, 0xe8, 0xe4, 0xe8, 0xe4, 0xe8, 0xe4, 0xe8, 0xe4, 0xe8, 0xe4, 0xe8, 0xe4, 0xe8, 0xe4, 0xe8, 0xe4, 0xe8, 0xe4, 0xe8, 0xe4, 0xe8, 0xe4, 0xe8, 0xe4,
  0xe8, 0xe4, 0xe8, 0xe4, 0xe8, 0xe4, 0xe8, 0xe4, 0xe8, 0xe4, 0xe8, 0xe4, 0xe8, 0xe4, 0xe8, 0xe4, 0xe8, 0xe4, 0xe8, 0xe4, 0xe8, 0xe4, 0xe8, 0xe4, 0xe8, 0xe4, 0xe8, 0xe4, 0xe8, 0xe4, 0xe8, 0xe4,
  0xe8, 0xe4, 0xe8, 0xe4, 0xe8, 0xe4, 0xe8, 0xe4, 0xe8, 0xe4, 0xe8, 0xe4, 0xe8, 0xe4, 0xe8, 0xe4, 0xe8, 0xe4, 0xe8, 0xe4, 0xe8, 0xe4, 0xe8, 0xe4, 0xe8, 0x83, 0xf3, 0xcf, 0x00, 0x00, 0x00, 0x00,
  0x00, 0x00, 0x00, 0x00, 0x00, 0x00, 0x00, 0x00, 0x00, 0x00, 0x00, 0x00, 0x00, 0x00, 0x00, 0x00, 0x00, 0x00, 0x00, 0x00, 0x00, 0x00, 0x00, 0x00, 0x00, 0x00, 0x00, 0x00, 0x00, 0x00, 0x00, 0x00,
  0x00, 0x00, 0x00, 0x00, 0x00, 0x00, 0x00, 0x00, 0xf4, 0x31, 0xe8, 0x83, 0xe8, 0xe4, 0xe8, 0xe4, 0xe8, 0xe4, 0xe8, 0xe4, 0xe8, 0xe4, 0xe8, 0xe4, 0xe8, 0xe4, 0xe8, 0xe4, 0xe8, 0xe4, 0xe8, 0xe4,
  0xe8, 0xe4, 0xe8, 0xe4, 0xe8, 0xe4, 0xe8, 0xe4, 0xe8, 0xe4, 0xe8, 0xe4, 0xe8, 0xe4, 0xe8, 0xe4, 0xe8, 0xe4, 0xe8, 0xe4, 0xe8, 0xe4, 0xe8, 0xe4, 0xe8, 0xe4, 0xe8, 0xe4, 0xe8, 0xe4, 0xe8, 0xe4,
  0xe8, 0xe4, 0xe8, 0xe4, 0xe8, 0xe4, 0xe8, 0xe4, 0xe8, 0xe4, 0xe8, 0xe4, 0xe8, 0xe4, 0xe8, 0xe4, 0xe8, 0xe4, 0xe8, 0xe4, 0xe8, 0xe4, 0xe8, 0xe4, 0xe8, 0xe4, 0xe8, 0xe4, 0xe8, 0xe4, 0xe8, 0xe4,
  0xe8, 0xe4, 0xe8, 0xe4, 0xe8, 0xe4, 0xe8, 0xe4, 0xe8, 0xc4, 0xe9, 0x87, 0x18, 0xc3, 0x00, 0x00, 0x00, 0x00, 0x00, 0x00, 0xf3, 0x4e, 0xe8, 0x83, 0xe8, 0xe4, 0xe8, 0xe4, 0xe8, 0xe4, 0xe8, 0xe4,
  0xe8, 0xe4, 0xe8, 0xe4, 0xe8, 0xe4, 0xe8, 0xe4, 0xe8, 0xe4, 0xe8, 0xe4, 0xe8, 0xe4, 0xe8, 0xe4, 0xe8, 0xe4, 0xe8, 0xe4, 0xe8, 0xe4, 0xe8, 0xe4, 0xe8, 0xe4, 0xe8, 0xe4, 0xe8, 0xe4, 0xe8, 0xe4,
  0xe8, 0xe4, 0xe8, 0xe4, 0xe8, 0xe4, 0xe8, 0xe4, 0xe8, 0xe4, 0xe8, 0xe4, 0xe8, 0xe4, 0xe8, 0xe4, 0xe8, 0xe4, 0xe8, 0xe4, 0xe8, 0xe4, 0xe8, 0xe4, 0xe8, 0xe4, 0xe8, 0xe4, 0xe8, 0xe4, 0xe8, 0xe4,
  0xe8, 0xe4, 0xe8, 0xe4, 0xe8, 0xe4, 0xe8, 0xe4, 0xe8, 0xe4, 0xe8, 0xe4, 0xe8, 0xe4, 0xe8, 0xe4, 0xe8, 0xe4, 0xe8, 0xe4, 0xe8, 0xe4, 0xe8, 0xe4, 0xe8, 0xe4, 0xe8, 0xe4, 0xe8, 0xe4, 0xe8, 0x83,
  0xf4, 0x31, 0x00, 0x00, 0x00, 0x00, 0x00, 0x00, 0x00, 0x00, 0x00, 0x00, 0x00, 0x00, 0x00, 0x00, 0x00, 0x00, 0x00, 0x00, 0x00, 0x00, 0x00, 0x00, 0x00, 0x00, 0x00, 0x00, 0x00, 0x00, 0x00, 0x00,
  0x00, 0x00, 0x00, 0x00, 0x00, 0x00, 0x00, 0x00, 0x00, 0x00, 0x00, 0x00, 0x00, 0x00, 0x00, 0x00, 0x00, 0x00, 0x00, 0x00, 0x00, 0x00, 0x00, 0x00, 0x00, 0x00, 0x00, 0x00, 0x00, 0x00, 0x00, 0x00,
  0x00, 0x00, 0x00, 0x00, 0x00, 0x00, 0x00, 0x00, 0x00, 0x00, 0x00, 0x00, 0x00, 0x00, 0x00, 0x00, 0x00, 0x00, 0x00, 0x00, 0x00, 0x00, 0x00, 0x00, 0x00, 0x00, 0x00, 0x00, 0x00, 0x00, 0x00, 0x00,
  0x00, 0x00, 0xf4, 0x31, 0xe8, 0x83, 0xe8, 0xe4, 0xe8, 0xe4, 0xe8, 0xe4, 0xe8, 0xe4, 0xe8, 0xe4, 0xe8, 0xe4, 0xe8, 0xe4, 0xe8, 0xe4, 0xe8, 0xe4, 0xe8, 0xe4, 0xe8, 0x83, 0xf2, 0x8b, 0x00, 0x00,
  0x00, 0x00, 0x00, 0x00, 0x00, 0x00, 0x00, 0x00, 0x00, 0x00, 0x00, 0x00, 0x00, 0x00, 0x00, 0x00, 0x00, 0x00, 0x00, 0x00, 0x00, 0x00, 0x00, 0x00, 0x00, 0x00, 0x00, 0x00, 0x00, 0x00, 0x00, 0x00,
  0x00, 0x00, 0x00, 0x00, 0x00, 0x00, 0x00, 0x00, 0x00, 0x00, 0x00, 0x00, 0x00, 0x00, 0x00, 0x00, 0x00, 0x00, 0xf2, 0xab, 0xe8, 0x83, 0xe8, 0xe4, 0xe8, 0xe4, 0xe8, 0xe4, 0xe8, 0xe4, 0xe8, 0xe4,
  0xe8, 0xe4, 0xe8, 0xe4, 0xe8, 0xe4, 0xe8, 0xe4, 0xe8, 0xe4, 0xe8, 0xe4, 0xe8, 0xe4, 0xe8, 0xe4, 0xe8, 0xe4, 0xe8, 0xe4, 0xe8, 0xe4, 0xe8, 0xe4, 0xe8, 0xe4, 0xe8, 0xe4, 0xe8, 0xe4, 0xe8, 0xe4,
  0xe8, 0xe4, 0xe8, 0xe4, 0xe8, 0xe4, 0xe8, 0xe4, 0xe8, 0xe4, 0xe8, 0xe4, 0xe8, 0xe4, 0xe8, 0xe4, 0xe8, 0xe4, 0xe8, 0xe4, 0xe8, 0xe4, 0xe8, 0xe4, 0xe8, 0xe4, 0xe8, 0xe4, 0xe8, 0xe4, 0xe8, 0xe4,
  0xe8, 0xe4, 0xe8, 0xe4, 0xe8, 0xe4, 0xe8, 0xe4, 0xe8, 0xe4, 0xe8, 0xe4, 0xe8, 0xe4, 0xe8, 0xe4, 0xe8, 0xe4, 0xe8, 0xe4, 0xe8, 0xe4, 0xe8, 0xe4, 0xe8, 0xe4, 0xe8, 0xe4, 0xe8, 0xe4, 0xe8, 0xe4,
  0xe8, 0xe4, 0xe8, 0xe4, 0xe8, 0xe4, 0xe8, 0xe4, 0xe8, 0xe4, 0xe8, 0xe4, 0xe8, 0xe4, 0xe8, 0xe4, 0xe8, 0xe4, 0xe8, 0xe4, 0xe8, 0xe4, 0xe8, 0xe4, 0xe8, 0xe4, 0xe8, 0xe4, 0xe8, 0xe4, 0xe8, 0xe4,
  0xe8, 0xe4, 0xe8, 0xe4, 0xe8, 0xe4, 0xe8, 0xe4, 0xe8, 0xe4, 0xe8, 0xe4, 0xe8, 0xe4, 0xe8, 0xe4, 0xe8, 0xe4, 0xe8, 0xe4, 0xe8, 0xe4, 0xe8, 0xe4, 0xe8, 0xe4, 0xe8, 0xe4, 0xe8, 0xe4, 0xe8, 0xe4,
  0xe8, 0xe4, 0xe8, 0xe4, 0xe8, 0xe4, 0xe8, 0xe4, 0xe8, 0xe4, 0xe8, 0xe4, 0xe8, 0xe4, 0xe8, 0xe4, 0xe8, 0xe4, 0xe8, 0xe4, 0xe8, 0xe4, 0xe8, 0xe4, 0xe8, 0xe4, 0xe8, 0xe4, 0xe8, 0xe4, 0xe8, 0xe4,
  0xe8, 0xe4, 0xe8, 0xe4, 0xe8, 0xe4, 0xe8, 0xe4, 0xe8, 0xe4, 0xe8, 0xe4, 0xe8, 0xe4, 0xe8, 0xe4, 0xe8, 0xe4, 0xe8, 0xe4, 0xe8, 0xe4, 0xe8, 0xe4, 0xe8, 0xe4, 0xe8, 0xe4, 0xe8, 0xe4, 0xe8, 0xe4,
  0xe8, 0x83, 0xf3, 0xcf, 0x00, 0x00, 0x00, 0x00, 0x00, 0x00, 0x00, 0x00, 0x00, 0x00, 0x00, 0x00, 0x00, 0x00, 0x00, 0x00, 0x00, 0x00, 0x00, 0x00, 0x00, 0x00, 0x00, 0x00, 0x00, 0x00, 0x00, 0x00,
  0x00, 0x00, 0x00, 0x00, 0x00, 0x00, 0x00, 0x00, 0x00, 0x00, 0x00, 0x00, 0x00, 0x00, 0x00, 0x00, 0xf4, 0x31, 0xe8, 0x83, 0xe8, 0xe4, 0xe8, 0xe4, 0xe8, 0xe4, 0xe8, 0xe4, 0xe8, 0xe4, 0xe8, 0xe4,
  0xe8, 0xe4, 0xe8, 0xe4, 0xe8, 0xe4, 0xe8, 0xe4, 0xe8, 0xe4, 0xe8, 0xe4, 0xe8, 0xe4, 0xe8, 0xe4, 0xe8, 0xe4, 0xe8, 0xe4, 0xe8, 0xe4, 0xe8, 0xe4, 0xe8, 0xe4, 0xe8, 0xe4, 0xe8, 0xe4, 0xe8, 0xe4,
  0xe8, 0xe4, 0xe8, 0xe4, 0xe8, 0xe4, 0xe8, 0xe4, 0xe8, 0xe4, 0xe8, 0xe4, 0xe8, 0xe4, 0xe8, 0xe4, 0xe8, 0xe4, 0xe8, 0xe4, 0xe8, 0xe4, 0xe8, 0xe4, 0xe8, 0xe4, 0xe8, 0xe4, 0xe8, 0xe4, 0xe8, 0xe4,
  0xe8, 0xe4, 0xe8, 0xe4, 0xe8, 0xe4, 0xe8, 0xe4, 0xe8, 0xe4, 0xe8, 0xe4, 0xe8, 0xe4, 0xe8, 0xe4, 0xe8, 0x83, 0xf4, 0x31, 0x00, 0x00, 0x00, 0x00, 0x00, 0x00, 0x5a, 0x69, 0xe9, 0x05, 0xe8, 0xc4,
  0xe8, 0xe4, 0xe8, 0xe4, 0xe8, 0xe4, 0xe8, 0xe4, 0xe8, 0xe4, 0xe8, 0xe4, 0xe8, 0xe4, 0xe8, 0xe4, 0xe8, 0xe4, 0xe8, 0xe4, 0xe8, 0xe4, 0xe8, 0xe4, 0xe8, 0xe4, 0xe8, 0xe4, 0xe8, 0xe4, 0xe8, 0xe4,
  0xe8, 0xe4, 0xe8, 0xe4, 0xe8, 0xe4, 0xe8, 0xe4, 0xe8, 0xe4, 0xe8, 0xe4, 0xe8, 0xe4, 0xe8, 0xe4, 0xe8, 0xe4, 0xe8, 0xe4, 0xe8, 0xe4, 0xe8, 0xe4, 0xe8, 0xe4, 0xe8, 0xe4, 0xe8, 0xe4, 0xe8, 0xe4,
  0xe8, 0xe4, 0xe8, 0xe4, 0xe8, 0xe4, 0xe8, 0xe4, 0xe8, 0xe4, 0xe8, 0xe4, 0xe8, 0xe4, 0xe8, 0xe4, 0xe8, 0xe4, 0xe8, 0xe4, 0xe8, 0xe4, 0xe8, 0xe4, 0xe8, 0xe4, 0xe8, 0xe4, 0xe8, 0xe4, 0xe8, 0xe4,
  0xe8, 0xe4, 0xe8, 0xe4, 0xe8, 0xc4, 0xe9, 0x87, 0x10, 0xa2, 0x00, 0x00, 0x00, 0x00, 0x00, 0x00, 0x00, 0x00, 0x00, 0x00, 0x00, 0x00, 0x00, 0x00, 0x00, 0x00, 0x00, 0x00, 0x00, 0x00, 0x00, 0x00,
  0x00, 0x00, 0x00, 0x00, 0x00, 0x00, 0x00, 0x00, 0x00, 0x00, 0x00, 0x00, 0x00, 0x00, 0x00, 0x00, 0x00, 0x00, 0x00, 0x00, 0x00, 0x00, 0x00, 0x00, 0x00, 0x00, 0x00, 0x00, 0x00, 0x00, 0x00, 0x00,
  0x00, 0x00, 0x00, 0x00, 0x00, 0x00, 0x00, 0x00, 0x00, 0x00, 0x00, 0x00, 0x00, 0x00, 0x00, 0x00, 0x00, 0x00, 0x00, 0x00, 0x00, 0x00, 0x00, 0x00, 0x00, 0x00, 0x00, 0x00, 0x00, 0x00, 0x00, 0x00,
  0x00, 0x00, 0x00, 0x00, 0x00, 0x00, 0x00, 0x00, 0x00, 0x00, 0xf4, 0x31, 0xe8, 0x83, 0xe8, 0xe4, 0xe8, 0xe4, 0xe8, 0xe4, 0xe8, 0xe4, 0xe8, 0xe4, 0xe8, 0xe4, 0xe8, 0xe4, 0xe8, 0xe4, 0xe8, 0xe4,
  0xe8, 0xe4, 0xe8, 0xa3, 0xf2, 0x8a, 0x00, 0x00, 0x00, 0x00, 0x00, 0x00, 0x00, 0x00, 0x00, 0x00, 0x00, 0x00, 0x00, 0x00, 0x00, 0x00, 0x00, 0x00, 0x00, 0x00, 0x00, 0x00, 0x00, 0x00, 0x00, 0x00,
  0x00, 0x00, 0x00, 0x00, 0x00, 0x00, 0x00, 0x00, 0x00, 0x00, 0x00, 0x00, 0x00, 0x00, 0x00, 0x00, 0x00, 0x00, 0x00, 0x00, 0x00, 0x00, 0x00, 0x00, 0x00, 0x00, 0xf2, 0xab, 0xe8, 0x83, 0xe8, 0xe4,
  0xe8, 0xe4, 0xe8, 0xe4, 0xe8, 0xe4, 0xe8, 0xe4, 0xe8, 0xe4, 0xe8, 0xe4, 0xe8, 0xe4, 0xe8, 0xe4, 0xe8, 0xe4, 0xe8, 0xe4, 0xe8, 0xe4, 0xe8, 0xe4, 0xe8, 0xe4, 0xe8, 0xe4, 0xe8, 0xe4, 0xe8, 0xe4,
  0xe8, 0xe4, 0xe8, 0xe4, 0xe8, 0xe4, 0xe8, 0xe4, 0xe8, 0xe4, 0xe8, 0xe4, 0xe8, 0xe4, 0xe8, 0xe4, 0xe8, 0xe4, 0xe8, 0xe4, 0xe8, 0xe4, 0xe8, 0xe4, 0xe8, 0xe4, 0xe8, 0xe4, 0xe8, 0xe4, 0xe8, 0xe4,
  0xe8, 0xe4, 0xe8, 0xe4, 0xe8, 0xe4, 0xe8, 0xe4, 0xe8, 0xe4, 0xe8, 0xe4, 0xe8, 0xe4, 0xe8, 0xe4, 0xe8, 0xe4, 0xe8, 0xe4, 0xe8, 0xe4, 0xe8, 0xe4, 0xe8, 0xe4, 0xe8, 0xe4, 0xe8, 0xe4, 0xe8, 0xe4,
  0xe8, 0xe4, 0xe8, 0xe4, 0xe8, 0xe4, 0xe8, 0xe4, 0xe8, 0xe4, 0xe8, 0xe4, 0xe8, 0xe4, 0xe8, 0xe4, 0xe8, 0xe4, 0xe8, 0xe4, 0xe8, 0xe4, 0xe8, 0xe4, 0xe8, 0xe4, 0xe8, 0xe4, 0xe8, 0xe4, 0xe8, 0xe4,
  0xe8, 0xe4, 0xe8, 0xe4, 0xe8, 0xe4, 0xe8, 0xe4, 0xe8, 0xe4, 0xe8, 0xe4, 0xe8, 0xe4, 0xe8, 0xe4, 0xe8, 0xe4, 0xe8, 0xe4, 0xe8, 0xe4, 0xe8, 0xe4, 0xe8, 0xe4, 0xe8, 0xe4, 0xe8, 0xe4, 0xe8, 0xe4,
  0xe8, 0xe4, 0xe8, 0xe4, 0xe8, 0xe4, 0xe8, 0xe4, 0xe8, 0xe4, 0xe8, 0xe4, 0xe8, 0xe4, 0xe8, 0xe4, 0xe8, 0xe4, 0xe8, 0xe4, 0xe8, 0xe4, 0xe8, 0xe4, 0xe8, 0xe4, 0xe8, 0xe4, 0xe8, 0xe4, 0xe8, 0xe4,
  0xe8, 0xe4, 0xe8, 0xe4, 0xe8, 0xe4, 0xe8, 0xe4, 0xe8, 0xe4, 0xe8, 0xe4, 0xe8, 0xe4, 0xe8, 0xe4, 0xe8, 0xe4, 0xe8, 0xe4, 0xe8, 0xe4, 0xe8, 0xe4, 0xe8, 0xe4, 0xe8, 0xe4, 0xe8, 0xe4, 0xe8, 0xe4,
  0xe8, 0xe4, 0xe8, 0xe4, 0xe8, 0xe4, 0xe8, 0xe4, 0xe8, 0x83, 0xf3, 0xcf, 0x00, 0x00, 0x00, 0x00, 0x00, 0x00, 0x00, 0x00, 0x00, 0x00, 0x00, 0x00, 0x00, 0x00, 0x00, 0x00, 0x00, 0x00, 0x00, 0x00,
  0x00, 0x00, 0x00, 0x00, 0x00, 0x00, 0x00, 0x00, 0x00, 0x00, 0x00, 0x00, 0x00, 0x00, 0x00, 0x00, 0x00, 0x00, 0x00, 0x00, 0x00, 0x00, 0x00, 0x00, 0xf4, 0x31, 0xe8, 0x83, 0xe8, 0xe4, 0xe8, 0xe4,
  0xe8, 0xe4, 0xe8, 0xe4, 0xe8, 0xe4, 0xe8, 0xe4, 0xe8, 0xe4, 0xe8, 0xe4, 0xe8, 0xe4, 0xe8, 0xe4, 0xe8, 0xe4, 0xe8, 0xe4, 0xe8, 0xe4, 0xe8, 0xe4, 0xe8, 0xe4, 0xe8, 0xe4, 0xe8, 0xe4, 0xe8, 0xe4,
  0xe8, 0xe4, 0xe8, 0xe4, 0xe8, 0xe4, 0xe8, 0xe4, 0xe8, 0xe4, 0xe8, 0xe4, 0xe8, 0xe4, 0xe8, 0xe4, 0xe8, 0xe4, 0xe8, 0xe4, 0xe8, 0xe4, 0xe8, 0xe4, 0xe8, 0xe4, 0xe8, 0xe4, 0xe8, 0xe4, 0xe8, 0xe4,
  0xe8, 0xe4, 0xe8, 0xe4, 0xe8, 0xe4, 0xe8, 0xe4, 0xe8, 0xe4, 0xe8, 0xe4, 0xe8, 0xe4, 0xe8, 0xe4, 0xe8, 0xe4, 0xe8, 0xe4, 0xe8, 0xe4, 0xe8, 0xc4, 0xe9, 0x87, 0x18, 0xc3, 0x00, 0x00, 0x00, 0x00,
  0x00, 0x00, 0xf3, 0x2d, 0xe8, 0x83, 0xe8, 0xe4, 0xe8, 0xe4, 0xe8, 0xe4, 0xe8, 0xe4, 0xe8, 0xe4, 0xe8, 0xe4, 0xe8, 0xe4, 0xe8, 0xe4, 0xe8, 0xe4, 0xe8, 0xe4, 0xe8, 0xe4, 0xe8, 0xe4, 0xe8, 0xe4,
  0xe8, 0xe4, 0xe8, 0xe4, 0xe8, 0xe4, 0xe8, 0xe4, 0xe8, 0xe4, 0xe8, 0xe4, 0xe8, 0xe4, 0xe8, 0xe4, 0xe8, 0xe4, 0xe8, 0xe4, 0xe8, 0xe4, 0xe8, 0xe4, 0xe8, 0xe4, 0xe8, 0xe4, 0xe8, 0xe4, 0xe8, 0xe4,
  0xe8, 0xe4, 0xe8, 0xe4, 0xe8, 0xe4, 0xe8, 0xe4, 0xe8, 0xe4, 0xe8, 0xe4, 0xe8, 0xe4, 0xe8, 0xe4, 0xe8, 0xe4, 0xe8, 0xe4, 0xe8, 0xe4, 0xe8, 0xe4, 0xe8, 0xe4, 0xe8, 0xe4, 0xe8, 0xe4, 0xe8, 0xe4,
  0xe8, 0xe4, 0xe8, 0xe4, 0xe8, 0xe4, 0xe8, 0xe4, 0xe8, 0xe4, 0xe8, 0xe4, 0xe8, 0x83, 0xf4, 0x72, 0x00, 0x00, 0x00, 0x00, 0x00, 0x00, 0x00, 0x00, 0x00, 0x00, 0x00, 0x00, 0x00, 0x00, 0x00, 0x00,
  0x00, 0x00, 0x00, 0x00, 0x00, 0x00, 0x00, 0x00, 0x00, 0x00, 0x00, 0x00, 0x00, 0x00, 0x00, 0x00, 0x00, 0x00, 0x00, 0x00, 0x00, 0x00, 0x00, 0x00, 0x00, 0x00, 0x00, 0x00, 0x00, 0x00, 0x00, 0x00,
  0x00, 0x00, 0x00, 0x00, 0x00, 0x00, 0x00, 0x00, 0x00, 0x00, 0x00, 0x00, 0x00, 0x00, 0x00, 0x00, 0x00, 0x00, 0x00, 0x00, 0x00, 0x00, 0x00, 0x00, 0x00, 0x00, 0x00, 0x00, 0x00, 0x00, 0x00, 0x00,
  0x00, 0x00, 0x00, 0x00, 0x00, 0x00, 0x00, 0x00, 0x00, 0x00, 0x00, 0x00, 0x00, 0x00, 0x00, 0x00, 0x00, 0x00, 0xf4, 0x51, 0xe8, 0x83, 0xe8, 0xe4, 0xe8, 0xe4, 0xe8, 0xe4, 0xe8, 0xe4, 0xe8, 0xe4,
  0xe8, 0xe4, 0xe8, 0xe4, 0xe8, 0xe4, 0xe8, 0xe4, 0xe8, 0xe4, 0xe8, 0xa3, 0xea, 0x4a, 0x00, 0x00, 0x00, 0x00, 0x00, 0x00, 0x00, 0x00, 0x00, 0x00, 0x00, 0x00, 0x00, 0x00, 0x00, 0x00, 0x00, 0x00,
  0x00, 0x00, 0x00, 0x00, 0x00, 0x00, 0x00, 0x00, 0x00, 0x00, 0x00, 0x00, 0x00, 0x00, 0x00, 0x00, 0x00, 0x00, 0x00, 0x00, 0x00, 0x00, 0x00, 0x00, 0x00, 0x00, 0x00, 0x00, 0x00, 0x00, 0x00, 0x00,
  0x00, 0x00, 0xf2, 0xab, 0xe8, 0x83, 0xe8, 0xe4, 0xe8, 0xe4, 0xe8, 0xe4, 0xe8, 0xe4, 0xe8, 0xe4, 0xe8, 0xe4, 0xe8, 0xe4, 0xe8, 0xe4, 0xe8, 0xe4, 0xe8, 0xe4, 0xe8, 0xe4, 0xe8, 0xe4, 0xe8, 0xe4,
  0xe8, 0xe4, 0xe8, 0xe4, 0xe8, 0xe4, 0xe8, 0xe4, 0xe8, 0xe4, 0xe8, 0xe4, 0xe8, 0xe4, 0xe8, 0xe4, 0xe8, 0xe4, 0xe8, 0xe4, 0xe8, 0xe4, 0xe8, 0xe4, 0xe8, 0xe4, 0xe8, 0xe4, 0xe8, 0xe4, 0xe8, 0xe4,
  0xe8, 0xe4, 0xe8, 0xe4, 0xe8, 0xe4, 0xe8, 0xe4, 0xe8, 0xe4, 0xe8, 0xe4, 0xe8, 0xe4, 0xe8, 0xe4, 0xe8, 0xe4, 0xe8, 0xe4, 0xe8, 0xe4, 0xe8, 0xe4, 0xe8, 0xe4, 0xe8, 0xe4, 0xe8, 0xe4, 0xe8, 0xe4,
  0xe8, 0xe4, 0xe8, 0xe4, 0xe8, 0xe4, 0xe8, 0xe4, 0xe8, 0xe4, 0xe8, 0xe4, 0xe8, 0xe4, 0xe8, 0xe4, 0xe8, 0xe4, 0xe8, 0xe4, 0xe8, 0xe4, 0xe8, 0xe4, 0xe8, 0xe4, 0xe8, 0xe4, 0xe8, 0xe4, 0xe8, 0xe4,
  0xe8, 0xe4, 0xe8, 0xe4, 0xe8, 0xe4, 0xe8, 0xe4, 0xe8, 0xe4, 0xe8, 0xe4, 0xe8, 0xe4, 0xe8, 0xe4, 0xe8, 0xe4, 0xe8, 0xe4, 0xe8, 0xe4, 0xe8, 0xe4, 0xe8, 0xe4, 0xe8, 0xe4, 0xe8, 0xe4, 0xe8, 0xe4,
  0xe8, 0xe4, 0xe8, 0xe4, 0xe8, 0xe4, 0xe8, 0xe4, 0xe8, 0xe4, 0xe8, 0xe4, 0xe8, 0xe4, 0xe8, 0xe4, 0xe8, 0xe4, 0xe8, 0xe4, 0xe8, 0xe4, 0xe8, 0xe4, 0xe8, 0xe4, 0xe8, 0xe4, 0xe8, 0xe4, 0xe8, 0xe4,
  0xe8, 0xe4, 0xe8, 0xe4, 0xe8, 0xe4, 0xe8, 0xe4, 0xe8, 0xe4, 0xe8, 0xe4, 0xe8, 0xe4, 0xe8, 0xe4, 0xe8, 0xe4, 0xe8, 0xe4, 0xe8, 0xe4, 0xe8, 0xe4, 0xe8, 0xe4, 0xe8, 0xe4, 0xe8, 0xe4, 0xe8, 0xe4,
  0xe8, 0xe4, 0xe8, 0xe4, 0xe8, 0xe4, 0xe8, 0xe4, 0xe8, 0xe4, 0xe8, 0xe4, 0xe8, 0xe4, 0xe8, 0xe4, 0xe8, 0x83, 0xf3, 0xcf, 0x00, 0x00, 0x00, 0x00, 0x00, 0x00, 0x00, 0x00, 0x00, 0x00, 0x00, 0x00,
  0x00, 0x00, 0x00, 0x00, 0x00, 0x00, 0x00, 0x00, 0x00, 0x00, 0x00, 0x00, 0x00, 0x00, 0x00, 0x00, 0x00, 0x00, 0x00, 0x00, 0x00, 0x00, 0x00, 0x00, 0x00, 0x00, 0x00, 0x00, 0x00, 0x00, 0x00, 0x00,
  0xf4, 0x31, 0xe8, 0x83, 0xe8, 0xe4, 0xe8, 0xe4, 0xe8, 0xe4, 0xe8, 0xe4, 0xe8, 0xe4, 0xe8, 0xe4, 0xe8, 0xe4, 0xe8, 0xe4, 0xe8, 0xe4, 0xe8, 0xe4, 0xe8, 0xe4, 0xe8, 0xe4, 0xe8, 0xe4, 0xe8, 0xe4,
  0xe8, 0xe4, 0xe8, 0xe4, 0xe8, 0xe4, 0xe8, 0xe4, 0xe8, 0xe4, 0xe8, 0xe4, 0xe8, 0xe4, 0xe8, 0xe4, 0xe8, 0xe4, 0xe8, 0xe4, 0xe8, 0xe4, 0xe8, 0xe4, 0xe8, 0xe4, 0xe8, 0xe4, 0xe8, 0xe4, 0xe8, 0xe4,
  0xe8, 0xe4, 0xe8, 0xe4, 0xe8, 0xe4, 0xe8, 0xe4, 0xe8, 0xe4, 0xe8, 0xe4, 0xe8, 0xe4, 0xe8, 0xe4, 0xe8, 0xe4, 0xe8, 0xe4, 0xe8, 0xe4, 0xe8, 0xe4, 0xe8, 0xe4, 0xe8, 0xe4, 0xe8, 0xe4, 0xe8, 0x83,
  0xf4, 0x51, 0x00, 0x00, 0x00, 0x00, 0x00, 0x00, 0x72, 0xcb, 0xe8, 0xe4, 0xe8, 0xc4, 0xe8, 0xe4, 0xe8, 0xe4, 0xe8, 0xe4, 0xe8, 0xe4, 0xe8, 0xe4, 0xe8, 0xe4, 0xe8, 0xe4, 0xe8, 0xe4, 0xe8, 0xe4,
  0xe8, 0xe4, 0xe8, 0xe4, 0xe8, 0xe4, 0xe8, 0xe4, 0xe8, 0xe4, 0xe8, 0xe4, 0xe8, 0xe4, 0xe8, 0xe4, 0xe8, 0xe4, 0xe8, 0xe4, 0xe8, 0xe4, 0xe8, 0xe4, 0xe8, 0xe4, 0xe8, 0xe4, 0xe8, 0xe4, 0xe8, 0xe4,
  0xe8, 0xe4, 0xe8, 0xe4, 0xe8, 0xe4, 0xe8, 0xe4, 0xe8, 0xe4, 0xe8, 0xe4, 0xe8, 0xe4, 0xe8, 0xe4, 0xe8, 0xe4, 0xe8, 0xe4, 0xe8, 0xe4, 0xe8, 0xe4, 0xe8, 0xe4, 0xe8, 0xe4, 0xe8, 0xe4, 0xe8, 0xe4,
  0xe8, 0xe4, 0xe8, 0xe4, 0xe8, 0xe4, 0xe8, 0xe4, 0xe8, 0xe4, 0xe8, 0xe4, 0xe8, 0xe4, 0xe8, 0xe4, 0xe8, 0xe4, 0xe8, 0xa3, 0xe9, 0xc8, 0x00, 0x20, 0x00, 0x00, 0x00, 0x00, 0x00, 0x00, 0x00, 0x00,
  0x00, 0x00, 0x00, 0x00, 0x00, 0x00, 0x00, 0x00, 0x00, 0x00, 0x00, 0x00, 0x00, 0x00, 0x00, 0x00, 0x00, 0x00, 0x00, 0x00, 0x00, 0x00, 0x00, 0x00, 0x00, 0x00, 0x00, 0x00, 0x00, 0x00, 0x00, 0x00,
  0x00, 0x00, 0x00, 0x00, 0x00, 0x00, 0x00, 0x00, 0x00, 0x00, 0x00, 0x00, 0x00, 0x00, 0x00, 0x00, 0x00, 0x00, 0x00, 0x00, 0x00, 0x00, 0x00, 0x00, 0x00, 0x00, 0x00, 0x00, 0x00, 0x00, 0x00, 0x00,
  0x00, 0x00, 0x00, 0x00, 0x00, 0x00, 0x00, 0x00, 0x00, 0x00, 0x00, 0x00, 0x00, 0x00, 0x00, 0x00, 0x00, 0x00, 0x00, 0x00, 0x00, 0x00, 0x00, 0x00, 0x00, 0x00, 0xf4, 0x92, 0xe8, 0x83, 0xe8, 0xe4,
  0xe8, 0xe4, 0xe8, 0xe4, 0xe8, 0xe4, 0xe8, 0xe4, 0xe8, 0xe4, 0xe8, 0xe4, 0xe8, 0xe4, 0xe8, 0xe4, 0xe8, 0xe4, 0xe8, 0xa3, 0xea, 0x08, 0x00, 0x00, 0x00, 0x00, 0x00, 0x00, 0x00, 0x00, 0x00, 0x00,
  0x00, 0x00, 0x00, 0x00, 0x00, 0x00, 0x00, 0x00, 0x00, 0x00, 0x00, 0x00, 0x00, 0x00, 0x00, 0x00, 0x00, 0x00, 0x00, 0x00, 0x00, 0x00, 0x00, 0x00, 0x00, 0x00, 0x00, 0x00, 0x00, 0x00, 0x00, 0x00,
  0x00, 0x00, 0x00, 0x00, 0x00, 0x00, 0x00, 0x00, 0x00, 0x00, 0xf2, 0xab, 0xe8, 0x83, 0xe8, 0xe4, 0xe8, 0xe4, 0xe8, 0xe4, 0xe8, 0xe4, 0xe8, 0xe4, 0xe8, 0xe4, 0xe8, 0xe4, 0xe8, 0xe4, 0xe8, 0xe4,
  0xe8, 0xe4, 0xe8, 0xe4, 0xe8, 0xe4, 0xe8, 0xe4, 0xe8, 0xe4, 0xe8, 0xe4, 0xe8, 0xe4, 0xe8, 0xe4, 0xe8, 0xe4, 0xe8, 0xe4, 0xe8, 0xe4, 0xe8, 0xe4, 0xe8, 0xe4, 0xe8, 0xe4, 0xe8, 0xe4, 0xe8, 0xe4,
  0xe8, 0xe4, 0xe8, 0xe4, 0xe8, 0xe4, 0xe8, 0xe4, 0xe8, 0xe4, 0xe8, 0xe4, 0xe8, 0xe4, 0xe8, 0xe4, 0xe8, 0xe4, 0xe8, 0xe4, 0xe8, 0xe4, 0xe8, 0xe4, 0xe8, 0xe4, 0xe8, 0xe4, 0xe8, 0xe4, 0xe8, 0xe4,
  0xe8, 0xe4, 0xe8, 0xe4, 0xe8, 0xe4, 0xe8, 0xe4, 0xe8, 0xe4, 0xe8, 0xe4, 0xe8, 0xe4, 0xe8, 0xe4, 0xe8, 0xe4, 0xe8, 0xe4, 0xe8, 0xe4, 0xe8, 0xe4, 0xe8, 0xe4, 0xe8, 0xe4, 0xe8, 0xe4, 0xe8, 0xe4,
  0xe8, 0xe4, 0xe8, 0xe4, 0xe8, 0xe4, 0xe8, 0xe4, 0xe8, 0xe4, 0xe8, 0xe4, 0xe8, 0xe4, 0xe8, 0xe4, 0xe8, 0xe4, 0xe8, 0xe4, 0xe8, 0xe4, 0xe8, 0xe4, 0xe8, 0xe4, 0xe8, 0xe4, 0xe8, 0xe4, 0xe8, 0xe4,
  0xe8, 0xe4, 0xe8, 0xe4, 0xe8, 0xe4, 0xe8, 0xe4, 0xe8, 0xe4, 0xe8, 0xe4, 0xe8, 0xe4, 0xe8, 0xe4, 0xe8, 0xe4, 0xe8, 0xe4, 0xe8, 0xe4, 0xe8, 0xe4, 0xe8, 0xe4, 0xe8, 0xe4, 0xe8, 0xe4, 0xe8, 0xe4,
  0xe8, 0xe4, 0xe8, 0xe4, 0xe8, 0xe4, 0xe8, 0xe4, 0xe8, 0xe4, 0xe8, 0xe4, 0xe8, 0xe4, 0xe8, 0xe4, 0xe8, 0xe4, 0xe8, 0xe4, 0xe8, 0xe4, 0xe8, 0xe4, 0xe8, 0xe4, 0xe8, 0xe4, 0xe8, 0xe4, 0xe8, 0xe4,
  0xe8, 0xe4, 0xe8, 0xe4, 0xe8, 0xe4, 0xe8, 0xe4, 0xe8, 0xe4, 0xe8, 0xe4, 0xe8, 0xe4, 0xe8, 0xe4, 0xe8, 0xe4, 0xe8, 0xe4, 0xe8, 0xe4, 0xe8, 0xe4, 0xe8, 0x83, 0xf3, 0xcf, 0x00, 0x00, 0x00, 0x00,
  0x00, 0x00, 0x00, 0x00, 0x00, 0x00, 0x00, 0x00, 0x00, 0x00, 0x00, 0x00, 0x00, 0x00, 0x00, 0x00, 0x00, 0x00, 0x00, 0x00, 0x00, 0x00, 0x00, 0x00, 0x00, 0x00, 0x00, 0x00, 0x00, 0x00, 0x00, 0x00,
  0x00, 0x00, 0x00, 0x00, 0x00, 0x00, 0x00, 0x00, 0xf4, 0x31, 0xe8, 0x83, 0xe8, 0xe4, 0xe8, 0xe4, 0xe8, 0xe4, 0xe8, 0xe4, 0xe8, 0xe4, 0xe8, 0xe4, 0xe8, 0xe4, 0xe8, 0xe4, 0xe8, 0xe4, 0xe8, 0xe4,
  0xe8, 0xe4, 0xe8, 0xe4, 0xe8, 0xe4, 0xe8, 0xe4, 0xe8, 0xe4, 0xe8, 0xe4, 0xe8, 0xe4, 0xe8, 0xe4, 0xe8, 0xe4, 0xe8, 0xe4, 0xe8, 0xe4, 0xe8, 0xe4, 0xe8, 0xe4, 0xe8, 0xe4, 0xe8, 0xe4, 0xe8, 0xe4,
  0xe8, 0xe4, 0xe8, 0xe4, 0xe8, 0xe4, 0xe8, 0xe4, 0xe8, 0xe4, 0xe8, 0xe4, 0xe8, 0xe4, 0xe8, 0xe4, 0xe8, 0xe4, 0xe8, 0xe4, 0xe8, 0xe4, 0xe8, 0xe4, 0xe8, 0xe4, 0xe8, 0xe4, 0xe8, 0xe4, 0xe8, 0xe4,
  0xe8, 0xe4, 0xe9, 0x05, 0xe8, 0xc4, 0xe9, 0x87, 0x18, 0xa2, 0x00, 0x00, 0x00, 0x00, 0x00, 0x00, 0xf2, 0xec, 0xe8, 0x83, 0xe8, 0xe4, 0xe8, 0xe4, 0xe8, 0xe4, 0xe8, 0xe4, 0xe8, 0xe4, 0xe8, 0xe4,
  0xe8, 0xe4, 0xe8, 0xe4, 0xe8, 0xe4, 0xe8, 0xe4, 0xe8, 0xe4, 0xe8, 0xe4, 0xe8, 0xe4, 0xe8, 0xe4, 0xe8, 0xe4, 0xe8, 0xe4, 0xe8, 0xe4, 0xe8, 0xe4, 0xe8, 0xe4, 0xe8, 0xe4, 0xe8, 0xe4, 0xe8, 0xe4,
  0xe8, 0xe4, 0xe8, 0xe4, 0xe8, 0xe4, 0xe8, 0xe4, 0xe8, 0xe4, 0xe8, 0xe4, 0xe8, 0xe4, 0xe8, 0xe4, 0xe8, 0xe4, 0xe8, 0xe4, 0xe8, 0xe4, 0xe8, 0xe4, 0xe8, 0xe4, 0xe8, 0xe4, 0xe8, 0xe4, 0xe8, 0xe4,
  0xe8, 0xe4, 0xe8, 0xe4, 0xe8, 0xe4, 0xe8, 0xe4, 0xe8, 0xe4, 0xe8, 0xe4, 0xe8, 0xe4, 0xe8, 0xe4, 0xe8, 0xe4, 0xe8, 0xe4, 0xe8, 0xe4, 0xe8, 0xe4, 0xe8, 0xe4, 0xe8, 0xa3, 0xe4, 0x71, 0x00, 0x00,
  0x00, 0x00, 0x00, 0x00, 0x00, 0x00, 0x00, 0x00, 0x00, 0x00, 0x00, 0x00, 0x00, 0x00, 0x00, 0x00, 0x00, 0x00, 0x00, 0x00, 0x00, 0x00, 0x00, 0x00, 0x00, 0x00, 0x00, 0x00, 0x00, 0x00, 0x00, 0x00,
  0x00, 0x00, 0x00, 0x00, 0x00, 0x00, 0x00, 0x00, 0x00, 0x00, 0x00, 0x00, 0x00, 0x00, 0x00, 0x00, 0x00, 0x00, 0x00, 0x00, 0x00, 0x00, 0x00, 0x00, 0x00, 0x00, 0x00, 0x00, 0x00, 0x00, 0x00, 0x00,
  0x00, 0x00, 0x00, 0x00, 0x00, 0x00, 0x00, 0x00, 0x00, 0x00, 0x00, 0x00, 0x00, 0x00, 0x00, 0x00, 0x00, 0x00, 0x00, 0x00, 0x00, 0x00, 0x00, 0x00, 0x00, 0x00, 0x00, 0x00, 0x00, 0x00, 0x00, 0x00,
  0x00, 0x00, 0xdc, 0x51, 0xe8, 0x83, 0xe8, 0xe4, 0xe8, 0xe4, 0xe8, 0xe4, 0xe8, 0xe4, 0xe8, 0xe4, 0xe8, 0xe4, 0xe8, 0xe4, 0xe8, 0xe4, 0xe8, 0xe4, 0xe8, 0xe4, 0xe8, 0xc4, 0xe9, 0x87, 0x10, 0x61,
  0x00, 0x00, 0x00, 0x00, 0x00, 0x00, 0x00, 0x00, 0x00, 0x00, 0x00, 0x00, 0x00, 0x00, 0x00, 0x00, 0x00, 0x00, 0x00, 0x00, 0x00, 0x00, 0x00, 0x00, 0x00, 0x00, 0x00, 0x00, 0x00, 0x00, 0x00, 0x00,
  0x00, 0x00, 0x00, 0x00, 0x00, 0x00, 0x00, 0x00, 0x00, 0x00, 0x00, 0x00, 0x00, 0x00, 0x00, 0x00, 0x00, 0x00, 0xf2, 0xab, 0xe8, 0x83, 0xe8, 0xe4, 0xe8, 0xe4, 0xe8, 0xe4, 0xe8, 0xe4, 0xe8, 0xe4,
  0xe8, 0xe4, 0xe8, 0xe4, 0xe8, 0xe4, 0xe8, 0xe4, 0xe8, 0xe4, 0xe8, 0xe4, 0xe8, 0xe4, 0xe8, 0xe4, 0xe8, 0xe4, 0xe8, 0xe4, 0xe8, 0xe4, 0xe8, 0xe4, 0xe8, 0xe4, 0xe8, 0xe4, 0xe8, 0xe4, 0xe8, 0xe4,
  0xe8, 0xe4, 0xe8, 0xe4, 0xe8, 0xe4, 0xe8, 0xe4, 0xe8, 0xe4, 0xe8, 0xe4, 0xe8, 0xe4, 0xe8, 0xe4, 0xe8, 0xe4, 0xe8, 0xe4, 0xe8, 0xe4, 0xe8, 0xe4, 0xe8, 0xe4, 0xe8, 0xe4, 0xe8, 0xe4, 0xe8, 0xe4,
  0xe8, 0xe4, 0xe8, 0xe4, 0xe8, 0xe4, 0xe8, 0xe4, 0xe8, 0xe4, 0xe8, 0xe4, 0xe8, 0xe4, 0xe8, 0xe4, 0xe8, 0xe4, 0xe8, 0xe4, 0xe8, 0xe4, 0xe8, 0xe4, 0xe8, 0xe4, 0xe8, 0xe4, 0xe8, 0xe4, 0xe8, 0xe4,
  0xe8, 0xe4, 0xe8, 0xe4, 0xe8, 0xe4, 0xe8, 0xe4, 0xe8, 0xe4, 0xe8, 0xe4, 0xe8, 0xe4, 0xe8, 0xe4, 0xe8, 0xe4, 0xe8, 0xe4, 0xe8, 0xe4, 0xe8, 0xe4, 0xe8, 0xe4, 0xe8, 0xe4, 0xe8, 0xe4, 0xe8, 0xe4,
  0xe8, 0xe4, 0xe8, 0xe4, 0xe8, 0xe4, 0xe8, 0xe4, 0xe8, 0xe4, 0xe8, 0xe4, 0xe8, 0xe4, 0xe8, 0xe4, 0xe8, 0xe4, 0xe8, 0xe4, 0xe8, 0xe4, 0xe8, 0xe4, 0xe8, 0xe4, 0xe8, 0xe4, 0xe8, 0xe4, 0xe8, 0xe4,
  0xe8, 0xe4, 0xe8, 0xe4, 0xe8, 0xe4, 0xe8, 0xe4, 0xe8, 0xe4, 0xe8, 0xe4, 0xe8, 0xe4, 0xe8, 0xe4, 0xe8, 0xe4, 0xe8, 0xe4, 0xe8, 0xe4, 0xe8, 0xe4, 0xe8, 0xe4, 0xe8, 0xe4, 0xe8, 0xe4, 0xe8, 0xe4,
  0xe8, 0xe4, 0xe8, 0xe4, 0xe8, 0xe4, 0xe8, 0xe4, 0xe8, 0xe4, 0xe8, 0xe4, 0xe8, 0xe4, 0xe8, 0xe4, 0xe8, 0xe4, 0xe8, 0xe4, 0xe8, 0xe4, 0xe8, 0xe4, 0xe8, 0xe4, 0xe8, 0xe4, 0xe8, 0xe4, 0xe8, 0xe4,
  0xe8, 0x83, 0xf3, 0xcf, 0x00, 0x00, 0x00, 0x00, 0x00, 0x00, 0x00, 0x00, 0x00, 0x00, 0x00, 0x00, 0x00, 0x00, 0x00, 0x00, 0x00, 0x00, 0x00, 0x00, 0x00, 0x00, 0x00, 0x00, 0x00, 0x00, 0x00, 0x00,
  0x00, 0x00, 0x00, 0x00, 0x00, 0x00, 0x00, 0x00, 0x00, 0x00, 0x00, 0x00, 0x00, 0x00, 0x00, 0x00, 0xf4, 0x31, 0xe8, 0x83, 0xe8, 0xe4, 0xe8, 0xe4, 0xe8, 0xe4, 0xe8, 0xe4, 0xe8, 0xe4, 0xe8, 0xe4,
  0xe8, 0xe4, 0xe8, 0xe4, 0xe8, 0xe4, 0xe8, 0xe4, 0xe8, 0xe4, 0xe8, 0xe4, 0xe8, 0xc4, 0xe8, 0xc4, 0xe8, 0xc4, 0xe8, 0xc4, 0xe8, 0xc4, 0xe8, 0xc4, 0xe8, 0xc4, 0xe8, 0xc4, 0xe8, 0xc4, 0xe8, 0xc4,
  0xe8, 0xc4, 0xe8, 0xc4, 0xe8, 0xc4, 0xe8, 0xc4, 0xe8, 0xc4, 0xe8, 0xc4, 0xe8, 0xc4, 0xe8, 0xc4, 0xe8, 0xc4, 0xe8, 0xc4, 0xe8, 0xa4, 0xe8, 0xa3, 0xe8, 0xa3, 0xe8, 0xa3, 0xe8, 0xa3, 0xe8, 0xa3,
  0xe8, 0xa3, 0xe8, 0xa3, 0xe8, 0xa3, 0xe8, 0xa3, 0xe8, 0xa3, 0xe8, 0xa4, 0xe8, 0x62, 0xf4, 0x51, 0x00, 0x00, 0x00, 0x00, 0x00, 0x00, 0x7a, 0xeb, 0xe8, 0xe4, 0xe8, 0xe4, 0xe8, 0xe4, 0xe8, 0xe4,
  0xe8, 0xe4, 0xe8, 0xe4, 0xe8, 0xe4, 0xe8, 0xe4, 0xe8, 0xe4, 0xe8, 0xe4, 0xe8, 0xe4, 0xe8, 0xe4, 0xe8, 0xe4, 0xe8, 0xe4, 0xe8, 0xe4, 0xe8, 0xe4, 0xe8, 0xe4, 0xe8, 0xe4, 0xe8, 0xe4, 0xe8, 0xe4,
  0xe8, 0xe4, 0xe8, 0xe4, 0xe8, 0xe4, 0xe8, 0xe4, 0xe8, 0xe4, 0xe8, 0xe4, 0xe8, 0xe4, 0xe8, 0xe4, 0xe8, 0xe4, 0xe8, 0xe4, 0xe8, 0xe4, 0xe8, 0xe4, 0xe8, 0xe4, 0xe8, 0xe4, 0xe8, 0xe4, 0xe8, 0xe4,
  0xe8, 0xe4, 0xe8, 0xe4, 0xe8, 0xe4, 0xe8, 0xe4, 0xe8, 0xe4, 0xe8, 0xe4, 0xe8, 0xe4, 0xe8, 0xe4, 0xe8, 0xe4, 0xe8, 0xe4, 0xe8, 0xe4, 0xe8, 0xe4, 0xe8, 0xe4, 0xe8, 0xe4, 0xe8, 0xe4, 0xe8, 0xe4,
  0xe8, 0xa3, 0xea, 0x08, 0x00, 0x00, 0x00, 0x00, 0x00, 0x00, 0x00, 0x00, 0x00, 0x00, 0x00, 0x00, 0x00, 0x00, 0x00, 0x00, 0x00, 0x00, 0x00, 0x00, 0x00, 0x00, 0x00, 0x00, 0x00, 0x00, 0x00, 0x00,
  0x00, 0x00, 0x00, 0x00, 0x00, 0x00, 0x00, 0x00, 0x00, 0x00, 0x00, 0x00, 0x00, 0x00, 0x00, 0x00, 0x00, 0x00, 0x00, 0x00, 0x00, 0x00, 0x00, 0x00, 0x00, 0x00, 0x00, 0x00, 0x00, 0x00, 0x00, 0x00,
  0x00, 0x00, 0x00, 0x00, 0x00, 0x00, 0x00, 0x00, 0x00, 0x00, 0x00, 0x00, 0x00, 0x00, 0x00, 0x00, 0x00, 0x00, 0x00, 0x00, 0x00, 0x00, 0x00, 0x00, 0x00, 0x00, 0x00, 0x00, 0x00, 0x00, 0x00, 0x00,
  0x00, 0x00, 0x00, 0x00, 0x00, 0x00, 0x00, 0x00, 0x00, 0x00, 0xab, 0xcf, 0xe8, 0xa3, 0xe8, 0xe4, 0xe8, 0xe4, 0xe8, 0xe4, 0xe8, 0xe4, 0xe8, 0xe4, 0xe8, 0xe4, 0xe8, 0xe4, 0xe8, 0xe4, 0xe8, 0xe4,
  0xe8, 0xe4, 0xe8, 0xc4, 0xe9, 0x05, 0x49, 0xe7, 0x00, 0x00, 0x00, 0x00, 0x00, 0x00, 0x00, 0x00, 0x00, 0x00, 0x00, 0x00, 0x00, 0x00, 0x00, 0x00, 0x00, 0x00, 0x00, 0x00, 0x00, 0x00, 0x00, 0x00,
  0x00, 0x00, 0x00, 0x00, 0x00, 0x00, 0x00, 0x00, 0x00, 0x00, 0x00, 0x00, 0x00, 0x00, 0x00, 0x00, 0x00, 0x00, 0x00, 0x00, 0x00, 0x00, 0x00, 0x00, 0x00, 0x00, 0xf2, 0xab, 0xe8, 0xa3, 0xe9, 0x05,
  0xe8, 0xe4, 0xe8, 0xe4, 0xe8, 0xe4, 0xe8, 0xe4, 0xe8, 0xe4, 0xe8, 0xe4, 0xe8, 0xe4, 0xe8, 0xe4, 0xe8, 0xe4, 0xe8, 0xe4, 0xe8, 0xe4, 0xe8, 0xe4, 0xe8, 0xe4, 0xe8, 0xe4, 0xe8, 0xe4, 0xe8, 0xe4,
  0xe8, 0xe4, 0xe8, 0xe4, 0xe8, 0xe4, 0xe8, 0xe4, 0xe8, 0xe4, 0xe8, 0xe4, 0xe8, 0xe4, 0xe8, 0xe4, 0xe8, 0xe4, 0xe8, 0xe4, 0xe8, 0xe4, 0xe8, 0xe4, 0xe8, 0xe4, 0xe8, 0xe4, 0xe8, 0xe4, 0xe8, 0xe4,
  0xe8, 0xe4, 0xe8, 0xe4, 0xe8, 0xe4, 0xe8, 0xe4, 0xe8, 0xe4, 0xe8, 0xe4, 0xe8, 0xe4, 0xe8, 0xe4, 0xe8, 0xe4, 0xe8, 0xe4, 0xe8, 0xe4, 0xe8, 0xe4, 0xe8, 0xe4, 0xe8, 0xe4, 0xe8, 0xe4, 0xe8, 0xe4,
  0xe8, 0xe4, 0xe8, 0xe4, 0xe8, 0xe4, 0xe8, 0xe4, 0xe8, 0xe4, 0xe8, 0xe4, 0xe8, 0xe4, 0xe8, 0xe4, 0xe8, 0xe4, 0xe8, 0xe4, 0xe8, 0xe4, 0xe8, 0xe4, 0xe8, 0xe4, 0xe8, 0xe4, 0xe8, 0xe4, 0xe8, 0xe4,
  0xe8, 0xe4, 0xe8, 0xe4, 0xe8, 0xe4, 0xe8, 0xe4, 0xe8, 0xe4, 0xe8, 0xe4, 0xe8, 0xe4, 0xe8, 0xe4, 0xe8, 0xe4, 0xe8, 0xe4, 0xe8, 0xe4, 0xe8, 0xe4, 0xe8, 0xe4, 0xe8, 0xe4, 0xe8, 0xe4, 0xe8, 0xe4,
  0xe8, 0xe4, 0xe8, 0xe4, 0xe8, 0xe4, 0xe8, 0xe4, 0xe8, 0xe4, 0xe8, 0xe4, 0xe8, 0xe4, 0xe8, 0xe4, 0xe8, 0xe4, 0xe8, 0xe4, 0xe8, 0xe4, 0xe8, 0xe4, 0xe8, 0xe4, 0xe8, 0xe4, 0xe8, 0xe4, 0xe8, 0xe4,
  0xe8, 0xe4, 0xe8, 0xe4, 0xe8, 0xe4, 0xe8, 0xe4, 0xe8, 0xe4, 0xe8, 0xe4, 0xe8, 0xe4, 0xe8, 0xe4, 0xe8, 0xe4, 0xe8, 0xe4, 0xe8, 0xe4, 0xe8, 0xe4, 0xe8, 0xe4, 0xe8, 0xe4, 0xe8, 0xe4, 0xe8, 0xe4,
  0xe8, 0xe4, 0xe8, 0xe4, 0xe8, 0xe4, 0xe8, 0xe4, 0xe8, 0x83, 0xf3, 0xcf, 0x00, 0x00, 0x00, 0x00, 0x00, 0x00, 0x00, 0x00, 0x00, 0x00, 0x00, 0x00, 0x00, 0x00, 0x00, 0x00, 0x00, 0x00, 0x00, 0x00,
  0x00, 0x00, 0x00, 0x00, 0x00, 0x00, 0x00, 0x00, 0x00, 0x00, 0x00, 0x00, 0x00, 0x00, 0x00, 0x00, 0x00, 0x00, 0x00, 0x00, 0x00, 0x00, 0x00, 0x00, 0xf4, 0x31, 0xe8, 0x83, 0xe8, 0xe4, 0xe8, 0xe4,
  0xe8, 0xe4, 0xe8, 0xe4, 0xe8, 0xe4, 0xe8, 0xe4, 0xe8, 0xe4, 0xe8, 0xe4, 0xe8, 0xe4, 0xe8, 0xe4, 0xe8, 0xe4, 0xe8, 0xe4, 0xe9, 0x05, 0xe9, 0x05, 0xe9, 0x05, 0xe9, 0x05, 0xe9, 0x05, 0xe9, 0x05,
  0xe9, 0x25, 0xe9, 0x25, 0xe9, 0x25, 0xe9, 0x25, 0xe9, 0x25, 0xe9, 0x46, 0xe9, 0x46, 0xe9, 0x46, 0xe9, 0x46, 0xe9, 0x46, 0xe9, 0x66, 0xe9, 0x66, 0xe9, 0x66, 0xe9, 0x66, 0xe9, 0x66, 0xe9, 0x86,
  0xe9, 0x86, 0xe9, 0x86, 0xe9, 0x86, 0xe9, 0x87, 0xe9, 0xa7, 0xe9, 0xa7, 0xe9, 0xa7, 0xe9, 0xa7, 0xe9, 0xc8, 0xe9, 0xa7, 0xf2, 0x49, 0x18, 0xa2, 0x00, 0x00, 0x00, 0x00, 0x00, 0x00, 0xf2, 0xcc,
  0xe8, 0x83, 0xe8, 0xe4, 0xe8, 0xe4, 0xe8, 0xe4, 0xe8, 0xe4, 0xe8, 0xe4, 0xe8, 0xe4, 0xe8, 0xe4, 0xe8, 0xe4, 0xe8, 0xe4, 0xe8, 0xe4, 0xe8, 0xe4, 0xe8, 0xe4, 0xe8, 0xe4, 0xe8, 0xa3, 0xe8, 0x63,
  0xe8, 0x83, 0xe8, 0x83, 0xe8, 0x83, 0xe8, 0x83, 0xe8, 0x83, 0xe8, 0x83, 0xe8, 0x63, 0xe8, 0x63, 0xe8, 0x63, 0xe8, 0x63, 0xe8, 0x63, 0xe8, 0x83, 0xe8, 0x83, 0xe8, 0x83, 0xe8, 0x83, 0xe8, 0x83,
  0xe8, 0x83, 0xe8, 0x83, 0xe8, 0x83, 0xe8, 0x83, 0xe8, 0xa3, 0xe8, 0xe4, 0xe8, 0xe4, 0xe8, 0xe4, 0xe8, 0xe4, 0xe8, 0xe4, 0xe8, 0xe4, 0xe8, 0xe4, 0xe8, 0xe4, 0xe8, 0xe4, 0xe8, 0xe4, 0xe8, 0xe4,
  0xe8, 0xe4, 0xe8, 0xe4, 0xe8, 0xe4, 0xe8, 0xe4, 0xe8, 0xa3, 0xd4, 0x31, 0x00, 0x00, 0x00, 0x00, 0x00, 0x00, 0x00, 0x00, 0x00, 0x00, 0x00, 0x00, 0x00, 0x00, 0x00, 0x00, 0x00, 0x00, 0x00, 0x00,
  0x00, 0x00, 0x00, 0x00, 0x00, 0x00, 0x00, 0x00, 0x00, 0x00, 0x00, 0x00, 0x00, 0x00, 0x00, 0x00, 0x00, 0x00, 0x00, 0x00, 0x00, 0x00, 0x00, 0x00, 0x00, 0x00, 0x00, 0x00, 0x00, 0x00, 0x00, 0x00,
  0x00, 0x00, 0x00, 0x00, 0x00, 0x00, 0x00, 0x00, 0x00, 0x00, 0x00, 0x00, 0x00, 0x00, 0x00, 0x00, 0x00, 0x00, 0x00, 0x00, 0x00, 0x00, 0x00, 0x00, 0x00, 0x00, 0x00, 0x00, 0x00, 0x00, 0x00, 0x00,
  0x00, 0x00, 0x00, 0x00, 0x00, 0x00, 0x00, 0x00, 0x00, 0x00, 0x00, 0x00, 0x00, 0x00, 0x00, 0x00, 0x00, 0x00, 0x72, 0xeb, 0xe8, 0xc4, 0xe8, 0xe4, 0xe8, 0xe4, 0xe8, 0xe4, 0xe8, 0xe4, 0xe8, 0xe4,
  0xe8, 0xe4, 0xe8, 0xe4, 0xe8, 0xe4, 0xe8, 0xe4, 0xe8, 0xe4, 0xe8, 0xe4, 0xe8, 0xa3, 0x9b, 0x6d, 0x00, 0x00, 0x00, 0x00, 0x00, 0x00, 0x00, 0x00, 0x00, 0x00, 0x00, 0x00, 0x00, 0x00, 0x00, 0x00,
  0x00, 0x00, 0x00, 0x00, 0x00, 0x00, 0x00, 0x00, 0x00, 0x00, 0x00, 0x00, 0x00, 0x00, 0x00, 0x00, 0x00, 0x00, 0x00, 0x00, 0x00, 0x00, 0x00, 0x00, 0x00, 0x00, 0x00, 0x00, 0x00, 0x00, 0x00, 0x00,
  0x00, 0x00, 0xf2, 0x6a, 0xe8, 0x22, 0xe8, 0xa3, 0xe8, 0x83, 0xe8, 0x83, 0xe8, 0x83, 0xe8, 0x83, 0xe8, 0x83, 0xe8, 0x83, 0xe8, 0x83, 0xe8, 0x83, 0xe8, 0x83, 0xe8, 0x83, 0xe8, 0x83, 0xe8, 0x83,
  0xe8, 0x83, 0xe8, 0x83, 0xe8, 0x83, 0xe8, 0x83, 0xe8, 0x83, 0xe8, 0x83, 0xe8, 0x83, 0xe8, 0x83, 0xe8, 0x83, 0xe8, 0x83, 0xe8, 0x83, 0xe8, 0x83, 0xe8, 0x83, 0xe8, 0x83, 0xe8, 0x83, 0xe8, 0x83,
  0xe8, 0x83, 0xe8, 0x83, 0xe8, 0x83, 0xe8, 0x83, 0xe8, 0x83, 0xe8, 0x83, 0xe8, 0x83, 0xe8, 0x83, 0xe8, 0x83, 0xe8, 0x83, 0xe8, 0x83, 0xe8, 0x83, 0xe8, 0x83, 0xe8, 0x83, 0xe8, 0x83, 0xe8, 0x83,
  0xe8, 0x83, 0xe8, 0x83, 0xe8, 0x83, 0xe8, 0x83, 0xe8, 0x83, 0xe8, 0x83, 0xe8, 0x83, 0xe8, 0x83, 0xe8, 0x83, 0xe8, 0x83, 0xe8, 0x83, 0xe8, 0x83, 0xe8, 0xa3, 0xe8, 0xe4, 0xe8, 0xe4, 0xe8, 0xe4,
  0xe8, 0xe4, 0xe8, 0xe4, 0xe8, 0xe4, 0xe8, 0xe4, 0xe8, 0xe4, 0xe8, 0xe4, 0xe8, 0xe4, 0xe8, 0xe4, 0xe8, 0xe4, 0xe8, 0xe4, 0xe8, 0xe4, 0xe8, 0xe4, 0xe8, 0xe4, 0xe8, 0xe4, 0xe8, 0xe4, 0xe8, 0xe4,
  0xe8, 0xc4, 0xe8, 0x83, 0xe8, 0x83, 0xe8, 0x83, 0xe8, 0x83, 0xe8, 0x83, 0xe8, 0x83, 0xe8, 0x83, 0xe8, 0x83, 0xe8, 0x83, 0xe8, 0x83, 0xe8, 0x83, 0xe8, 0x83, 0xe8, 0x83, 0xe8, 0x83, 0xe8, 0x83,
  0xe8, 0xa3, 0xe8, 0xa3, 0xe8, 0x83, 0xe8, 0xa3, 0xe8, 0xa3, 0xe8, 0xa3, 0xe8, 0xa3, 0xe8, 0xa3, 0xe8, 0xa3, 0xe8, 0xa3, 0xe8, 0xa3, 0xe8, 0xa3, 0xe8, 0xc4, 0xe8, 0xe4, 0xe8, 0xe4, 0xe8, 0xe4,
  0xe8, 0xe4, 0xe8, 0xe4, 0xe8, 0xe4, 0xe8, 0xe4, 0xe8, 0xe4, 0xe8, 0xe4, 0xe8, 0xe4, 0xe8, 0xe4, 0xe8, 0x83, 0xf3, 0xcf, 0x00, 0x00, 0x00, 0x00, 0x00, 0x00, 0x00, 0x00, 0x00, 0x00, 0x00, 0x00,
  0x00, 0x00, 0x00, 0x00, 0x00, 0x00, 0x00, 0x00, 0x00, 0x00, 0x00, 0x00, 0x00, 0x00, 0x00, 0x00, 0x00, 0x00, 0x00, 0x00, 0x00, 0x00, 0x00, 0x00, 0x00, 0x00, 0x00, 0x00, 0x00, 0x00, 0x00, 0x00,
  0xf4, 0x31, 0xe8, 0x83, 0xe8, 0xe4, 0xe8, 0xe4, 0xe8, 0xe4, 0xe8, 0xe4, 0xe8, 0xe4, 0xe8, 0xe4, 0xe8, 0xe4, 0xe8, 0xe4, 0xe8, 0xe4, 0xe8, 0xe4, 0xe8, 0xc4, 0xe9, 0x46, 0xab, 0xaf, 0x52, 0x28,
  0x5a, 0x49, 0x52, 0x28, 0x52, 0x28, 0x52, 0x28, 0x4a, 0x08, 0x49, 0xe7, 0x49, 0xe7, 0x49, 0xe7, 0x41, 0xc7, 0x39, 0x86, 0x39, 0x86, 0x39, 0x86, 0x39, 0x86, 0x31, 0x65, 0x29, 0x24, 0x29, 0x24,
  0x29, 0x24, 0x29, 0x24, 0x21, 0x04, 0x18, 0xc3, 0x18, 0xc3, 0x18, 0xc3, 0x18, 0xc3, 0x10, 0x82, 0x08, 0x61, 0x10, 0x61, 0x10, 0x61, 0x08, 0x61, 0x00, 0x20, 0x08, 0x41, 0x00, 0x00, 0x00, 0x00,
  0x00, 0x00, 0x00, 0x00, 0x8b, 0x2d, 0xe8, 0xc4, 0xe8, 0xe4, 0xe8, 0xe4, 0xe8, 0xe4, 0xe8, 0xe4, 0xe8, 0xe4, 0xe8, 0xe4, 0xe8, 0xe4, 0xe8, 0xe4, 0xe8, 0xe4, 0xe8, 0xe4, 0xe8, 0xe4, 0xe8, 0xe4,
  0xe8, 0xe4, 0xe8, 0xc4, 0xf2, 0x8a, 0xf3, 0xaf, 0xf3, 0x6e, 0xf3, 0x8e, 0xf3, 0xaf, 0xf3, 0xaf, 0xf3, 0xaf, 0xf3, 0xf0, 0xf3, 0xf0, 0xf3, 0xf0, 0xf4, 0x10, 0xf4, 0x31, 0xf4, 0x11, 0xf4, 0x31,
  0xf4, 0x51, 0xf4, 0x51, 0xf4, 0x51, 0xf4, 0x92, 0xf4, 0x92, 0xf4, 0x92, 0xec, 0x72, 0xd4, 0x31, 0xf4, 0x11, 0xe9, 0x05, 0xe8, 0xc4, 0xe8, 0xe4, 0xe8, 0xe4, 0xe8, 0xe4, 0xe8, 0xe4, 0xe8, 0xe4,
  0xe8, 0xe4, 0xe8, 0xe4, 0xe8, 0xe4, 0xe8, 0xe4, 0xe8, 0xe4, 0xe8, 0xe4, 0xe8, 0xe4, 0xe8, 0xa3, 0xf2, 0x29, 0x00, 0x00, 0x00, 0x00, 0x00, 0x00, 0x00, 0x00, 0x00, 0x00, 0x00, 0x00, 0x00, 0x00,
  0x00, 0x00, 0x00, 0x00, 0x00, 0x00, 0x00, 0x00, 0x00, 0x00, 0x00, 0x00, 0x00, 0x00, 0x00, 0x00, 0x00, 0x00, 0x00, 0x00, 0x00, 0x00, 0x00, 0x00, 0x00, 0x00, 0x00, 0x00, 0x00, 0x00, 0x00, 0x00,
  0x00, 0x00, 0x00, 0x00, 0x00, 0x00, 0x00, 0x00, 0x00, 0x00, 0x00, 0x00, 0x00, 0x00, 0x00, 0x00, 0x00, 0x00, 0x00, 0x00, 0x00, 0x00, 0x00, 0x00, 0x00, 0x00, 0x00, 0x00, 0x00, 0x00, 0x00, 0x00,
  0x00, 0x00, 0x00, 0x00, 0x00, 0x00, 0x00, 0x00, 0x00, 0x00, 0x00, 0x00, 0x00, 0x00, 0x00, 0x00, 0x00, 0x00, 0x00, 0x00, 0x00, 0x00, 0x00, 0x00, 0x00, 0x00, 0x39, 0x86, 0xe9, 0x25, 0xe8, 0xc4,
  0xe8, 0xe4, 0xe8, 0xe4, 0xe8, 0xe4, 0xe8, 0xe4, 0xe8, 0xe4, 0xe8, 0xe4, 0xe8, 0xe4, 0xe8, 0xe4, 0xe8, 0xe4, 0xe8, 0xe4, 0xe8, 0x83, 0xf4, 0x72, 0x00, 0x00, 0x00, 0x00, 0x00, 0x00, 0x00, 0x00,
  0x00, 0x00, 0x00, 0x00, 0x00, 0x00, 0x00, 0x00, 0x00, 0x00, 0x00, 0x00, 0x00, 0x00, 0x00, 0x00, 0x00, 0x00, 0x00, 0x00, 0x00, 0x00, 0x00, 0x00, 0x00, 0x00, 0x00, 0x00, 0x00, 0x00, 0x00, 0x00,
  0x00, 0x00, 0x00, 0x00, 0x00, 0x00, 0x00, 0x00, 0x00, 0x00, 0xdc, 0x51, 0xf3, 0xaf, 0xf3, 0xcf, 0xf3, 0xcf, 0xf3, 0xcf, 0xf3, 0xcf, 0xf3, 0xcf, 0xf3, 0xcf, 0xf3, 0xcf, 0xf3, 0xcf, 0xf3, 0xcf,
  0xf3, 0xcf, 0xf3, 0xcf, 0xf3, 0xcf, 0xf3, 0xcf, 0xf3, 0xcf, 0xf3, 0xcf, 0xf3, 0xcf, 0xf3, 0xcf, 0xf3, 0xcf, 0xf3, 0xcf, 0xf3, 0xcf, 0xf3, 0xcf, 0xf3, 0xcf, 0xf3, 0xcf, 0xf3, 0xcf, 0xf3, 0xcf,
  0xf3, 0xcf, 0xf3, 0xcf, 0xf3, 0xcf, 0xf3, 0xcf, 0xf3, 0xcf, 0xf3, 0xcf, 0xf3, 0xcf, 0xf3, 0xcf, 0xf3, 0xcf, 0xf3, 0xcf, 0xf3, 0xcf, 0xf3, 0xcf, 0xf3, 0xcf, 0xf3, 0xcf, 0xf3, 0xcf, 0xf3, 0xcf,
  0xf3, 0xcf, 0xf3, 0xcf, 0xf3, 0xcf, 0xf3, 0xcf, 0xf3, 0xcf, 0xf3, 0xcf, 0xf3, 0xcf, 0xf3, 0xcf, 0xf3, 0xcf, 0xf3, 0xcf, 0xf3, 0xcf, 0xf3, 0xcf, 0xf3, 0xcf, 0xf3, 0xcf, 0xf3, 0xd0, 0xf3, 0x2d,
  0xe9, 0xa7, 0xe8, 0xa3, 0xe8, 0x83, 0xe8, 0xc4, 0xe8, 0xe4, 0xe8, 0xe4, 0xe8, 0xe4, 0xe8, 0xe4, 0xe8, 0xe4, 0xe8, 0xe4, 0xe8, 0xe4, 0xe8, 0xe4, 0xe8, 0xe4, 0xe8, 0xe4, 0xe8, 0xe4, 0xe8, 0xe4,
  0xe8, 0xe4, 0xe8, 0xe4, 0xe8, 0xe4, 0xe8, 0xc4, 0xe9, 0xc8, 0xf3, 0xf0, 0xf3, 0xf0, 0xf3, 0xf0, 0xf4, 0x10, 0xf4, 0x10, 0xf4, 0x10, 0xf4, 0x31, 0xf4, 0x31, 0xf4, 0x31, 0xf4, 0x31, 0xf4, 0x72,
  0xf4, 0x72, 0xf4, 0x72, 0xf4, 0x72, 0xf4, 0x92, 0xec, 0x72, 0xec, 0x72, 0xec, 0x72, 0xdc, 0x51, 0xdc, 0x51, 0xdc, 0x51, 0xdc, 0x51, 0xcc, 0x31, 0xc4, 0x10, 0xc4, 0x10, 0xcc, 0x30, 0xb3, 0xef,
  0xeb, 0x0c, 0xe8, 0xa3, 0xe8, 0xe4, 0xe8, 0xe4, 0xe8, 0xe4, 0xe8, 0xe4, 0xe8, 0xe4, 0xe8, 0xe4, 0xe8, 0xe4, 0xe8, 0xe4, 0xe8, 0xe4, 0xe8, 0xe4, 0xe8, 0x83, 0xf3, 0xcf, 0x00, 0x00, 0x00, 0x00,
  0x00, 0x00, 0x00, 0x00, 0x00, 0x00, 0x00, 0x00, 0x00, 0x00, 0x00, 0x00, 0x00, 0x00, 0x00, 0x00, 0x00, 0x00, 0x00, 0x00, 0x00, 0x00, 0x00, 0x00, 0x00, 0x00, 0x00, 0x00, 0x00, 0x00, 0x00, 0x00,
  0x00, 0x00, 0x00, 0x00, 0x00, 0x00, 0x00, 0x00, 0xf4, 0x31, 0xe8, 0x83, 0xe8, 0xe4, 0xe8, 0xe4, 0xe8, 0xe4, 0xe8, 0xe4, 0xe8, 0xe4, 0xe8, 0xe4, 0xe8, 0xe4, 0xe8, 0xe4, 0xe8, 0xe4, 0xe8, 0xe4,
  0xe8, 0xc4, 0xe9, 0x66, 0x08, 0x61, 0x00, 0x00, 0x00, 0x00, 0x00, 0x00, 0x00, 0x00, 0x00, 0x00, 0x00, 0x00, 0x00, 0x00, 0x00, 0x00, 0x00, 0x00, 0x00, 0x00, 0x00, 0x00, 0x00, 0x00, 0x00, 0x00,
  0x00, 0x00, 0x00, 0x00, 0x00, 0x00, 0x00, 0x00, 0x00, 0x00, 0x00, 0x00, 0x00, 0x00, 0x00, 0x00, 0x00, 0x00, 0x00, 0x00, 0x00, 0x00, 0x00, 0x00, 0x00, 0x00, 0x00, 0x00, 0x00, 0x00, 0x00, 0x00,
  0x00, 0x00, 0x00, 0x00, 0x00, 0x00, 0x00, 0x00, 0x00, 0x00, 0x00, 0x00, 0xf2, 0xab, 0xe8, 0x83, 0xe8, 0xe4, 0xe8, 0xe4, 0xe8, 0xe4, 0xe8, 0xe4, 0xe8, 0xe4, 0xe8, 0xe4, 0xe8, 0xe4, 0xe8, 0xe4,
  0xe8, 0xe4, 0xe8, 0xe4, 0xe8, 0xe4, 0xe8, 0xe4, 0xe8, 0xa3, 0xe9, 0xa7, 0x08, 0x61, 0x00, 0x00, 0x00, 0x00, 0x00, 0x00, 0x00, 0x00, 0x00, 0x00, 0x00, 0x00, 0x00, 0x00, 0x00, 0x00, 0x00, 0x00,
  0x00, 0x00, 0x00, 0x00, 0x00, 0x00, 0x00, 0x00, 0x00, 0x00, 0x00, 0x00, 0x00, 0x00, 0x00, 0x00, 0x00, 0x00, 0x00, 0x00, 0x00, 0x00, 0x00, 0x00, 0xec, 0x72, 0xe8, 0xa3, 0xe8, 0xe4, 0xe8, 0xe4,
  0xe8, 0xe4, 0xe8, 0xe4, 0xe8, 0xe4, 0xe8, 0xe4, 0xe8, 0xe4, 0xe8, 0xe4, 0xe8, 0xe4, 0xe8, 0xe4, 0xe8, 0xe4, 0xe8, 0xe4, 0xe8, 0xe4, 0xe8, 0xa3, 0xb3, 0xef, 0x00, 0x00, 0x00, 0x00, 0x00, 0x00,
  0x00, 0x00, 0x00, 0x00, 0x00, 0x00, 0x00, 0x00, 0x00, 0x00, 0x00, 0x00, 0x00, 0x00, 0x00, 0x00, 0x00, 0x00, 0x00, 0x00, 0x00, 0x00, 0x00, 0x00, 0x00, 0x00, 0x00, 0x00, 0x00, 0x00, 0x00, 0x00,
  0x00, 0x00, 0x00, 0x00, 0x00, 0x00, 0x00, 0x00, 0x00, 0x00, 0x00, 0x00, 0x00, 0x00, 0x00, 0x00, 0x00, 0x00, 0x00, 0x00, 0x00, 0x00, 0x00, 0x00, 0x00, 0x00, 0x00, 0x00, 0x00, 0x00, 0x00, 0x00,
  0x00, 0x00, 0x00, 0x00, 0x00, 0x00, 0x00, 0x00, 0x00, 0x00, 0x00, 0x00, 0x00, 0x00, 0x00, 0x00, 0x00, 0x00, 0x00, 0x00, 0x00, 0x00, 0x00, 0x00, 0x00, 0x00, 0x00, 0x00, 0x00, 0x00, 0x00, 0x00,
  0x00, 0x00, 0x00, 0x00, 0xe9, 0xc8, 0xe8, 0xa3, 0xe8, 0xe4, 0xe8, 0xe4, 0xe8, 0xe4, 0xe8, 0xe4, 0xe8, 0xe4, 0xe8, 0xe4, 0xe8, 0xe4, 0xe8, 0xe4, 0xe8, 0xe4, 0xe8, 0xe4, 0xe8, 0x83, 0xf3, 0x0c,
  0x00, 0x00, 0x00, 0x00, 0x00, 0x00, 0x00, 0x00, 0x00, 0x00, 0x00, 0x00, 0x00, 0x00, 0x00, 0x00, 0x00, 0x00, 0x00, 0x00, 0x00, 0x00, 0x00, 0x00, 0x00, 0x00, 0x00, 0x00, 0x00, 0x00, 0x00, 0x00,
  0x00, 0x00, 0x00, 0x00, 0x00, 0x00, 0x00, 0x00, 0x00, 0x00, 0x00, 0x00, 0x00, 0x00, 0x00, 0x00, 0x00, 0x00, 0x00, 0x00, 0x00, 0x00, 0x00, 0x00, 0x00, 0x00, 0x00, 0x00, 0x00, 0x00, 0x00, 0x00,
  0x00, 0x00, 0x00, 0x00, 0x00, 0x00, 0x00, 0x00, 0x00, 0x00, 0x00, 0x00, 0x00, 0x00, 0x00, 0x00, 0x00, 0x00, 0x00, 0x00, 0x00, 0x00, 0x00, 0x00, 0x00, 0x00, 0x00, 0x00, 0x00, 0x00, 0x00, 0x00,
  0x00, 0x00, 0x00, 0x00, 0x00, 0x00, 0x00, 0x00, 0x00, 0x00, 0x00, 0x00, 0x00, 0x00, 0x00, 0x00, 0x00, 0x00, 0x00, 0x00, 0x00, 0x00, 0x00, 0x00, 0x00, 0x00, 0x00, 0x00, 0x00, 0x00, 0x00, 0x00,
  0x00, 0x00, 0x00, 0x00, 0x00, 0x00, 0x00, 0x00, 0x00, 0x00, 0x00, 0x00, 0x00, 0x00, 0x00, 0x00, 0x00, 0x00, 0x00, 0x00, 0x00, 0x00, 0x00, 0x00, 0x00, 0x00, 0x00, 0x00, 0x00, 0x00, 0x00, 0x00,
  0x00, 0x00, 0x00, 0x00, 0x00, 0x00, 0x00, 0x00, 0x10, 0x82, 0xbb, 0xef, 0xf2, 0xcb, 0xe9, 0x05, 0xe8, 0x83, 0xe8, 0xc4, 0xe8, 0xe4, 0xe8, 0xe4, 0xe8, 0xe4, 0xe8, 0xe4, 0xe8, 0xe4, 0xe8, 0xe4,
  0xe8, 0xe4, 0xe8, 0xe4, 0xe8, 0xe4, 0xe8, 0xe4, 0xe8, 0xe4, 0xe8, 0xe4, 0xe8, 0xe4, 0xe8, 0xc4, 0xe9, 0x25, 0xf4, 0x10, 0x00, 0x00, 0x00, 0x00, 0x00, 0x00, 0x00, 0x00, 0x00, 0x00, 0x00, 0x00,
  0x00, 0x00, 0x00, 0x00, 0x00, 0x00, 0x00, 0x00, 0x00, 0x00, 0x00, 0x00, 0x00, 0x00, 0x00, 0x00, 0x00, 0x00, 0x00, 0x00, 0x00, 0x00, 0x00, 0x00, 0x00, 0x00, 0x00, 0x00, 0x00, 0x00, 0x00, 0x00,
  0x00, 0x00, 0x00, 0x00, 0x00, 0x00, 0x00, 0x00, 0xf4, 0x92, 0xe8, 0x83, 0xe8, 0xe4, 0xe8, 0xe4, 0xe8, 0xe4, 0xe8, 0xe4, 0xe8, 0xe4, 0xe8, 0xe4, 0xe8, 0xe4, 0xe8, 0xe4, 0xe8, 0xe4, 0xe8, 0xe4,
  0xe8, 0x83, 0xf3, 0xcf, 0x00, 0x00, 0x00, 0x00, 0x00, 0x00, 0x00, 0x00, 0x00, 0x00, 0x00, 0x00, 0x00, 0x00, 0x00, 0x00, 0x00, 0x00, 0x00, 0x00, 0x00, 0x00, 0x00, 0x00, 0x00, 0x00, 0x00, 0x00,
  0x00, 0x00, 0x00, 0x00, 0x00, 0x00, 0x00, 0x00, 0x00, 0x00, 0x00, 0x00, 0x00, 0x00, 0x00, 0x00, 0xf4, 0x31, 0xe8, 0x83, 0xe8, 0xe4, 0xe8, 0xe4, 0xe8, 0xe4, 0xe8, 0xe4, 0xe8, 0xe4, 0xe8, 0xe4,
  0xe8, 0xe4, 0xe8, 0xe4, 0xe8, 0xe4, 0xe8, 0xe4, 0xe8, 0xc4, 0xe9, 0x66, 0x29, 0x24, 0x00, 0x00, 0x00, 0x00, 0x00, 0x00, 0x00, 0x00, 0x00, 0x00, 0x00, 0x00, 0x00, 0x00, 0x00, 0x00, 0x00, 0x00,
  0x00, 0x00, 0x00, 0x00, 0x00, 0x00, 0x00, 0x00, 0x00, 0x00, 0x00, 0x00, 0x00, 0x00, 0x00, 0x00, 0x00, 0x00, 0x00, 0x00, 0x00, 0x00, 0x00, 0x00, 0x00, 0x00, 0x00, 0x00, 0x00, 0x00, 0x00, 0x00,
  0x00, 0x00, 0x00, 0x00, 0x00, 0x00, 0x00, 0x00, 0x00, 0x00, 0x00, 0x00, 0x00, 0x00, 0x00, 0x00, 0x00, 0x00, 0x9b, 0x6e, 0xe8, 0xc4, 0xe8, 0xe4, 0xe8, 0xe4, 0xe8, 0xe4, 0xe8, 0xe4, 0xe8, 0xe4,
  0xe8, 0xe4, 0xe8, 0xe4, 0xe8, 0xe4, 0xe8, 0xe4, 0xe8, 0xe4, 0xe8, 0xe4, 0xe8, 0xe4, 0xe8, 0xe4, 0xe8, 0x83, 0xf4, 0x92, 0x00, 0x00, 0x00, 0x00, 0x00, 0x00, 0x00, 0x00, 0x00, 0x00, 0x00, 0x00,
  0x00, 0x00, 0x00, 0x00, 0x00, 0x00, 0x00, 0x00, 0x00, 0x00, 0x00, 0x00, 0x00, 0x00, 0x00, 0x00, 0x00, 0x00, 0x00, 0x00, 0x00, 0x00, 0x00, 0x00, 0x00, 0x00, 0x00, 0x00, 0x00, 0x00, 0x18, 0xc3,
  0xe9, 0x66, 0xe8, 0xa3, 0xe8, 0xe4, 0xe8, 0xe4, 0xe8, 0xe4, 0xe8, 0xe4, 0xe8, 0xe4, 0xe8, 0xe4, 0xe8, 0xe4, 0xe8, 0xe4, 0xe8, 0xe4, 0xe8, 0xe4, 0xe8, 0xe4, 0xe8, 0xe4, 0xe8, 0x83, 0xf2, 0x6a,
  0x00, 0x00, 0x00, 0x00, 0x00, 0x00, 0x00, 0x00, 0x00, 0x00, 0x00, 0x00, 0x00, 0x00, 0x00, 0x00, 0x00, 0x00, 0x00, 0x00, 0x00, 0x00, 0x00, 0x00, 0x00, 0x00, 0x00, 0x00, 0x00, 0x00, 0x00, 0x00,
  0x00, 0x00, 0x00, 0x00, 0x00, 0x00, 0x00, 0x00, 0x00, 0x00, 0x00, 0x00, 0x00, 0x00, 0x00, 0x00, 0x00, 0x00, 0x00, 0x00, 0x00, 0x00, 0x00, 0x00, 0x00, 0x00, 0x00, 0x00, 0x00, 0x00, 0x00, 0x00,
  0x00, 0x00, 0x00, 0x00, 0x00, 0x00, 0x00, 0x00, 0x00, 0x00, 0x00, 0x00, 0x00, 0x00, 0x00, 0x00, 0x00, 0x00, 0x00, 0x00, 0x00, 0x00, 0x00, 0x00, 0x00, 0x00, 0x00, 0x00, 0x00, 0x00, 0x00, 0x00,
  0x00, 0x00, 0x00, 0x00, 0x00, 0x00, 0x00, 0x00, 0x00, 0x00, 0x00, 0x00, 0xf2, 0xcb, 0xe8, 0x83, 0xe8, 0xe4, 0xe8, 0xe4, 0xe8, 0xe4, 0xe8, 0xe4, 0xe8, 0xe4, 0xe8, 0xe4, 0xe8, 0xe4, 0xe8, 0xe4,
  0xe8, 0xe4, 0xe8, 0xe4, 0xe8, 0xa3, 0xe9, 0xa7, 0x10, 0x82, 0x00, 0x00, 0x00, 0x00, 0x00, 0x00, 0x00, 0x00, 0x00, 0x00, 0x00, 0x00, 0x00, 0x00, 0x00, 0x00, 0x00, 0x00, 0x00, 0x00, 0x00, 0x00,
  0x00, 0x00, 0x00, 0x00, 0x00, 0x00, 0x00, 0x00, 0x00, 0x00, 0x00, 0x00, 0x00, 0x00, 0x00, 0x00, 0x00, 0x00, 0x00, 0x00, 0x00, 0x00, 0x00, 0x00, 0x00, 0x00, 0x00, 0x00, 0x00, 0x00, 0x00, 0x00,
  0x00, 0x00, 0x00, 0x00, 0x00, 0x00, 0x00, 0x00, 0x00, 0x00, 0x00, 0x00, 0x00, 0x00, 0x00, 0x00, 0x00, 0x00, 0x00, 0x00, 0x00, 0x00, 0x00, 0x00, 0x00, 0x00, 0x00, 0x00, 0x00, 0x00, 0x00, 0x00,
  0x00, 0x00, 0x00, 0x00, 0x00, 0x00, 0x00, 0x00, 0x00, 0x00, 0x00, 0x00, 0x00, 0x00, 0x00, 0x00, 0x00, 0x00, 0x00, 0x00, 0x00, 0x00, 0x00, 0x00, 0x00, 0x00, 0x00, 0x00, 0x00, 0x00, 0x00, 0x00,
  0x00, 0x00, 0x00, 0x00, 0x00, 0x00, 0x00, 0x00, 0x00, 0x00, 0x00, 0x00, 0x00, 0x00, 0x00, 0x00, 0x00, 0x00, 0x00, 0x00, 0x00, 0x00, 0x00, 0x00, 0x00, 0x00, 0x00, 0x00, 0x00, 0x00, 0x00, 0x00,
  0x00, 0x00, 0x00, 0x00, 0x00, 0x00, 0x00, 0x00, 0x00, 0x00, 0x00, 0x00, 0x00, 0x00, 0x00, 0x00, 0x00, 0x00, 0x00, 0x00, 0x00, 0x00, 0x62, 0x8a, 0xf3, 0x6e, 0xe9, 0x05, 0xe8, 0x83, 0xe8, 0xe4,
  0xe8, 0xe4, 0xe8, 0xe4, 0xe8, 0xe4, 0xe8, 0xe4, 0xe8, 0xe4, 0xe8, 0xe4, 0xe8, 0xe4, 0xe8, 0xe4, 0xe8, 0xe4, 0xe8, 0xe4, 0xe8, 0xe4, 0xe8, 0xe4, 0xe8, 0xc4, 0xe8, 0x62, 0xf2, 0x4a, 0x31, 0x45,
  0x00, 0x00, 0x00, 0x00, 0x00, 0x00, 0x00, 0x00, 0x00, 0x00, 0x00, 0x00, 0x00, 0x00, 0x00, 0x00, 0x00, 0x00, 0x00, 0x00, 0x00, 0x00, 0x00, 0x00, 0x00, 0x00, 0x00, 0x00, 0x00, 0x00, 0x00, 0x00,
  0x00, 0x00, 0x00, 0x00, 0x00, 0x00, 0x00, 0x00, 0x00, 0x00, 0x00, 0x00, 0x00, 0x00, 0x00, 0x00, 0xf4, 0x51, 0xe8, 0x83, 0xe8, 0xe4, 0xe8, 0xe4, 0xe8, 0xe4, 0xe8, 0xe4, 0xe8, 0xe4, 0xe8, 0xe4,
  0xe8, 0xe4, 0xe8, 0xe4, 0xe8, 0xe4, 0xe8, 0xe4, 0xe8, 0x83, 0xf3, 0xcf, 0x00, 0x00, 0x00, 0x00, 0x00, 0x00, 0x00, 0x00, 0x00, 0x00, 0x00, 0x00, 0x00, 0x00, 0x00, 0x00, 0x00, 0x00, 0x00, 0x00,
  0x00, 0x00, 0x00, 0x00, 0x00, 0x00, 0x00, 0x00, 0x00, 0x00, 0x00, 0x00, 0x00, 0x00, 0x00, 0x00, 0x00, 0x00, 0x00, 0x00, 0x00, 0x00, 0x00, 0x00, 0xf4, 0x31, 0xe8, 0x83, 0xe8, 0xe4, 0xe8, 0xe4,
  0xe8, 0xe4, 0xe8, 0xe4, 0xe8, 0xe4, 0xe8, 0xe4, 0xe8, 0xe4, 0xe8, 0xe4, 0xe8, 0xe4, 0xe8, 0xe4, 0xe8, 0xc4, 0xe9, 0x66, 0x21, 0x04, 0x00, 0x00, 0x00, 0x00, 0x00, 0x00, 0x00, 0x00, 0x00, 0x00,
  0x00, 0x00, 0x00, 0x00, 0x00, 0x00, 0x00, 0x00, 0x00, 0x00, 0x00, 0x00, 0x00, 0x00, 0x00, 0x00, 0x00, 0x00, 0x00, 0x00, 0x00, 0x00, 0x00, 0x00, 0x00, 0x00, 0x00, 0x00, 0x00, 0x00, 0x00, 0x00,
  0x00, 0x00, 0x00, 0x00, 0x00, 0x00, 0x00, 0x00, 0x00, 0x00, 0x00, 0x00, 0x00, 0x00, 0x00, 0x00, 0x00, 0x00, 0x00, 0x00, 0x00, 0x00, 0x00, 0x00, 0x00, 0x00, 0xf2, 0x8a, 0xe8, 0x83, 0xe8, 0xe4,
  0xe8, 0xe4, 0xe8, 0xe4, 0xe8, 0xe4, 0xe8, 0xe4, 0xe8, 0xe4, 0xe8, 0xe4, 0xe8, 0xe4, 0xe8, 0xe4, 0xe8, 0xe4, 0xe8, 0xe4, 0xe8, 0xe4, 0xe8, 0xa3, 0xe9, 0xc8, 0x08, 0x41, 0x00, 0x00, 0x00, 0x00,
  0x00, 0x00, 0x00, 0x00, 0x00, 0x00, 0x00, 0x00, 0x00, 0x00, 0x00, 0x00, 0x00, 0x00, 0x00, 0x00, 0x00, 0x00, 0x00, 0x00, 0x00, 0x00, 0x00, 0x00, 0x00, 0x00, 0x00, 0x00, 0x00, 0x00, 0x00, 0x00,
  0x00, 0x00, 0x00, 0x00, 0x00, 0x00, 0xf4, 0x31, 0xe8, 0x83, 0xe8, 0xe4, 0xe8, 0xe4, 0xe8, 0xe4, 0xe8, 0xe4, 0xe8, 0xe4, 0xe8, 0xe4, 0xe8, 0xe4, 0xe8, 0xe4, 0xe8, 0xe4, 0xe8, 0xe4, 0xe8, 0xe4,
  0xe8, 0xe4, 0xe8, 0xe4, 0xe8, 0xc4, 0xa3, 0x8e, 0x00, 0x00, 0x00, 0x00, 0x00, 0x00, 0x00, 0x00, 0x00, 0x00, 0x00, 0x00, 0x00, 0x00, 0x00, 0x00, 0x00, 0x00, 0x00, 0x00, 0x00, 0x00, 0x00, 0x00,
  0x00, 0x00, 0x00, 0x00, 0x00, 0x00, 0x00, 0x00, 0x00, 0x00, 0x00, 0x00, 0x00, 0x00, 0x00, 0x00, 0x00, 0x00, 0x00, 0x00, 0x00, 0x00, 0x00, 0x00, 0x00, 0x00, 0x00, 0x00, 0x00, 0x00, 0x00, 0x00,
  0x00, 0x00, 0x00, 0x00, 0x00, 0x00, 0x00, 0x00, 0x00, 0x00, 0x00, 0x00, 0x00, 0x00, 0x00, 0x00, 0x00, 0x00, 0x00, 0x00, 0x00, 0x00, 0x00, 0x00, 0x00, 0x00, 0x00, 0x00, 0x00, 0x00, 0x00, 0x00,
  0x00, 0x00, 0x00, 0x00, 0x00, 0x00, 0x00, 0x00, 0x00, 0x00, 0x00, 0x00, 0x00, 0x00, 0x00, 0x00, 0x00, 0x00, 0x00, 0x00, 0xf4, 0x10, 0xe8, 0x83, 0xe8, 0xe4, 0xe8, 0xe4, 0xe8, 0xe4, 0xe8, 0xe4,
  0xe8, 0xe4, 0xe8, 0xe4, 0xe8, 0xe4, 0xe8, 0xe4, 0xe8, 0xe4, 0xe8, 0xe4, 0xe8, 0xe4, 0xe8, 0xa4, 0xab, 0xae, 0x00, 0x00, 0x00, 0x00, 0x00, 0x00, 0x00, 0x00, 0x00, 0x00, 0x00, 0x00, 0x00, 0x00,
  0x00, 0x00, 0x00, 0x00, 0x00, 0x00, 0x00, 0x00, 0x00, 0x00, 0x00, 0x00, 0x00, 0x00, 0x00, 0x00, 0x00, 0x00, 0x00, 0x00, 0x00, 0x00, 0x00, 0x00, 0x00, 0x00, 0x00, 0x00, 0x00, 0x00, 0x00, 0x00,
  0x00, 0x00, 0x00, 0x00, 0x00, 0x00, 0x00, 0x00, 0x00, 0x00, 0x00, 0x00, 0x00, 0x00, 0x00, 0x00, 0x00, 0x00, 0x00, 0x00, 0x00, 0x00, 0x00, 0x00, 0x00, 0x00, 0x00, 0x00, 0x00, 0x00, 0x00, 0x00,
  0x00, 0x00, 0x00, 0x00, 0x00, 0x00, 0x00, 0x00, 0x00, 0x00, 0x00, 0x00, 0x00, 0x00, 0x00, 0x00, 0x00, 0x00, 0x00, 0x00, 0x00, 0x00, 0x00, 0x00, 0x00, 0x00, 0x00, 0x00, 0x00, 0x00, 0x00, 0x00,
  0x00, 0x00, 0x00, 0x00, 0x00, 0x00, 0x00, 0x00, 0x00, 0x00, 0x00, 0x00, 0x00, 0x00, 0x00, 0x00, 0x00, 0x00, 0x00, 0x00, 0x00, 0x00, 0x00, 0x00, 0x00, 0x00, 0x00, 0x00, 0x00, 0x00, 0x00, 0x00,
  0x00, 0x00, 0x00, 0x00, 0x00, 0x00, 0x00, 0x00, 0x00, 0x00, 0x00, 0x00, 0x00, 0x00, 0x00, 0x00, 0x00, 0x00, 0x00, 0x00, 0x00, 0x00, 0x00, 0x00, 0x00, 0x00, 0x00, 0x00, 0x00, 0x00, 0x00, 0x00,
  0x00, 0x00, 0x5a, 0x49, 0xf3, 0x0c, 0xe8, 0xc4, 0xe8, 0xa3, 0xe8, 0xe4, 0xe8, 0xe4, 0xe8, 0xe4, 0xe8, 0xe4, 0xe8, 0xe4, 0xe8, 0xe4, 0xe8, 0xe4, 0xe8, 0xe4, 0xe8, 0xe4, 0xe8, 0xe4, 0xe8, 0xe4,
  0xe8, 0xe4, 0xe8, 0xe4, 0xe8, 0x83, 0xe9, 0xc7, 0x52, 0x28, 0x00, 0x00, 0x00, 0x00, 0x00, 0x00, 0x00, 0x00, 0x00, 0x00, 0x00, 0x00, 0x00, 0x00, 0x00, 0x00, 0x00, 0x00, 0x00, 0x00, 0x00, 0x00,
  0x00, 0x00, 0x00, 0x00, 0x00, 0x00, 0x00, 0x00, 0x00, 0x00, 0x00, 0x00, 0x00, 0x00, 0x00, 0x00, 0x00, 0x00, 0x00, 0x00, 0x00, 0x00, 0x00, 0x00, 0xf4, 0x51, 0xe8, 0x83, 0xe8, 0xe4, 0xe8, 0xe4,
  0xe8, 0xe4, 0xe8, 0xe4, 0xe8, 0xe4, 0xe8, 0xe4, 0xe8, 0xe4, 0xe8, 0xe4, 0xe8, 0xe4, 0xe8, 0xe4, 0xe8, 0x83, 0xf3, 0xcf, 0x00, 0x00, 0x00, 0x00, 0x00, 0x00, 0x00, 0x00, 0x00, 0x00, 0x00, 0x00,
  0x00, 0x00, 0x00, 0x00, 0x00, 0x00, 0x00, 0x00, 0x00, 0x00, 0x00, 0x00, 0x00, 0x00, 0x00, 0x00, 0x00, 0x00, 0x00, 0x00, 0x00, 0x00, 0x00, 0x00, 0x00, 0x00, 0x00, 0x00, 0x00, 0x00, 0x00, 0x00,
  0xf4, 0x31, 0xe8, 0x83, 0xe8, 0xe4, 0xe8, 0xe4, 0xe8, 0xe4, 0xe8, 0xe4, 0xe8, 0xe4, 0xe8, 0xe4, 0xe8, 0xe4, 0xe8, 0xe4, 0xe8, 0xe4, 0xe8, 0xe4, 0xe8, 0xc4, 0xe9, 0x66, 0x21, 0x04, 0x00, 0x00,
  0x00, 0x00, 0x00, 0x00, 0x00, 0x00, 0x00, 0x00, 0x00, 0x00, 0x00, 0x00, 0x00, 0x00, 0x00, 0x00, 0x00, 0x00, 0x00, 0x00, 0x00, 0x00, 0x00, 0x00, 0x00, 0x00, 0x00, 0x00, 0x00, 0x00, 0x00, 0x00,
  0x00, 0x00, 0x00, 0x00, 0x00, 0x00, 0x00, 0x00, 0x00, 0x00, 0x00, 0x00, 0x00, 0x00, 0x00, 0x00, 0x00, 0x00, 0x00, 0x00, 0x00, 0x00, 0x00, 0x00, 0x00, 0x00, 0x00, 0x00, 0x00, 0x00, 0x00, 0x00,
  0xa3, 0xaf, 0xe8, 0xc4, 0xe8, 0xe4, 0xe8, 0xe4, 0xe8, 0xe4, 0xe8, 0xe4, 0xe8, 0xe4, 0xe8, 0xe4, 0xe8, 0xe4, 0xe8, 0xe4, 0xe8, 0xe4, 0xe8, 0xe4, 0xe8, 0xe4, 0xe8, 0xe4, 0xe8, 0xe4, 0xe8, 0xa3,
  0xec, 0x72, 0x00, 0x00, 0x00, 0x00, 0x00, 0x00, 0x00, 0x00, 0x00, 0x00, 0x00, 0x00, 0x00, 0x00, 0x00, 0x00, 0x00, 0x00, 0x00, 0x00, 0x00, 0x00, 0x00, 0x00, 0x00, 0x00, 0x00, 0x00, 0x00, 0x00,
  0x00, 0x00, 0x00, 0x00, 0x00, 0x00, 0x00, 0x00, 0x00, 0x00, 0x00, 0x00, 0x20, 0xe3, 0xe9, 0x66, 0xe8, 0xc4, 0xe8, 0xe4, 0xe8, 0xe4, 0xe8, 0xe4, 0xe8, 0xe4, 0xe8, 0xe4, 0xe8, 0xe4, 0xe8, 0xe4,
  0xe8, 0xe4, 0xe8, 0xe4, 0xe8, 0xe4, 0xe8, 0xe4, 0xe8, 0xe4, 0xe8, 0x83, 0xf2, 0xab, 0x00, 0x00, 0x00, 0x00, 0x00, 0x00, 0x00, 0x00, 0x00, 0x00, 0x00, 0x00, 0x00, 0x00, 0x00, 0x00, 0x00, 0x00,
  0x00, 0x00, 0x00, 0x00, 0x00, 0x00, 0x00, 0x00, 0x00, 0x00, 0x00, 0x00, 0x00, 0x00, 0x00, 0x00, 0x00, 0x00, 0x00, 0x00, 0x00, 0x00, 0x00, 0x00, 0x00, 0x00, 0x00, 0x00, 0x00, 0x00, 0x00, 0x00,
  0x00, 0x00, 0x00, 0x00, 0x00, 0x00, 0x00, 0x00, 0x00, 0x00, 0x00, 0x00, 0x00, 0x00, 0x00, 0x00, 0x00, 0x00, 0x00, 0x00, 0x00, 0x00, 0x00, 0x00, 0x00, 0x00, 0x00, 0x00, 0x00, 0x00, 0x00, 0x00,
  0x00, 0x00, 0x00, 0x00, 0x00, 0x00, 0x00, 0x00, 0x00, 0x00, 0x00, 0x00, 0x00, 0x00, 0x00, 0x00, 0x00, 0x00, 0x00, 0x00, 0x00, 0x00, 0x00, 0x00, 0x00, 0x00, 0x00, 0x00, 0xab, 0xaf, 0xe8, 0xc4,
  0xe8, 0xe4, 0xe8, 0xe4, 0xe8, 0xe4, 0xe8, 0xe4, 0xe8, 0xe4, 0xe8, 0xe4, 0xe8, 0xe4, 0xe8, 0xe4, 0xe8, 0xe4, 0xe8, 0xe4, 0xe8, 0xe4, 0xe8, 0x83, 0xf3, 0x2d, 0x00, 0x00, 0x00, 0x00, 0x00, 0x00,
  0x00, 0x00, 0x00, 0x00, 0x00, 0x00, 0x00, 0x00, 0x00, 0x00, 0x00, 0x00, 0x00, 0x00, 0x00, 0x00, 0x00, 0x00, 0x00, 0x00, 0x00, 0x00, 0x00, 0x00, 0x00, 0x00, 0x00, 0x00, 0x00, 0x00, 0x00, 0x00,
  0x00, 0x00, 0x00, 0x00, 0x00, 0x00, 0x00, 0x00, 0x00, 0x00, 0x00, 0x00, 0x00, 0x00, 0x00, 0x00, 0x00, 0x00, 0x00, 0x00, 0x00, 0x00, 0x00, 0x00, 0x00, 0x00, 0x00, 0x00, 0x00, 0x00, 0x00, 0x00,
  0x00, 0x00, 0x00, 0x00, 0x00, 0x00, 0x00, 0x00, 0x00, 0x00, 0x00, 0x00, 0x00, 0x00, 0x00, 0x00, 0x00, 0x00, 0x00, 0x00, 0x00, 0x00, 0x00, 0x00, 0x00, 0x00, 0x00, 0x00, 0x00, 0x00, 0x00, 0x00,
  0x00, 0x00, 0x00, 0x00, 0x00, 0x00, 0x00, 0x00, 0x00, 0x00, 0x00, 0x00, 0x00, 0x00, 0x00, 0x00, 0x00, 0x00, 0x00, 0x00, 0x00, 0x00, 0x00, 0x00, 0x00, 0x00, 0x00, 0x00, 0x00, 0x00, 0x00, 0x00,
  0x00, 0x00, 0x00, 0x00, 0x00, 0x00, 0x00, 0x00, 0x00, 0x00, 0x00, 0x00, 0x00, 0x00, 0x00, 0x00, 0x00, 0x00, 0x00, 0x00, 0x00, 0x00, 0x00, 0x00, 0x00, 0x00, 0x00, 0x00, 0x00, 0x00, 0x00, 0x00,
  0x00, 0x00, 0x00, 0x00, 0x00, 0x00, 0x00, 0x00, 0x00, 0x00, 0x00, 0x00, 0x00, 0x00, 0xa3, 0xae, 0xe9, 0xe8, 0xe8, 0x83, 0xe8, 0xe4, 0xe8, 0xe4, 0xe8, 0xe4, 0xe8, 0xe4, 0xe8, 0xe4, 0xe8, 0xe4,
  0xe8, 0xe4, 0xe8, 0xe4, 0xe8, 0xe4, 0xe8, 0xe4, 0xe8, 0xe4, 0xe8, 0xe4, 0xe8, 0xe4, 0xe8, 0xa3, 0xe9, 0x87, 0x49, 0xe7, 0x00, 0x00, 0x00, 0x00, 0x00, 0x00, 0x00, 0x00, 0x00, 0x00, 0x00, 0x00,
  0x00, 0x00, 0x00, 0x00, 0x00, 0x00, 0x00, 0x00, 0x00, 0x00, 0x00, 0x00, 0x00, 0x00, 0x00, 0x00, 0x00, 0x00, 0x00, 0x00, 0x00, 0x00, 0x00, 0x00, 0x00, 0x00, 0x00, 0x00, 0x00, 0x00, 0x00, 0x00,
  0xf4, 0x51, 0xe8, 0x83, 0xe8, 0xe4, 0xe8, 0xe4, 0xe8, 0xe4, 0xe8, 0xe4, 0xe8, 0xe4, 0xe8, 0xe4, 0xe8, 0xe4, 0xe8, 0xe4, 0xe8, 0xe4, 0xe8, 0xe4, 0xe8, 0x83, 0xf3, 0xcf, 0x00, 0x00, 0x00, 0x00,
  0x00, 0x00, 0x00, 0x00, 0x00, 0x00, 0x00, 0x00, 0x00, 0x00, 0x00, 0x00, 0x00, 0x00, 0x00, 0x00, 0x00, 0x00, 0x00, 0x00, 0x00, 0x00, 0x00, 0x00, 0x00, 0x00, 0x00, 0x00, 0x00, 0x00, 0x00, 0x00,
  0x00, 0x00, 0x00, 0x00, 0x00, 0x00, 0x00, 0x00, 0xf4, 0x31, 0xe8, 0x83, 0xe8, 0xe4, 0xe8, 0xe4, 0xe8, 0xe4, 0xe8, 0xe4, 0xe8, 0xe4, 0xe8, 0xe4, 0xe8, 0xe4, 0xe8, 0xe4, 0xe8, 0xe4, 0xe8, 0xe4,
  0xe8, 0xc4, 0xe9, 0x66, 0x21, 0x04, 0x00, 0x00, 0x00, 0x00, 0x00, 0x00, 0x00, 0x00, 0x00, 0x00, 0x00, 0x00, 0x00, 0x00, 0x00, 0x00, 0x00, 0x00, 0x00, 0x00, 0x00, 0x00, 0x00, 0x00, 0x00, 0x00,
  0x00, 0x00, 0x00, 0x00, 0x00, 0x00, 0x00, 0x00, 0x00, 0x00, 0x00, 0x00, 0x00, 0x00, 0x00, 0x00, 0x00, 0x00, 0x00, 0x00, 0x00, 0x00, 0x00, 0x00, 0x00, 0x00, 0x00, 0x00, 0x00, 0x00, 0x00, 0x00,
  0x00, 0x00, 0x00, 0x00, 0x00, 0x00, 0x00, 0x00, 0xf2, 0x4a, 0xe8, 0xa3, 0xe8, 0xe4, 0xe8, 0xe4, 0xe8, 0xe4, 0xe8, 0xe4, 0xe8, 0xe4, 0xe8, 0xe4, 0xe8, 0xe4, 0xe8, 0xe4, 0xe8, 0xe4, 0xe8, 0xe4,
  0xe8, 0xe4, 0xe8, 0xe4, 0xe8, 0xa3, 0xe9, 0xc8, 0x00, 0x00, 0x00, 0x00, 0x00, 0x00, 0x00, 0x00, 0x00, 0x00, 0x00, 0x00, 0x00, 0x00, 0x00, 0x00, 0x00, 0x00, 0x00, 0x00, 0x00, 0x00, 0x00, 0x00,
  0x00, 0x00, 0x00, 0x00, 0x00, 0x00, 0x00, 0x00, 0x00, 0x00, 0x00, 0x00, 0x00, 0x00, 0x00, 0x00, 0x00, 0x00, 0x00, 0x00, 0xf4, 0x10, 0xe8, 0x83, 0xe8, 0xe4, 0xe8, 0xe4, 0xe8, 0xe4, 0xe8, 0xe4,
  0xe8, 0xe4, 0xe8, 0xe4, 0xe8, 0xe4, 0xe8, 0xe4, 0xe8, 0xe4, 0xe8, 0xe4, 0xe8, 0xe4, 0xe8, 0xe4, 0xe8, 0xe4, 0xe8, 0xc4, 0x8b, 0x2c, 0x00, 0x00, 0x00, 0x00, 0x00, 0x00, 0x00, 0x00, 0x00, 0x00,
  0x00, 0x00, 0x00, 0x00, 0x00, 0x00, 0x00, 0x00, 0x00, 0x00, 0x00, 0x00, 0x00, 0x00, 0x00, 0x00, 0x00, 0x00, 0x00, 0x00, 0x00, 0x00, 0x00, 0x00, 0x00, 0x00, 0x00, 0x00, 0x00, 0x00, 0x00, 0x00,
  0x00, 0x00, 0x00, 0x00, 0x00, 0x00, 0x00, 0x00, 0x00, 0x00, 0x00, 0x00, 0x00, 0x00, 0x00, 0x00, 0x00, 0x00, 0x00, 0x00, 0x00, 0x00, 0x00, 0x00, 0x00, 0x00, 0x00, 0x00, 0x00, 0x00, 0x00, 0x00,
  0x00, 0x00, 0x00, 0x00, 0x00, 0x00, 0x00, 0x00, 0x00, 0x00, 0x00, 0x00, 0x00, 0x00, 0x00, 0x00, 0x00, 0x00, 0x00, 0x00, 0x00, 0x00, 0x00, 0x00, 0x00, 0x00, 0x00, 0x00, 0x00, 0x00, 0x00, 0x00,
  0x00, 0x00, 0x00, 0x00, 0x29, 0x24, 0xe9, 0x46, 0xe8, 0xc4, 0xe8, 0xe4, 0xe8, 0xe4, 0xe8, 0xe4, 0xe8, 0xe4, 0xe8, 0xe4, 0xe8, 0xe4, 0xe8, 0xe4, 0xe8, 0xe4, 0xe8, 0xe4, 0xe8, 0xe4, 0xe8, 0xc4,
  0xe9, 0x25, 0x41, 0xc7, 0x00, 0x00, 0x00, 0x00, 0x00, 0x00, 0x00, 0x00, 0x00, 0x00, 0x00, 0x00, 0x00, 0x00, 0x00, 0x00, 0x00, 0x00, 0x00, 0x00, 0x00, 0x00, 0x00, 0x00, 0x00, 0x00, 0x00, 0x00,
  0x00, 0x00, 0x00, 0x00, 0x00, 0x00, 0x00, 0x00, 0x00, 0x00, 0x00, 0x00, 0x00, 0x00, 0x00, 0x00, 0x00, 0x00, 0x00, 0x00, 0x00, 0x00, 0x00, 0x00, 0x00, 0x00, 0x00, 0x00, 0x00, 0x00, 0x00, 0x00,
  0x00, 0x00, 0x00, 0x00, 0x00, 0x00, 0x00, 0x00, 0x00, 0x00, 0x00, 0x00, 0x00, 0x00, 0x00, 0x00, 0x00, 0x00, 0x00, 0x00, 0x00, 0x00, 0x00, 0x00, 0x00, 0x00, 0x00, 0x00, 0x00, 0x00, 0x00, 0x00,
  0x00, 0x00, 0x00, 0x00, 0x00, 0x00, 0x00, 0x00, 0x00, 0x00, 0x00, 0x00, 0x00, 0x00, 0x00, 0x00, 0x00, 0x00, 0x00, 0x00, 0x00, 0x00, 0x00, 0x00, 0x00, 0x00, 0x00, 0x00, 0x00, 0x00, 0x00, 0x00,
  0x00, 0x00, 0x00, 0x00, 0x00, 0x00, 0x00, 0x00, 0x00, 0x00, 0x00, 0x00, 0x00, 0x00, 0x00, 0x00, 0x00, 0x00, 0x00, 0x00, 0x00, 0x00, 0x00, 0x00, 0x00, 0x00, 0x00, 0x00, 0x00, 0x00, 0x00, 0x00,
  0x00, 0x00, 0x00, 0x00, 0x00, 0x00, 0x00, 0x00, 0x00, 0x00, 0x00, 0x00, 0x00, 0x00, 0x00, 0x00, 0x00, 0x00, 0x00, 0x00, 0x00, 0x00, 0x00, 0x00, 0x10, 0x61, 0xf3, 0x6e, 0xe8, 0xa3, 0xe8, 0xc4,
  0xe8, 0xe4, 0xe8, 0xe4, 0xe8, 0xe4, 0xe8, 0xe4, 0xe8, 0xe4, 0xe8, 0xe4, 0xe8, 0xe4, 0xe8, 0xe4, 0xe8, 0xe4, 0xe8, 0xe4, 0xe8, 0xe4, 0xe8, 0xe4, 0xe8, 0xa3, 0xe9, 0xc8, 0x21, 0x04, 0x00, 0x00,
  0x00, 0x00, 0x00, 0x00, 0x00, 0x00, 0x00, 0x00, 0x00, 0x00, 0x00, 0x00, 0x00, 0x00, 0x00, 0x00, 0x00, 0x00, 0x00, 0x00, 0x00, 0x00, 0x00, 0x00, 0x00, 0x00, 0x00, 0x00, 0x00, 0x00, 0x00, 0x00,
  0x00, 0x00, 0x00, 0x00, 0x00, 0x00, 0x00, 0x00, 0xf4, 0x51, 0xe8, 0x83, 0xe8, 0xe4, 0xe8, 0xe4, 0xe8, 0xe4, 0xe8, 0xe4, 0xe8, 0xe4, 0xe8, 0xe4, 0xe8, 0xe4, 0xe8, 0xe4, 0xe8, 0xe4, 0xe8, 0xe4,
  0xe8, 0x83, 0xf3, 0xcf, 0x00, 0x00, 0x00, 0x00, 0x00, 0x00, 0x00, 0x00, 0x00, 0x00, 0x00, 0x00, 0x00, 0x00, 0x00, 0x00, 0x00, 0x00, 0x00, 0x00, 0x00, 0x00, 0x00, 0x00, 0x00, 0x00, 0x00, 0x00,
  0x00, 0x00, 0x00, 0x00, 0x00, 0x00, 0x00, 0x00, 0x00, 0x00, 0x00, 0x00, 0x00, 0x00, 0x00, 0x00, 0xf4, 0x31, 0xe8, 0x83, 0xe8, 0xe4, 0xe8, 0xe4, 0xe8, 0xe4, 0xe8, 0xe4, 0xe8, 0xe4, 0xe8, 0xe4,
  0xe8, 0xe4, 0xe8, 0xe4, 0xe8, 0xe4, 0xe8, 0xe4, 0xe8, 0xc4, 0xe9, 0x66, 0x21, 0x04, 0x00, 0x00, 0x00, 0x00, 0x00, 0x00, 0x00, 0x00, 0x00, 0x00, 0x00, 0x00, 0x00, 0x00, 0x00, 0x00, 0x00, 0x00,
  0x00, 0x00, 0x00, 0x00, 0x00, 0x00, 0x00, 0x00, 0x00, 0x00, 0x00, 0x00, 0x00, 0x00, 0x00, 0x00, 0x00, 0x00, 0x00, 0x00, 0x00, 0x00, 0x00, 0x00, 0x00, 0x00, 0x00, 0x00, 0x00, 0x00, 0x00, 0x00,
  0x00, 0x00, 0x00, 0x00, 0x00, 0x00, 0x00, 0x00, 0x00, 0x00, 0x00, 0x00, 0x00, 0x00, 0xbb, 0xef, 0xe8, 0xa3, 0xe8, 0xe4, 0xe8, 0xe4, 0xe8, 0xe4, 0xe8, 0xe4, 0xe8, 0xe4, 0xe8, 0xe4, 0xe8, 0xe4,
  0xe8, 0xe4, 0xe8, 0xe4, 0xe8, 0xe4, 0xe8, 0xe4, 0xe8, 0xe4, 0xe8, 0xe4, 0xe8, 0xa3, 0xe4, 0x72, 0x00, 0x00, 0x00, 0x00, 0x00, 0x00, 0x00, 0x00, 0x00, 0x00, 0x00, 0x00, 0x00, 0x00, 0x00, 0x00,
  0x00, 0x00, 0x00, 0x00, 0x00, 0x00, 0x00, 0x00, 0x00, 0x00, 0x00, 0x00, 0x00, 0x00, 0x00, 0x00, 0x00, 0x00, 0x00, 0x00, 0x00, 0x00, 0x00, 0x00, 0x00, 0x00, 0x29, 0x45, 0xe9, 0x66, 0xe8, 0xc4,
  0xe8, 0xe4, 0xe8, 0xe4, 0xe8, 0xe4, 0xe8, 0xe4, 0xe8, 0xe4, 0xe8, 0xe4, 0xe8, 0xe4, 0xe8, 0xe4, 0xe8, 0xe4, 0xe8, 0xe4, 0xe8, 0xe4, 0xe8, 0xe4, 0xe8, 0x83, 0xf2, 0xec, 0x00, 0x00, 0x00, 0x00,
  0x00, 0x00, 0x00, 0x00, 0x00, 0x00, 0x00, 0x00, 0x00, 0x00, 0x00, 0x00, 0x00, 0x00, 0x00, 0x00, 0x00, 0x00, 0x00, 0x00, 0x00, 0x00, 0x00, 0x00, 0x00, 0x00, 0x00, 0x00, 0x00, 0x00, 0x00, 0x00,
  0x00, 0x00, 0x00, 0x00, 0x00, 0x00, 0x00, 0x00, 0x00, 0x00, 0x00, 0x00, 0x00, 0x00, 0x00, 0x00, 0x00, 0x00, 0x00, 0x00, 0x00, 0x00, 0x00, 0x00, 0x00, 0x00, 0x00, 0x00, 0x00, 0x00, 0x00, 0x00,
  0x00, 0x00, 0x00, 0x00, 0x00, 0x00, 0x00, 0x00, 0x00, 0x00, 0x00, 0x00, 0x00, 0x00, 0x00, 0x00, 0x00, 0x00, 0x00, 0x00, 0x00, 0x00, 0x00, 0x00, 0x00, 0x00, 0x00, 0x00, 0x00, 0x00, 0x00, 0x00,
  0x00, 0x00, 0x00, 0x00, 0x00, 0x00, 0x00, 0x00, 0x00, 0x00, 0x00, 0x00, 0x00, 0x00, 0xf2, 0xab, 0xe8, 0x83, 0xe8, 0xe4, 0xe8, 0xe4, 0xe8, 0xe4, 0xe8, 0xe4, 0xe8, 0xe4, 0xe8, 0xe4, 0xe8, 0xe4,
  0xe8, 0xe4, 0xe8, 0xe4, 0xe8, 0xe4, 0xe8, 0xe4, 0xe8, 0x83, 0xf3, 0xaf, 0x00, 0x00, 0x00, 0x00, 0x00, 0x00, 0x00, 0x00, 0x00, 0x00, 0x00, 0x00, 0x00, 0x00, 0x00, 0x00, 0x00, 0x00, 0x00, 0x00,
  0x00, 0x00, 0x00, 0x00, 0x00, 0x00, 0x00, 0x00, 0x00, 0x00, 0x00, 0x00, 0x00, 0x00, 0x00, 0x00, 0x00, 0x00, 0x00, 0x00, 0x00, 0x00, 0x00, 0x00, 0x00, 0x00, 0x00, 0x00, 0x00, 0x00, 0x00, 0x00,
  0x00, 0x00, 0x00, 0x00, 0x00, 0x00, 0x00, 0x00, 0x00, 0x00, 0x00, 0x00, 0x00, 0x00, 0x00, 0x00, 0x00, 0x00, 0x00, 0x00, 0x00, 0x00, 0x00, 0x00, 0x00, 0x00, 0x00, 0x00, 0x00, 0x00, 0x00, 0x00,
  0x00, 0x00, 0x00, 0x00, 0x00, 0x00, 0x00, 0x00, 0x00, 0x00, 0x00, 0x00, 0x00, 0x00, 0x00, 0x00, 0x00, 0x00, 0x00, 0x00, 0x00, 0x00, 0x00, 0x00, 0x00, 0x00, 0x00, 0x00, 0x00, 0x00, 0x00, 0x00,
  0x00, 0x00, 0x00, 0x00, 0x00, 0x00, 0x00, 0x00, 0x00, 0x00, 0x00, 0x00, 0x00, 0x00, 0x00, 0x00, 0x00, 0x00, 0x00, 0x00, 0x00, 0x00, 0x00, 0x00, 0x00, 0x00, 0x00, 0x00, 0x00, 0x00, 0x00, 0x00,
  0x00, 0x00, 0x00, 0x00, 0x00, 0x00, 0x00, 0x00, 0x00, 0x00, 0x00, 0x00, 0x00, 0x00, 0x00, 0x00, 0x00, 0x00, 0x00, 0x00, 0x00, 0x00, 0x00, 0x00, 0x00, 0x00, 0x00, 0x00, 0x00, 0x00, 0x00, 0x00,
  0x00, 0x00, 0x00, 0x00, 0xdc, 0x51, 0xe9, 0x05, 0xe8, 0xa3, 0xe8, 0xe4, 0xe8, 0xe4, 0xe8, 0xe4, 0xe8, 0xe4, 0xe8, 0xe4, 0xe8, 0xe4, 0xe8, 0xe4, 0xe8, 0xe4, 0xe8, 0xe4, 0xe8, 0xe4, 0xe8, 0xe4,
  0xe8, 0xe4, 0xe8, 0x83, 0xf2, 0x8b, 0x00, 0x00, 0x00, 0x00, 0x00, 0x00, 0x00, 0x00, 0x00, 0x00, 0x00, 0x00, 0x00, 0x00, 0x00, 0x00, 0x00, 0x00, 0x00, 0x00, 0x00, 0x00, 0x00, 0x00, 0x00, 0x00,
  0x00, 0x00, 0x00, 0x00, 0x00, 0x00, 0x00, 0x00, 0x00, 0x00, 0x00, 0x00, 0x00, 0x00, 0x00, 0x00, 0xf4, 0x51, 0xe8, 0x83, 0xe8, 0xe4, 0xe8, 0xe4, 0xe8, 0xe4, 0xe8, 0xe4, 0xe8, 0xe4, 0xe8, 0xe4,
  0xe8, 0xe4, 0xe8, 0xe4, 0xe8, 0xe4, 0xe8, 0xe4, 0xe8, 0x83, 0xf3, 0xcf, 0x00, 0x00, 0x00, 0x00, 0x00, 0x00, 0x00, 0x00, 0x00, 0x00, 0x00, 0x00, 0x00, 0x00, 0x00, 0x00, 0x00, 0x00, 0x00, 0x00,
  0x00, 0x00, 0x00, 0x00, 0x00, 0x00, 0x00, 0x00, 0x00, 0x00, 0x00, 0x00, 0x00, 0x00, 0x00, 0x00, 0x00, 0x00, 0x00, 0x00, 0x00, 0x00, 0x00, 0x00, 0xf4, 0x31, 0xe8, 0x83, 0xe8, 0xe4, 0xe8, 0xe4,
  0xe8, 0xe4, 0xe8, 0xe4, 0xe8, 0xe4, 0xe8, 0xe4, 0xe8, 0xe4, 0xe8, 0xe4, 0xe8, 0xe4, 0xe8, 0xe4, 0xe8, 0xc4, 0xe9, 0x66, 0x21, 0x04, 0x00, 0x00, 0x00, 0x00, 0x00, 0x00, 0x00, 0x00, 0x00, 0x00,
  0x00, 0x00, 0x00, 0x00, 0x00, 0x00, 0x00, 0x00, 0x00, 0x00, 0x00, 0x00, 0x00, 0x00, 0x00, 0x00, 0x00, 0x00, 0x00, 0x00, 0x00, 0x00, 0x00, 0x00, 0x00, 0x00, 0x00, 0x00, 0x00, 0x00, 0x00, 0x00,
  0x00, 0x00, 0x00, 0x00, 0x00, 0x00, 0x00, 0x00, 0x00, 0x00, 0x00, 0x00, 0x00, 0x00, 0x00, 0x00, 0x00, 0x00, 0x00, 0x00, 0x00, 0x00, 0xf2, 0x49, 0xe8, 0xa3, 0xe8, 0xe4, 0xe8, 0xe4, 0xe8, 0xe4,
  0xe8, 0xe4, 0xe8, 0xe4, 0xe8, 0xe4, 0xe8, 0xe4, 0xe8, 0xe4, 0xe8, 0xe4, 0xe8, 0xe4, 0xe8, 0xe4, 0xe8, 0xe4, 0xe8, 0xa3, 0xe9, 0xe8, 0x00, 0x00, 0x00, 0x00, 0x00, 0x00, 0x00, 0x00, 0x00, 0x00,
  0x00, 0x00, 0x00, 0x00, 0x00, 0x00, 0x00, 0x00, 0x00, 0x00, 0x00, 0x00, 0x00, 0x00, 0x00, 0x00, 0x00, 0x00, 0x00, 0x00, 0x00, 0x00, 0x00, 0x00, 0x00, 0x00, 0x00, 0x00, 0x00, 0x00, 0x00, 0x00,
  0x00, 0x00, 0xf3, 0xd0, 0xe8, 0x83, 0xe8, 0xe4, 0xe8, 0xe4, 0xe8, 0xe4, 0xe8, 0xe4, 0xe8, 0xe4, 0xe8, 0xe4, 0xe8, 0xe4, 0xe8, 0xe4, 0xe8, 0xe4, 0xe8, 0xe4, 0xe8, 0xe4, 0xe8, 0xe4, 0xe8, 0xc4,
  0xe8, 0xe4, 0x6a, 0xab, 0x00, 0x00, 0x00, 0x00, 0x00, 0x00, 0x00, 0x00, 0x00, 0x00, 0x00, 0x00, 0x00, 0x00, 0x00, 0x00, 0x00, 0x00, 0x00, 0x00, 0x00, 0x00, 0x00, 0x00, 0x00, 0x00, 0x00, 0x00,
  0x00, 0x00, 0x00, 0x00, 0x00, 0x00, 0x00, 0x00, 0x00, 0x00, 0x00, 0x00, 0x00, 0x00, 0x00, 0x00, 0x00, 0x00, 0x00, 0x00, 0x00, 0x00, 0x00, 0x00, 0x00, 0x00, 0x00, 0x00, 0x00, 0x00, 0x00, 0x00,
  0x00, 0x00, 0x00, 0x00, 0x00, 0x00, 0x00, 0x00, 0x00, 0x00, 0x00, 0x00, 0x00, 0x00, 0x00, 0x00, 0x00, 0x00, 0x00, 0x00, 0x00, 0x00, 0x00, 0x00, 0x00, 0x00, 0x00, 0x00, 0x00, 0x00, 0x00, 0x00,
  0x00, 0x00, 0x00, 0x00, 0x00, 0x00, 0x00, 0x00, 0x00, 0x00, 0x00, 0x00, 0x00, 0x00, 0x00, 0x00, 0x00, 0x00, 0x00, 0x00, 0x00, 0x00, 0xec, 0x72, 0xe8, 0x83, 0xe8, 0xe4, 0xe8, 0xe4, 0xe8, 0xe4,
  0xe8, 0xe4, 0xe8, 0xe4, 0xe8, 0xe4, 0xe8, 0xe4, 0xe8, 0xe4, 0xe8, 0xe4, 0xe8, 0xe4, 0xe8, 0xe4, 0xe8, 0xc4, 0xe9, 0x25, 0x52, 0x08, 0x00, 0x00, 0x00, 0x00, 0x00, 0x00, 0x00, 0x00, 0x00, 0x00,
  0x00, 0x00, 0x00, 0x00, 0x00, 0x00, 0x00, 0x00, 0x00, 0x00, 0x00, 0x00, 0x00, 0x00, 0x00, 0x00, 0x00, 0x00, 0x00, 0x00, 0x00, 0x00, 0x00, 0x00, 0x00, 0x00, 0x00, 0x00, 0x00, 0x00, 0x00, 0x00,
  0x00, 0x00, 0x00, 0x00, 0x00, 0x00, 0x00, 0x00, 0x00, 0x00, 0x00, 0x00, 0x00, 0x00, 0x00, 0x00, 0x00, 0x00, 0x00, 0x00, 0x00, 0x00, 0x00, 0x00, 0x00, 0x00, 0x00, 0x00, 0x00, 0x00, 0x00, 0x00,
  0x00, 0x00, 0x00, 0x00, 0x00, 0x00, 0x00, 0x00, 0x00, 0x00, 0x00, 0x00, 0x00, 0x00, 0x00, 0x00, 0x00, 0x00, 0x00, 0x00, 0x00, 0x00, 0x00, 0x00, 0x00, 0x00, 0x00, 0x00, 0x00, 0x00, 0x00, 0x00,
  0x00, 0x00, 0x00, 0x00, 0x00, 0x00, 0x00, 0x00, 0x00, 0x00, 0x00, 0x00, 0x00, 0x00, 0x00, 0x00, 0x00, 0x00, 0x00, 0x00, 0x00, 0x00, 0x00, 0x00, 0x00, 0x00, 0x00, 0x00, 0x00, 0x00, 0x00, 0x00,
  0x00, 0x00, 0x00, 0x00, 0x00, 0x00, 0x00, 0x00, 0x00, 0x00, 0x00, 0x00, 0x00, 0x00, 0x00, 0x00, 0x00, 0x00, 0x00, 0x00, 0x00, 0x00, 0x00, 0x00, 0x00, 0x00, 0x00, 0x00, 0x00, 0x00, 0x00, 0x00,
  0x00, 0x00, 0x00, 0x00, 0x00, 0x00, 0x00, 0x00, 0x00, 0x00, 0x00, 0x00, 0x00, 0x00, 0x8b, 0x4d, 0xe9, 0x46, 0xe8, 0xa3, 0xe8, 0xe4, 0xe8, 0xe4, 0xe8, 0xe4, 0xe8, 0xe4, 0xe8, 0xe4, 0xe8, 0xe4,
  0xe8, 0xe4, 0xe8, 0xe4, 0xe8, 0xe4, 0xe8, 0xe4, 0xe8, 0xe4, 0xe8, 0xe4, 0xe8, 0x83, 0xf3, 0xf0, 0x00, 0x00, 0x00, 0x00, 0x00, 0x00, 0x00, 0x00, 0x00, 0x00, 0x00, 0x00, 0x00, 0x00, 0x00, 0x00,
  0x00, 0x00, 0x00, 0x00, 0x00, 0x00, 0x00, 0x00, 0x00, 0x00, 0x00, 0x00, 0x00, 0x00, 0x00, 0x00, 0x00, 0x00, 0x00, 0x00, 0x00, 0x00, 0x00, 0x00, 0xf4, 0x51, 0xe8, 0x83, 0xe8, 0xe4, 0xe8, 0xe4,
  0xe8, 0xe4, 0xe8, 0xe4, 0xe8, 0xe4, 0xe8, 0xe4, 0xe8, 0xe4, 0xe8, 0xe4, 0xe8, 0xe4, 0xe8, 0xe4, 0xe8, 0x83, 0xf3, 0xcf, 0x00, 0x00, 0x00, 0x00, 0x00, 0x00, 0x00, 0x00, 0x00, 0x00, 0x00, 0x00,
  0x00, 0x00, 0x00, 0x00, 0x00, 0x00, 0x00, 0x00, 0x00, 0x00, 0x00, 0x00, 0x00, 0x00, 0x00, 0x00, 0x00, 0x00, 0x00, 0x00, 0x00, 0x00, 0x00, 0x00, 0x00, 0x00, 0x00, 0x00, 0x00, 0x00, 0x00, 0x00,
  0xf4, 0x31, 0xe8, 0x83, 0xe8, 0xe4, 0xe8, 0xe4, 0xe8, 0xe4, 0xe8, 0xe4, 0xe8, 0xe4, 0xe8, 0xe4, 0xe8, 0xe4, 0xe8, 0xe4, 0xe8, 0xe4, 0xe8, 0xe4, 0xe8, 0xc4, 0xe9, 0x66, 0x21, 0x04, 0x00, 0x00,
  0x00, 0x00, 0x00, 0x00, 0x00, 0x00, 0x00, 0x00, 0x00, 0x00, 0x00, 0x00, 0x00, 0x00, 0x00, 0x00, 0x00, 0x00, 0x00, 0x00, 0x00, 0x00, 0x00, 0x00, 0x00, 0x00, 0x00, 0x00, 0x00, 0x00, 0x00, 0x00,
  0x00, 0x00, 0x00, 0x00, 0x00, 0x00, 0x00, 0x00, 0x00, 0x00, 0x00, 0x00, 0x00, 0x00, 0x00, 0x00, 0x00, 0x00, 0x00, 0x00, 0x00, 0x00, 0x00, 0x00, 0x00, 0x00, 0x00, 0x00, 0xc4, 0x10, 0xe8, 0xa3,
  0xe8, 0xe4, 0xe8, 0xe4, 0xe8, 0xe4, 0xe8, 0xe4, 0xe8, 0xe4, 0xe8, 0xe4, 0xe8, 0xe4, 0xe8, 0xe4, 0xe8, 0xe4, 0xe8, 0xe4, 0xe8, 0xe4, 0xe8, 0xe4, 0xe8, 0xe4, 0xe8, 0x83, 0xe4, 0x51, 0x00, 0x00,
  0x00, 0x00, 0x00, 0x00, 0x00, 0x00, 0x00, 0x00, 0x00, 0x00, 0x00, 0x00, 0x00, 0x00, 0x00, 0x00, 0x00, 0x00, 0x00, 0x00, 0x00, 0x00, 0x00, 0x00, 0x00, 0x00, 0x00, 0x00, 0x00, 0x00, 0x00, 0x00,
  0x00, 0x00, 0x00, 0x00, 0x00, 0x00, 0x00, 0x00, 0x39, 0xa6, 0xe9, 0x46, 0xe8, 0xc4, 0xe8, 0xe4, 0xe8, 0xe4, 0xe8, 0xe4, 0xe8, 0xe4, 0xe8, 0xe4, 0xe8, 0xe4, 0xe8, 0xe4, 0xe8, 0xe4, 0xe8, 0xe4,
  0xe8, 0xe4, 0xe8, 0xe4, 0xe8, 0xe4, 0xe8, 0x83, 0xf3, 0x2d, 0x00, 0x00, 0x00, 0x00, 0x00, 0x00, 0x00, 0x00, 0x00, 0x00, 0x00, 0x00, 0x00, 0x00, 0x00, 0x00, 0x00, 0x00, 0x00, 0x00, 0x00, 0x00,
  0x00, 0x00, 0x00, 0x00, 0x00, 0x00, 0x00, 0x00, 0x00, 0x00, 0x00, 0x00, 0x00, 0x00, 0x00, 0x00, 0x00, 0x00, 0x00, 0x00, 0x00, 0x00, 0x00, 0x00, 0x00, 0x00, 0x00, 0x00, 0x00, 0x00, 0x00, 0x00,
  0x00, 0x00, 0x00, 0x00, 0x00, 0x00, 0x00, 0x00, 0x00, 0x00, 0x00, 0x00, 0x00, 0x00, 0x00, 0x00, 0x00, 0x00, 0x00, 0x00, 0x00, 0x00, 0x00, 0x00, 0x00, 0x00, 0x00, 0x00, 0x00, 0x00, 0x00, 0x00,
  0x00, 0x00, 0x00, 0x00, 0x00, 0x00, 0x00, 0x00, 0x00, 0x00, 0x00, 0x00, 0x00, 0x00, 0x00, 0x00, 0x00, 0x00, 0x00, 0x00, 0x00, 0x00, 0x00, 0x00, 0x00, 0x00, 0x00, 0x00, 0x00, 0x00, 0x39, 0xa6,
  0xe9, 0x45, 0xe8, 0xc4, 0xe8, 0xe4, 0xe8, 0xe4, 0xe8, 0xe4, 0xe8, 0xe4, 0xe8, 0xe4, 0xe8, 0xe4, 0xe8, 0xe4, 0xe8, 0xe4, 0xe8, 0xe4, 0xe8, 0xe4, 0xe8, 0xe4, 0xe8, 0x83, 0xf2, 0xcc, 0x00, 0x00,
  0x00, 0x00, 0x00, 0x00, 0x00, 0x00, 0x00, 0x00, 0x00, 0x00, 0x00, 0x00, 0x00, 0x00, 0x00, 0x00, 0x00, 0x00, 0x00, 0x00, 0x00, 0x00, 0x00, 0x00, 0x00, 0x00, 0x00, 0x00, 0x00, 0x00, 0x00, 0x00,
  0x00, 0x00, 0x00, 0x00, 0x00, 0x00, 0x00, 0x00, 0x00, 0x00, 0x00, 0x00, 0x00, 0x00, 0x00, 0x00, 0x00, 0x00, 0x00, 0x00, 0x00, 0x00, 0x00, 0x00, 0x00, 0x00, 0x00, 0x00, 0x00, 0x00, 0x00, 0x00,
  0x00, 0x00, 0x00, 0x00, 0x00, 0x00, 0x00, 0x00, 0x00, 0x00, 0x00, 0x00, 0x00, 0x00, 0x00, 0x00, 0x00, 0x00, 0x00, 0x00, 0x00, 0x00, 0x00, 0x00, 0x00, 0x00, 0x00, 0x00, 0x00, 0x00, 0x00, 0x00,
  0x00, 0x00, 0x00, 0x00, 0x00, 0x00, 0x00, 0x00, 0x00, 0x00, 0x00, 0x00, 0x00, 0x00, 0x00, 0x00, 0x00, 0x00, 0x00, 0x00, 0x00, 0x00, 0x00, 0x00, 0x00, 0x00, 0x00, 0x00, 0x00, 0x00, 0x00, 0x00,
  0x00, 0x00, 0x00, 0x00, 0x00, 0x00, 0x00, 0x00, 0x00, 0x00, 0x00, 0x00, 0x00, 0x00, 0x00, 0x00, 0x00, 0x00, 0x00, 0x00, 0x00, 0x00, 0x00, 0x00, 0x00, 0x00, 0x00, 0x00, 0x00, 0x00, 0x00, 0x00,
  0x00, 0x00, 0x00, 0x00, 0x00, 0x00, 0x00, 0x00, 0x00, 0x00, 0x00, 0x00, 0x00, 0x00, 0x00, 0x00, 0x00, 0x00, 0x00, 0x00, 0x00, 0x00, 0x00, 0x00, 0x72, 0xcb, 0xe9, 0x66, 0xe8, 0xa3, 0xe8, 0xe4,
  0xe8, 0xe4, 0xe8, 0xe4, 0xe8, 0xe4, 0xe8, 0xe4, 0xe8, 0xe4, 0xe8, 0xe4, 0xe8, 0xe4, 0xe8, 0xe4, 0xe8, 0xe4, 0xe8, 0xe4, 0xe8, 0xe4, 0xe8, 0xe4, 0x8b, 0x4d, 0x00, 0x00, 0x00, 0x00, 0x00, 0x00,
  0x00, 0x00, 0x00, 0x00, 0x00, 0x00, 0x00, 0x00, 0x00, 0x00, 0x00, 0x00, 0x00, 0x00, 0x00, 0x00, 0x00, 0x00, 0x00, 0x00, 0x00, 0x00, 0x00, 0x00, 0x00, 0x00, 0x00, 0x00, 0x00, 0x00, 0x00, 0x00,
  0xf4, 0x51, 0xe8, 0x83, 0xe8, 0xe4, 0xe8, 0xe4, 0xe8, 0xe4, 0xe8, 0xe4, 0xe8, 0xe4, 0xe8, 0xe4, 0xe8, 0xe4, 0xe8, 0xe4, 0xe8, 0xe4, 0xe8, 0xe4, 0xe8, 0x83, 0xf3, 0xcf, 0x00, 0x00, 0x00, 0x00,
  0x00, 0x00, 0x00, 0x00, 0x00, 0x00, 0x00, 0x00, 0x00, 0x00, 0x00, 0x00, 0x00, 0x00, 0x00, 0x00, 0x00, 0x00, 0x00, 0x00, 0x00, 0x00, 0x00, 0x00, 0x00, 0x00, 0x00, 0x00, 0x00, 0x00, 0x00, 0x00,
  0x00, 0x00, 0x00, 0x00, 0x00, 0x00, 0x00, 0x00, 0xf4, 0x31, 0xe8, 0x83, 0xe8, 0xe4, 0xe8, 0xe4, 0xe8, 0xe4, 0xe8, 0xe4, 0xe8, 0xe4, 0xe8, 0xe4, 0xe8, 0xe4, 0xe8, 0xe4, 0xe8, 0xe4, 0xe8, 0xe4,
  0xe8, 0xc4, 0xe9, 0x66, 0x21, 0x04, 0x00, 0x00, 0x00, 0x00, 0x00, 0x00, 0x00, 0x00, 0x00, 0x00, 0x00, 0x00, 0x00, 0x00, 0x00, 0x00, 0x00, 0x00, 0x00, 0x00, 0x00, 0x00, 0x00, 0x00, 0x00, 0x00,
  0x00, 0x00, 0x00, 0x00, 0x00, 0x00, 0x00, 0x00, 0x00, 0x00, 0x00, 0x00, 0x00, 0x00, 0x00, 0x00, 0x00, 0x00, 0x00, 0x00, 0x00, 0x00, 0x00, 0x00, 0x00, 0x00, 0x00, 0x00, 0x00, 0x00, 0x00, 0x00,
  0x00, 0x00, 0x00, 0x00, 0xf2, 0x29, 0xe8, 0xa3, 0xe8, 0xe4, 0xe8, 0xe4, 0xe8, 0xe4, 0xe8, 0xe4, 0xe8, 0xe4, 0xe8, 0xe4, 0xe8, 0xe4, 0xe8, 0xe4, 0xe8, 0xe4, 0xe8, 0xe4, 0xe8, 0xe4, 0xe8, 0xe4,
  0xe8, 0xa3, 0xea, 0x08, 0x00, 0x00, 0x00, 0x00, 0x00, 0x00, 0x00, 0x00, 0x00, 0x00, 0x00, 0x00, 0x00, 0x00, 0x00, 0x00, 0x00, 0x00, 0x00, 0x00, 0x00, 0x00, 0x00, 0x00, 0x00, 0x00, 0x00, 0x00,
  0x00, 0x00, 0x00, 0x00, 0x00, 0x00, 0x00, 0x00, 0x00, 0x00, 0x00, 0x00, 0x00, 0x00, 0x00, 0x00, 0xf3, 0xaf, 0xe8, 0x83, 0xe8, 0xe4, 0xe8, 0xe4, 0xe8, 0xe4, 0xe8, 0xe4, 0xe8, 0xe4, 0xe8, 0xe4,
  0xe8, 0xe4, 0xe8, 0xe4, 0xe8, 0xe4, 0xe8, 0xe4, 0xe8, 0xe4, 0xe8, 0xe4, 0xe8, 0xc4, 0xe9, 0x05, 0x5a, 0x49, 0x00, 0x00, 0x00, 0x00, 0x00, 0x00, 0x00, 0x00, 0x00, 0x00, 0x00, 0x00, 0x00, 0x00,
  0x00, 0x00, 0x00, 0x00, 0x00, 0x00, 0x00, 0x00, 0x00, 0x00, 0x00, 0x00, 0x00, 0x00, 0x00, 0x00, 0x00, 0x00, 0x00, 0x00, 0x00, 0x00, 0x00, 0x00, 0x00, 0x00, 0x00, 0x00, 0x00, 0x00, 0x00, 0x00,
  0x00, 0x00, 0x00, 0x00, 0x00, 0x00, 0x00, 0x00, 0x00, 0x00, 0x00, 0x00, 0x00, 0x00, 0x00, 0x00, 0x00, 0x00, 0x00, 0x00, 0x00, 0x00, 0x00, 0x00, 0x00, 0x00, 0x00, 0x00, 0x00, 0x00, 0x00, 0x00,
  0x00, 0x00, 0x00, 0x00, 0x00, 0x00, 0x00, 0x00, 0x00, 0x00, 0x00, 0x00, 0x00, 0x00, 0x00, 0x00, 0x00, 0x00, 0x00, 0x00, 0x00, 0x00, 0x00, 0x00, 0x00, 0x00, 0x00, 0x00, 0x00, 0x00, 0x00, 0x00,
  0x00, 0x00, 0x00, 0x00, 0x00, 0x00, 0x00, 0x00, 0xf3, 0x0c, 0xe8, 0x83, 0xe8, 0xe4, 0xe8, 0xe4, 0xe8, 0xe4, 0xe8, 0xe4, 0xe8, 0xe4, 0xe8, 0xe4, 0xe8, 0xe4, 0xe8, 0xe4, 0xe8, 0xe4, 0xe8, 0xe4,
  0xe8, 0xe4, 0xe8, 0xe4, 0xe8, 0xa3, 0xec, 0x72, 0x00, 0x00, 0x00, 0x00, 0x00, 0x00, 0x00, 0x00, 0x00, 0x00, 0x00, 0x00, 0x00, 0x00, 0x00, 0x00, 0x00, 0x00, 0x00, 0x00, 0x00, 0x00, 0x00, 0x00,
  0x00, 0x00, 0x00, 0x00, 0x00, 0x00, 0x00, 0x00, 0x00, 0x00, 0x00, 0x00, 0x00, 0x00, 0x00, 0x00, 0x00, 0x00, 0x00, 0x00, 0x00, 0x00, 0x00, 0x00, 0x00, 0x00, 0x00, 0x00, 0x00, 0x00, 0x00, 0x00,
  0x00, 0x00, 0x00, 0x00, 0x00, 0x00, 0x00, 0x00, 0x00, 0x00, 0x00, 0x00, 0x00, 0x00, 0x00, 0x00, 0x00, 0x00, 0x00, 0x00, 0x00, 0x00, 0x00, 0x00, 0x00, 0x00, 0x00, 0x00, 0x00, 0x00, 0x00, 0x00,
  0x00, 0x00, 0x00, 0x00, 0x00, 0x00, 0x00, 0x00, 0x00, 0x00, 0x00, 0x00, 0x00, 0x00, 0x00, 0x00, 0x00, 0x00, 0x00, 0x00, 0x00, 0x00, 0x00, 0x00, 0x00, 0x00, 0x00, 0x00, 0x00, 0x00, 0x00, 0x00,
  0x00, 0x00, 0x00, 0x00, 0x00, 0x00, 0x00, 0x00, 0x00, 0x00, 0x00, 0x00, 0x00, 0x00, 0x00, 0x00, 0x00, 0x00, 0x00, 0x00, 0x00, 0x00, 0x00, 0x00, 0x00, 0x00, 0x00, 0x00, 0x00, 0x00, 0x00, 0x00,
  0x00, 0x00, 0x00, 0x00, 0x00, 0x00, 0x00, 0x00, 0x00, 0x00, 0x00, 0x00, 0x00, 0x00, 0x00, 0x00, 0x00, 0x00, 0x00, 0x00, 0x00, 0x00, 0x00, 0x00, 0x00, 0x00, 0x00, 0x00, 0x00, 0x00, 0x00, 0x00,
  0x00, 0x00, 0x7b, 0x0c, 0xe9, 0x25, 0xe8, 0xc4, 0xe8, 0xe4, 0xe8, 0xe4, 0xe8, 0xe4, 0xe8, 0xe4, 0xe8, 0xe4, 0xe8, 0xe4, 0xe8, 0xe4, 0xe8, 0xe4, 0xe8, 0xe4, 0xe8, 0xe4, 0xe8, 0xe4, 0xe8, 0xa3,
  0xea, 0x29, 0x00, 0x00, 0x00, 0x00, 0x00, 0x00, 0x00, 0x00, 0x00, 0x00, 0x00, 0x00, 0x00, 0x00, 0x00, 0x00, 0x00, 0x00, 0x00, 0x00, 0x00, 0x00, 0x00, 0x00, 0x00, 0x00, 0x00, 0x00, 0x00, 0x00,
  0x00, 0x00, 0x00, 0x00, 0x00, 0x00, 0x00, 0x00, 0xf4, 0x51, 0xe8, 0x83, 0xe8, 0xe4, 0xe8, 0xe4, 0xe8, 0xe4, 0xe8, 0xe4, 0xe8, 0xe4, 0xe8, 0xe4, 0xe8, 0xe4, 0xe8, 0xe4, 0xe8, 0xe4, 0xe8, 0xe4,
  0xe8, 0x83, 0xf3, 0xcf, 0x00, 0x00, 0x00, 0x00, 0x00, 0x00, 0x00, 0x00, 0x00, 0x00, 0x00, 0x00, 0x00, 0x00, 0x00, 0x00, 0x00, 0x00, 0x00, 0x00, 0x00, 0x00, 0x00, 0x00, 0x00, 0x00, 0x00, 0x00,
  0x00, 0x00, 0x00, 0x00, 0x00, 0x00, 0x00, 0x00, 0x00, 0x00, 0x00, 0x00, 0x00, 0x00, 0x00, 0x00, 0xf4, 0x31, 0xe8, 0x83, 0xe8, 0xe4, 0xe8, 0xe4, 0xe8, 0xe4, 0xe8, 0xe4, 0xe8, 0xe4, 0xe8, 0xe4,
  0xe8, 0xe4, 0xe8, 0xe4, 0xe8, 0xe4, 0xe8, 0xe4, 0xe8, 0xc4, 0xe9, 0x66, 0x21, 0x04, 0x00, 0x00, 0x00, 0x00, 0x00, 0x00, 0x00, 0x00, 0x00, 0x00, 0x00, 0x00, 0x00, 0x00, 0x00, 0x00, 0x00, 0x00,
  0x00, 0x00, 0x00, 0x00, 0x00, 0x00, 0x00, 0x00, 0x00, 0x00, 0x00, 0x00, 0x00, 0x00, 0x00, 0x00, 0x00, 0x00, 0x00, 0x00, 0x00, 0x00, 0x00, 0x00, 0x00, 0x00, 0x00, 0x00, 0x00, 0x00, 0x00, 0x00,
  0x00, 0x00, 0x00, 0x00, 0x00, 0x00, 0x00, 0x00, 0x00, 0x00, 0xd4, 0x31, 0xe8, 0xa3, 0xe8, 0xe4, 0xe8, 0xe4, 0xe8, 0xe4, 0xe8, 0xe4, 0xe8, 0xe4, 0xe8, 0xe4, 0xe8, 0xe4, 0xe8, 0xe4, 0xe8, 0xe4,
  0xe8, 0xe4, 0xe8, 0xe4, 0xe8, 0xe4, 0xe8, 0xe4, 0xe8, 0xa3, 0xd4, 0x51, 0x00, 0x00, 0x00, 0x00, 0x00, 0x00, 0x00, 0x00, 0x00, 0x00, 0x00, 0x00, 0x00, 0x00, 0x00, 0x00, 0x00, 0x00, 0x00, 0x00,
  0x00, 0x00, 0x00, 0x00, 0x00, 0x00, 0x00, 0x00, 0x00, 0x00, 0x00, 0x00, 0x00, 0x00, 0x00, 0x00, 0x00, 0x00, 0x00, 0x00, 0x00, 0x00, 0x41, 0xc7, 0xe9, 0x25, 0xe8, 0xc4, 0xe8, 0xe4, 0xe8, 0xe4,
  0xe8, 0xe4, 0xe8, 0xe4, 0xe8, 0xe4, 0xe8, 0xe4, 0xe8, 0xe4, 0xe8, 0xe4, 0xe8, 0xe4, 0xe8, 0xe4, 0xe8, 0xe4, 0xe8, 0xe4, 0xe8, 0x83, 0xf3, 0x6e, 0x00, 0x00, 0x00, 0x00, 0x00, 0x00, 0x00, 0x00,
  0x00, 0x00, 0x00, 0x00, 0x00, 0x00, 0x00, 0x00, 0x00, 0x00, 0x00, 0x00, 0x00, 0x00, 0x00, 0x00, 0x00, 0x00, 0x00, 0x00, 0x00, 0x00, 0x00, 0x00, 0x00, 0x00, 0x00, 0x00, 0x00, 0x00, 0x00, 0x00,
  0x00, 0x00, 0x00, 0x00, 0x00, 0x00, 0x00, 0x00, 0x00, 0x00, 0x00, 0x00, 0x00, 0x00, 0x00, 0x00, 0x00, 0x00, 0x00, 0x00, 0x00, 0x00, 0x00, 0x00, 0x00, 0x00, 0x00, 0x00, 0x00, 0x00, 0x00, 0x00,
  0x00, 0x00, 0x00, 0x00, 0x00, 0x00, 0x00, 0x00, 0x00, 0x00, 0x00, 0x00, 0x00, 0x00, 0x00, 0x00, 0x00, 0x00, 0x00, 0x00, 0x00, 0x00, 0x00, 0x00, 0x00, 0x00, 0x00, 0x00, 0x00, 0x00, 0x00, 0x00,
  0x00, 0x00, 0x00, 0x00, 0x00, 0x00, 0x00, 0x00, 0x00, 0x00, 0x00, 0x00, 0x00, 0x00, 0x00, 0x00, 0x9b, 0x6e, 0xe8, 0xc4, 0xe8, 0xe4, 0xe8, 0xe4, 0xe8, 0xe4, 0xe8, 0xe4, 0xe8, 0xe4, 0xe8, 0xe4,
  0xe8, 0xe4, 0xe8, 0xe4, 0xe8, 0xe4, 0xe8, 0xe4, 0xe8, 0xe4, 0xe8, 0xe4, 0xe8, 0xc4, 0xe9, 0x05, 0x83, 0x0c, 0x00, 0x00, 0x00, 0x00, 0x00, 0x00, 0x00, 0x00, 0x00, 0x00, 0x00, 0x00, 0x00, 0x00,
  0x00, 0x00, 0x00, 0x00, 0x00, 0x00, 0x00, 0x00, 0x00, 0x00, 0x00, 0x00, 0x00, 0x00, 0x00, 0x00, 0x00, 0x00, 0x00, 0x00, 0x00, 0x00, 0x00, 0x00, 0x00, 0x00, 0x00, 0x00, 0x00, 0x00, 0x00, 0x00,
  0x00, 0x00, 0x00, 0x00, 0x00, 0x00, 0x00, 0x00, 0x00, 0x00, 0x00, 0x00, 0x00, 0x00, 0x00, 0x00, 0x00, 0x00, 0x00, 0x00, 0x00, 0x00, 0x00, 0x00, 0x00, 0x00, 0x00, 0x00, 0x00, 0x00, 0x00, 0x00,
  0x00, 0x00, 0x00, 0x00, 0x00, 0x00, 0x00, 0x00, 0x00, 0x00, 0x00, 0x00, 0x00, 0x00, 0x00, 0x00, 0x00, 0x00, 0x00, 0x00, 0x00, 0x00, 0x00, 0x00, 0x00, 0x00, 0x00, 0x00, 0x00, 0x00, 0x00, 0x00,
  0x00, 0x00, 0x00, 0x00, 0x00, 0x00, 0x00, 0x00, 0x00, 0x00, 0x00, 0x00, 0x00, 0x00, 0x00, 0x00, 0x00, 0x00, 0x00, 0x00, 0x00, 0x00, 0x00, 0x00, 0x00, 0x00, 0x00, 0x00, 0x00, 0x00, 0x00, 0x00,
  0x00, 0x00, 0x00, 0x00, 0x00, 0x00, 0x00, 0x00, 0x00, 0x00, 0x00, 0x00, 0x00, 0x00, 0x00, 0x00, 0x00, 0x00, 0x00, 0x00, 0x00, 0x00, 0x00, 0x00, 0x00, 0x00, 0x00, 0x00, 0x00, 0x00, 0x00, 0x00,
  0x00, 0x00, 0x00, 0x00, 0x00, 0x00, 0x00, 0x00, 0x00, 0x00, 0x00, 0x00, 0xbb, 0xef, 0xe8, 0xc4, 0xe8, 0xe4, 0xe8, 0xe4, 0xe8, 0xe4, 0xe8, 0xe4, 0xe8, 0xe4, 0xe8, 0xe4, 0xe8, 0xe4, 0xe8, 0xe4,
  0xe8, 0xe4, 0xe8, 0xe4, 0xe8, 0xe4, 0xe8, 0xe4, 0xe8, 0x83, 0xf4, 0x92, 0x00, 0x00, 0x00, 0x00, 0x00, 0x00, 0x00, 0x00, 0x00, 0x00, 0x00, 0x00, 0x00, 0x00, 0x00, 0x00, 0x00, 0x00, 0x00, 0x00,
  0x00, 0x00, 0x00, 0x00, 0x00, 0x00, 0x00, 0x00, 0x00, 0x00, 0x00, 0x00, 0x00, 0x00, 0x00, 0x00, 0xf4, 0x51, 0xe8, 0x83, 0xe8, 0xe4, 0xe8, 0xe4, 0xe8, 0xe4, 0xe8, 0xe4, 0xe8, 0xe4, 0xe8, 0xe4,
  0xe8, 0xe4, 0xe8, 0xe4, 0xe8, 0xe4, 0xe8, 0xe4, 0xe8, 0x83, 0xf3, 0xcf, 0x00, 0x00, 0x00, 0x00, 0x00, 0x00, 0x00, 0x00, 0x00, 0x00, 0x00, 0x00, 0x00, 0x00, 0x00, 0x00, 0x00, 0x00, 0x00, 0x00,
  0x00, 0x00, 0x00, 0x00, 0x00, 0x00, 0x00, 0x00, 0x00, 0x00, 0x00, 0x00, 0x00, 0x00, 0x00, 0x00, 0x00, 0x00, 0x00, 0x00, 0x00, 0x00, 0x00, 0x00, 0xf4, 0x31, 0xe8, 0x83, 0xe8, 0xe4, 0xe8, 0xe4,
  0xe8, 0xe4, 0xe8, 0xe4, 0xe8, 0xe4, 0xe8, 0xe4, 0xe8, 0xe4, 0xe8, 0xe4, 0xe8, 0xe4, 0xe8, 0xe4, 0xe8, 0xc4, 0xe9, 0x66, 0x21, 0x04, 0x00, 0x00, 0x00, 0x00, 0x00, 0x00, 0x00, 0x00, 0x00, 0x00,
  0x00, 0x00, 0x00, 0x00, 0x00, 0x00, 0x00, 0x00, 0x00, 0x00, 0x00, 0x00, 0x00, 0x00, 0x00, 0x00, 0x00, 0x00, 0x00, 0x00, 0x00, 0x00, 0x00, 0x00, 0x00, 0x00, 0x00, 0x00, 0x00, 0x00, 0x00, 0x00,
  0x00, 0x00, 0x00, 0x00, 0x00, 0x00, 0x00, 0x00, 0x00, 0x00, 0x00, 0x00, 0x00, 0x00, 0x00, 0x00, 0x00, 0x00, 0xe9, 0xe8, 0xe8, 0xa3, 0xe8, 0xe4, 0xe8, 0xe4, 0xe8, 0xe4, 0xe8, 0xe4, 0xe8, 0xe4,
  0xe8, 0xe4, 0xe8, 0xe4, 0xe8, 0xe4, 0xe8, 0xe4, 0xe8, 0xe4, 0xe8, 0xe4, 0xe8, 0xe4, 0xe8, 0xa3, 0xea, 0x09, 0x00, 0x00, 0x00, 0x00, 0x00, 0x00, 0x00, 0x00, 0x00, 0x00, 0x00, 0x00, 0x00, 0x00,
  0x00, 0x00, 0x00, 0x00, 0x00, 0x00, 0x00, 0x00, 0x00, 0x00, 0x00, 0x00, 0x00, 0x00, 0x00, 0x00, 0x00, 0x00, 0x00, 0x00, 0x00, 0x00, 0x00, 0x00, 0x00, 0x00, 0x00, 0x00, 0x00, 0x00, 0xf3, 0x8e,
  0xe8, 0x83, 0xe8, 0xe4, 0xe8, 0xe4, 0xe8, 0xe4, 0xe8, 0xe4, 0xe8, 0xe4, 0xe8, 0xe4, 0xe8, 0xe4, 0xe8, 0xe4, 0xe8, 0xe4, 0xe8, 0xe4, 0xe8, 0xe4, 0xe8, 0xe4, 0xe8, 0xc4, 0xe9, 0x25, 0x41, 0xc7,
  0x00, 0x00, 0x00, 0x00, 0x00, 0x00, 0x00, 0x00, 0x00, 0x00, 0x00, 0x00, 0x00, 0x00, 0x00, 0x00, 0x00, 0x00, 0x00, 0x00, 0x00, 0x00, 0x00, 0x00, 0x00, 0x00, 0x00, 0x00, 0x00, 0x00, 0x00, 0x00,
  0x00, 0x00, 0x00, 0x00, 0x00, 0x00, 0x00, 0x00, 0x00, 0x00, 0x00, 0x00, 0x00, 0x00, 0x00, 0x00, 0x00, 0x00, 0x00, 0x00, 0x00, 0x00, 0x00, 0x00, 0x00, 0x00, 0x00, 0x00, 0x00, 0x00, 0x00, 0x00,
  0x00, 0x00, 0x00, 0x00, 0x00, 0x00, 0x00, 0x00, 0x00, 0x00, 0x00, 0x00, 0x00, 0x00, 0x00, 0x00, 0x00, 0x00, 0x00, 0x00, 0x00, 0x00, 0x00, 0x00, 0x00, 0x00, 0x00, 0x00, 0x00, 0x00, 0x00, 0x00,
  0x00, 0x00, 0x00, 0x00, 0x00, 0x00, 0x00, 0x00, 0x00, 0x00, 0x00, 0x00, 0x00, 0x00, 0x00, 0x00, 0x00, 0x00, 0x00, 0x00, 0x00, 0x00, 0x00, 0x00, 0x00, 0x00, 0xf2, 0x4a, 0xe8, 0xa3, 0xe8, 0xe4,
  0xe8, 0xe4, 0xe8, 0xe4, 0xe8, 0xe4, 0xe8, 0xe4, 0xe8, 0xe4, 0xe8, 0xe4, 0xe8, 0xe4, 0xe8, 0xe4, 0xe8, 0xe4, 0xe8, 0xe4, 0xe8, 0xe4, 0xe8, 0xa3, 0xe9, 0x86, 0x4a, 0x08, 0x00, 0x00, 0x00, 0x00,
  0x00, 0x00, 0x00, 0x00, 0x00, 0x00, 0x00, 0x00, 0x00, 0x00, 0x00, 0x00, 0x00, 0x00, 0x00, 0x00, 0x00, 0x00, 0x00, 0x00, 0x00, 0x00, 0x00, 0x00, 0x00, 0x00, 0x00, 0x00, 0x00, 0x00, 0x00, 0x00,
  0x00, 0x00, 0x00, 0x00, 0x00, 0x00, 0x00, 0x00, 0x00, 0x00, 0x00, 0x00, 0x00, 0x00, 0x00, 0x00, 0x00, 0x00, 0x00, 0x00, 0x00, 0x00, 0x00, 0x00, 0x00, 0x00, 0x00, 0x00, 0x00, 0x00, 0x00, 0x00,
  0x00, 0x00, 0x00, 0x00, 0x00, 0x00, 0x00, 0x00, 0x00, 0x00, 0x00, 0x00, 0x00, 0x00, 0x00, 0x00, 0x00, 0x00, 0x00, 0x00, 0x00, 0x00, 0x00, 0x00, 0x00, 0x00, 0x00, 0x00, 0x00, 0x00, 0x00, 0x00,
  0x00, 0x00, 0x00, 0x00, 0x00, 0x00, 0x00, 0x00, 0x00, 0x00, 0x00, 0x00, 0x00, 0x00, 0x00, 0x00, 0x00, 0x00, 0x00, 0x00, 0x00, 0x00, 0x00, 0x00, 0x00, 0x00, 0x00, 0x00, 0x00, 0x00, 0x00, 0x00,
  0x00, 0x00, 0x00, 0x00, 0x00, 0x00, 0x00, 0x00, 0x00, 0x00, 0x00, 0x00, 0x00, 0x00, 0x00, 0x00, 0x00, 0x00, 0x00, 0x00, 0x00, 0x00, 0x00, 0x00, 0x00, 0x00, 0x00, 0x00, 0x00, 0x00, 0x00, 0x00,
  0x00, 0x00, 0x00, 0x00, 0x00, 0x00, 0x00, 0x00, 0x00, 0x00, 0x00, 0x00, 0x00, 0x00, 0x00, 0x00, 0x00, 0x00, 0x00, 0x00, 0x00, 0x00, 0xf3, 0xf0, 0xe8, 0x83, 0xe8, 0xe4, 0xe8, 0xe4, 0xe8, 0xe4,
  0xe8, 0xe4, 0xe8, 0xe4, 0xe8, 0xe4, 0xe8, 0xe4, 0xe8, 0xe4, 0xe8, 0xe4, 0xe8, 0xe4, 0xe8, 0xe4, 0xe8, 0xa3, 0xe9, 0xc7, 0x08, 0x61, 0x00, 0x00, 0x00, 0x00, 0x00, 0x00, 0x00, 0x00, 0x00, 0x00,
  0x00, 0x00, 0x00, 0x00, 0x00, 0x00, 0x00, 0x00, 0x00, 0x00, 0x00, 0x00, 0x00, 0x00, 0x00, 0x00, 0x00, 0x00, 0x00, 0x00, 0x00, 0x00, 0x00, 0x00, 0xf4, 0x51, 0xe8, 0x83, 0xe8, 0xe4, 0xe8, 0xe4,
  0xe8, 0xe4, 0xe8, 0xe4, 0xe8, 0xe4, 0xe8, 0xe4, 0xe8, 0xe4, 0xe8, 0xe4, 0xe8, 0xe4, 0xe8, 0xe4, 0xe8, 0x83, 0xf3, 0xcf, 0x00, 0x00, 0x00, 0x00, 0x00, 0x00, 0x00, 0x00, 0x00, 0x00, 0x00, 0x00,
  0x00, 0x00, 0x00, 0x00, 0x00, 0x00, 0x00, 0x00, 0x00, 0x00, 0x00, 0x00, 0x00, 0x00, 0x00, 0x00, 0x00, 0x00, 0x00, 0x00, 0x00, 0x00, 0x00, 0x00, 0x00, 0x00, 0x00, 0x00, 0x00, 0x00, 0x00, 0x00,
  0xf4, 0x31, 0xe8, 0x83, 0xe8, 0xe4, 0xe8, 0xe4, 0xe8, 0xe4, 0xe8, 0xe4, 0xe8, 0xe4, 0xe8, 0xe4, 0xe8, 0xe4, 0xe8, 0xe4, 0xe8, 0xe4, 0xe8, 0xe4, 0xe8, 0xc4, 0xe9, 0x66, 0x21, 0x04, 0x00, 0x00,
  0x00, 0x00, 0x00, 0x00, 0x00, 0x00, 0x00, 0x00, 0x00, 0x00, 0x00, 0x00, 0x00, 0x00, 0x00, 0x00, 0x00, 0x00, 0x00, 0x00, 0x00, 0x00, 0x00, 0x00, 0x00, 0x00, 0x00, 0x00, 0x00, 0x00, 0x00, 0x00,
  0x00, 0x00, 0x00, 0x00, 0x00, 0x00, 0x00, 0x00, 0x00, 0x00, 0x00, 0x00, 0x00, 0x00, 0x00, 0x00, 0x00, 0x00, 0x00, 0x00, 0x00, 0x00, 0x00, 0x00, 0xe4, 0x71, 0xe8, 0x83, 0xe8, 0xe4, 0xe8, 0xe4,
  0xe8, 0xe4, 0xe8, 0xe4, 0xe8, 0xe4, 0xe8, 0xe4, 0xe8, 0xe4, 0xe8, 0xe4, 0xe8, 0xe4, 0xe8, 0xe4, 0xe8, 0xe4, 0xe8, 0xe4, 0xe8, 0xe4, 0xe8, 0xa3, 0xcc, 0x30, 0x00, 0x00, 0x00, 0x00, 0x00, 0x00,
  0x00, 0x00, 0x00, 0x00, 0x00, 0x00, 0x00, 0x00, 0x00, 0x00, 0x00, 0x00, 0x00, 0x00, 0x00, 0x00, 0x00, 0x00, 0x00, 0x00, 0x00, 0x00, 0x00, 0x00, 0x00, 0x00, 0x00, 0x00, 0x00, 0x00, 0x00, 0x00,
  0x00, 0x00, 0x00, 0x00, 0x52, 0x28, 0xe9, 0x05, 0xe8, 0xc4, 0xe8, 0xe4, 0xe8, 0xe4, 0xe8, 0xe4, 0xe8, 0xe4, 0xe8, 0xe4, 0xe8, 0xe4, 0xe8, 0xe4, 0xe8, 0xe4, 0xe8, 0xe4, 0xe8, 0xe4, 0xe8, 0xe4,
  0xe8, 0xe4, 0xe8, 0x83, 0xf3, 0xaf, 0x00, 0x00, 0x00, 0x00, 0x00, 0x00, 0x00, 0x00, 0x00, 0x00, 0x00, 0x00, 0x00, 0x00, 0x00, 0x00, 0x00, 0x00, 0x00, 0x00, 0x00, 0x00, 0x00, 0x00, 0x00, 0x00,
  0x00, 0x00, 0x00, 0x00, 0x00, 0x00, 0x00, 0x00, 0x00, 0x00, 0x00, 0x00, 0x00, 0x00, 0x00, 0x00, 0x00, 0x00, 0x00, 0x00, 0x00, 0x00, 0x00, 0x00, 0x00, 0x00, 0x00, 0x00, 0x00, 0x00, 0x00, 0x00,
  0x00, 0x00, 0x00, 0x00, 0x00, 0x00, 0x00, 0x00, 0x00, 0x00, 0x00, 0x00, 0x00, 0x00, 0x00, 0x00, 0x00, 0x00, 0x00, 0x00, 0x00, 0x00, 0x00, 0x00, 0x00, 0x00, 0x00, 0x00, 0x00, 0x00, 0x00, 0x00,
  0x00, 0x00, 0x00, 0x00, 0x00, 0x00, 0x00, 0x00, 0x00, 0x00, 0x00, 0x00, 0x00, 0x00, 0x00, 0x00, 0x00, 0x00, 0x00, 0x00, 0x00, 0x00, 0x00, 0x00, 0x00, 0x00, 0x00, 0x00, 0x00, 0x00, 0x00, 0x00,
  0x00, 0x00, 0xb3, 0xef, 0xe8, 0xa3, 0xe8, 0xe4, 0xe8, 0xe4, 0xe8, 0xe4, 0xe8, 0xe4, 0xe8, 0xe4, 0xe8, 0xe4, 0xe8, 0xe4, 0xe8, 0xe4, 0xe8, 0xe4, 0xe8, 0xe4, 0xe8, 0xe4, 0xe8, 0xe4, 0xe8, 0xe4,
  0xe8, 0xa3, 0xe9, 0xa7, 0x52, 0x28, 0x00, 0x00, 0x00, 0x00, 0x00, 0x00, 0x00, 0x00, 0x00, 0x00, 0x00, 0x00, 0x00, 0x00, 0x00, 0x00, 0x00, 0x00, 0x00, 0x00, 0x00, 0x00, 0x00, 0x00, 0x00, 0x00,
  0x00, 0x00, 0x00, 0x00, 0x00, 0x00, 0x00, 0x00, 0x00, 0x00, 0x00, 0x00, 0x00, 0x00, 0x00, 0x00, 0x00, 0x00, 0x00, 0x00, 0x00, 0x00, 0x00, 0x00, 0x00, 0x00, 0x00, 0x00, 0x00, 0x00, 0x00, 0x00,
  0x00, 0x00, 0x00, 0x00, 0x00, 0x00, 0x00, 0x00, 0x00, 0x00, 0x00, 0x00, 0x00, 0x00, 0x00, 0x00, 0x00, 0x00, 0x00, 0x00, 0x00, 0x00, 0x00, 0x00, 0x00, 0x00, 0x00, 0x00, 0x00, 0x00, 0x00, 0x00,
  0x00, 0x00, 0x00, 0x00, 0x00, 0x00, 0x00, 0x00, 0x00, 0x00, 0x00, 0x00, 0x00, 0x00, 0x00, 0x00, 0x00, 0x00, 0x00, 0x00, 0x00, 0x00, 0x00, 0x00, 0x00, 0x00, 0x00, 0x00, 0x00, 0x00, 0x00, 0x00,
  0x00, 0x00, 0x00, 0x00, 0x00, 0x00, 0x00, 0x00, 0x00, 0x00, 0x00, 0x00, 0x00, 0x00, 0x00, 0x00, 0x00, 0x00, 0x00, 0x00, 0x00, 0x00, 0x00, 0x00, 0x00, 0x00, 0x00, 0x00, 0x00, 0x00, 0x00, 0x00,
  0x00, 0x00, 0x00, 0x00, 0x00, 0x00, 0x00, 0x00, 0x00, 0x00, 0x00, 0x00, 0x00, 0x00, 0x00, 0x00, 0x00, 0x00, 0x00, 0x00, 0x00, 0x00, 0x00, 0x00, 0x00, 0x00, 0x00, 0x00, 0x00, 0x00, 0x00, 0x00,
  0xf2, 0x29, 0xe8, 0xa3, 0xe8, 0xe4, 0xe8, 0xe4, 0xe8, 0xe4, 0xe8, 0xe4, 0xe8, 0xe4, 0xe8, 0xe4, 0xe8, 0xe4, 0xe8, 0xe4, 0xe8, 0xe4, 0xe8, 0xe4, 0xe8, 0xe4, 0xe8, 0x83, 0xec, 0x72, 0x00, 0x00,
  0x00, 0x00, 0x00, 0x00, 0x00, 0x00, 0x00, 0x00, 0x00, 0x00, 0x00, 0x00, 0x00, 0x00, 0x00, 0x00, 0x00, 0x00, 0x00, 0x00, 0x00, 0x00, 0x00, 0x00, 0x00, 0x00, 0x00, 0x00, 0x00, 0x00, 0x00, 0x00,
  0xf4, 0x51, 0xe8, 0x83, 0xe8, 0xe4, 0xe8, 0xe4, 0xe8, 0xe4, 0xe8, 0xe4, 0xe8, 0xe4, 0xe8, 0xe4, 0xe8, 0xe4, 0xe8, 0xe4, 0xe8, 0xe4, 0xe8, 0xe4, 0xe8, 0x83, 0xf3, 0xcf, 0x00, 0x00, 0x00, 0x00,
  0x00, 0x00, 0x00, 0x00, 0x00, 0x00, 0x00, 0x00, 0x00, 0x00, 0x00, 0x00, 0x00, 0x00, 0x00, 0x00, 0x00, 0x00, 0x00, 0x00, 0x00, 0x00, 0x00, 0x00, 0x00, 0x00, 0x00, 0x00, 0x00, 0x00, 0x00, 0x00,
  0x00, 0x00, 0x00, 0x00, 0x00, 0x00, 0x00, 0x00, 0xf4, 0x31, 0xe8, 0x83, 0xe8, 0xe4, 0xe8, 0xe4, 0xe8, 0xe4, 0xe8, 0xe4, 0xe8, 0xe4, 0xe8, 0xe4, 0xe8, 0xe4, 0xe8, 0xe4, 0xe8, 0xe4, 0xe8, 0xe4,
  0xe8, 0xc4, 0xe9, 0x66, 0x21, 0x04, 0x00, 0x00, 0x00, 0x00, 0x00, 0x00, 0x00, 0x00, 0x00, 0x00, 0x00, 0x00, 0x00, 0x00, 0x00, 0x00, 0x00, 0x00, 0x00, 0x00, 0x00, 0x00, 0x00, 0x00, 0x00, 0x00,
  0x00, 0x00, 0x00, 0x00, 0x00, 0x00, 0x00, 0x00, 0x00, 0x00, 0x00, 0x00, 0x00, 0x00, 0x00, 0x00, 0x00, 0x00, 0x00, 0x00, 0x00, 0x00, 0x00, 0x00, 0x00, 0x00, 0x00, 0x00, 0x00, 0x00, 0x00, 0x00,
  0xe9, 0xc8, 0xe8, 0xa3, 0xe8, 0xe4, 0xe8, 0xe4, 0xe8, 0xe4, 0xe8, 0xe4, 0xe8, 0xe4, 0xe8, 0xe4, 0xe8, 0xe4, 0xe8, 0xe4, 0xe8, 0xe4, 0xe8, 0xe4, 0xe8, 0xe4, 0xe8, 0xe4, 0xe8, 0xa3, 0xf2, 0x29,
  0x00, 0x00, 0x00, 0x00, 0x00, 0x00, 0x00, 0x00, 0x00, 0x00, 0x00, 0x00, 0x00, 0x00, 0x00, 0x00, 0x00, 0x00, 0x00, 0x00, 0x00, 0x00, 0x00, 0x00, 0x00, 0x00, 0x00, 0x00, 0x00, 0x00, 0x00, 0x00,
  0x00, 0x00, 0x00, 0x00, 0x00, 0x00, 0x00, 0x00, 0x00, 0x00, 0x00, 0x00, 0xf3, 0x4e, 0xe8, 0x83, 0xe8, 0xe4, 0xe8, 0xe4, 0xe8, 0xe4, 0xe8, 0xe4, 0xe8, 0xe4, 0xe8, 0xe4, 0xe8, 0xe4, 0xe8, 0xe4,
  0xe8, 0xe4, 0xe8, 0xe4, 0xe8, 0xe4, 0xe8, 0xe4, 0xe8, 0xc4, 0xe9, 0x46, 0x31, 0x45, 0x00, 0x00, 0x00, 0x00, 0x00, 0x00, 0x00, 0x00, 0x00, 0x00, 0x00, 0x00, 0x00, 0x00, 0x00, 0x00, 0x00, 0x00,
  0x00, 0x00, 0x00, 0x00, 0x00, 0x00, 0x00, 0x00, 0x00, 0x00, 0x00, 0x00, 0x00, 0x00, 0x00, 0x00, 0x00, 0x00, 0x00, 0x00, 0x00, 0x00, 0x00, 0x00, 0x00, 0x00, 0x00, 0x00, 0x00, 0x00, 0x00, 0x00,
  0x00, 0x00, 0x00, 0x00, 0x00, 0x00, 0x00, 0x00, 0x00, 0x00, 0x00, 0x00, 0x00, 0x00, 0x00, 0x00, 0x00, 0x00, 0x00, 0x00, 0x00, 0x00, 0x00, 0x00, 0x00, 0x00, 0x00, 0x00, 0x00, 0x00, 0x00, 0x00,
  0x00, 0x00, 0x00, 0x00, 0x00, 0x00, 0x00, 0x00, 0x00, 0x00, 0x00, 0x00, 0x00, 0x00, 0x00, 0x00, 0x00, 0x00, 0x00, 0x00, 0x00, 0x00, 0x00, 0x00, 0x00, 0x00, 0x00, 0x00, 0x00, 0x00, 0x00, 0x00,
  0x00, 0x00, 0x00, 0x00, 0x00, 0x00, 0x00, 0x00, 0x00, 0x00, 0x00, 0x00, 0xf2, 0x8a, 0xe8, 0x83, 0xe8, 0xe4, 0xe8, 0xe4, 0xe8, 0xe4, 0xe8, 0xe4, 0xe8, 0xe4, 0xe8, 0xe4, 0xe8, 0xe4, 0xe8, 0xe4,
  0xe8, 0xe4, 0xe8, 0xe4, 0xe8, 0xe4, 0xe8, 0xe4, 0xe8, 0xe4, 0xe8, 0xa3, 0xe9, 0x66, 0x8b, 0x4d, 0x00, 0x00, 0x00, 0x00, 0x00, 0x00, 0x00, 0x00, 0x00, 0x00, 0x00, 0x00, 0x00, 0x00, 0x00, 0x00,
  0x00, 0x00, 0x00, 0x00, 0x00, 0x00, 0x00, 0x00, 0x00, 0x00, 0x00, 0x00, 0x00, 0x00, 0x00, 0x00, 0x00, 0x00, 0x00, 0x00, 0x00, 0x00, 0x00, 0x00, 0x00, 0x00, 0x00, 0x00, 0x00, 0x00, 0x00, 0x00,
  0x00, 0x00, 0x00, 0x00, 0x00, 0x00, 0x00, 0x00, 0x00, 0x00, 0x00, 0x00, 0x00, 0x00, 0x00, 0x00, 0x00, 0x00, 0x00, 0x00, 0x00, 0x00, 0x00, 0x00, 0x00, 0x00, 0x00, 0x00, 0x00, 0x00, 0x00, 0x00,
  0x00, 0x00, 0x00, 0x00, 0x00, 0x00, 0x00, 0x00, 0x00, 0x00, 0x00, 0x00, 0x00, 0x00, 0x00, 0x00, 0x00, 0x00, 0x00, 0x00, 0x00, 0x00, 0x00, 0x00, 0x00, 0x00, 0x00, 0x00, 0x00, 0x00, 0x00, 0x00,
  0x00, 0x00, 0x00, 0x00, 0x00, 0x00, 0x00, 0x00, 0x00, 0x00, 0x00, 0x00, 0x00, 0x00, 0x00, 0x00, 0x00, 0x00, 0x00, 0x00, 0x00, 0x00, 0x00, 0x00, 0x00, 0x00, 0x00, 0x00, 0x00, 0x00, 0x00, 0x00,
  0x00, 0x00, 0x00, 0x00, 0x00, 0x00, 0x00, 0x00, 0x00, 0x00, 0x00, 0x00, 0x00, 0x00, 0x00, 0x00, 0x00, 0x00, 0x00, 0x00, 0x00, 0x00, 0x00, 0x00, 0x00, 0x00, 0x00, 0x00, 0x00, 0x00, 0x00, 0x00,
  0x00, 0x00, 0x00, 0x00, 0x00, 0x00, 0x00, 0x00, 0x8b, 0x2d, 0xe8, 0xe4, 0xe8, 0xe4, 0xe8, 0xe4, 0xe8, 0xe4, 0xe8, 0xe4, 0xe8, 0xe4, 0xe8, 0xe4, 0xe8, 0xe4, 0xe8, 0xe4, 0xe8, 0xe4, 0xe8, 0xe4,
  0xe8, 0xe4, 0xe8, 0xa3, 0xea, 0x29, 0x00, 0x00, 0x00, 0x00, 0x00, 0x00, 0x00, 0x00, 0x00, 0x00, 0x00, 0x00, 0x00, 0x00, 0x00, 0x00, 0x00, 0x00, 0x00, 0x00, 0x00, 0x00, 0x00, 0x00, 0x00, 0x00,
  0x00, 0x00, 0x00, 0x00, 0x00, 0x00, 0x00, 0x00, 0xf4, 0x51, 0xe8, 0x83, 0xe8, 0xe4, 0xe8, 0xe4, 0xe8, 0xe4, 0xe8, 0xe4, 0xe8, 0xe4, 0xe8, 0xe4, 0xe8, 0xe4, 0xe8, 0xe4, 0xe8, 0xe4, 0xe8, 0xe4,
  0xe8, 0x83, 0xf3, 0xcf, 0x00, 0x00, 0x00, 0x00, 0x00, 0x00, 0x00, 0x00, 0x00, 0x00, 0x00, 0x00, 0x00, 0x00, 0x00, 0x00, 0x00, 0x00, 0x00, 0x00, 0x00, 0x00, 0x00, 0x00, 0x00, 0x00, 0x00, 0x00,
  0x00, 0x00, 0x00, 0x00, 0x00, 0x00, 0x00, 0x00, 0x00, 0x00, 0x00, 0x00, 0x00, 0x00, 0x00, 0x00, 0xf4, 0x31, 0xe8, 0x83, 0xe8, 0xe4, 0xe8, 0xe4, 0xe8, 0xe4, 0xe8, 0xe4, 0xe8, 0xe4, 0xe8, 0xe4,
  0xe8, 0xe4, 0xe8, 0xe4, 0xe8, 0xe4, 0xe8, 0xe4, 0xe8, 0xc4, 0xe9, 0x66, 0x21, 0x04, 0x00, 0x00, 0x00, 0x00, 0x00, 0x00, 0x00, 0x00, 0x00, 0x00, 0x00, 0x00, 0x00, 0x00, 0x00, 0x00, 0x00, 0x00,
  0x00, 0x00, 0x00, 0x00, 0x00, 0x00, 0x00, 0x00, 0x00, 0x00, 0x00, 0x00, 0x00, 0x00, 0x00, 0x00, 0x00, 0x00, 0x00, 0x00, 0x00, 0x00, 0x00, 0x00, 0x00, 0x00, 0x00, 0x00, 0x00, 0x00, 0x00, 0x00,
  0x00, 0x00, 0x00, 0x00, 0x00, 0x00, 0xf4, 0x92, 0xe8, 0x83, 0xe8, 0xe4, 0xe8, 0xe4, 0xe8, 0xe4, 0xe8, 0xe4, 0xe8, 0xe4, 0xe8, 0xe4, 0xe8, 0xe4, 0xe8, 0xe4, 0xe8, 0xe4, 0xe8, 0xe4, 0xe8, 0xe4,
  0xe8, 0xe4, 0xe8, 0xe4, 0xe8, 0xa3, 0xc4, 0x10, 0x00, 0x00, 0x00, 0x00, 0x00, 0x00, 0x00, 0x00, 0x00, 0x00, 0x00, 0x00, 0x00, 0x00, 0x00, 0x00, 0x00, 0x00, 0x00, 0x00, 0x00, 0x00, 0x00, 0x00,
  0x00, 0x00, 0x00, 0x00, 0x00, 0x00, 0x00, 0x00, 0x00, 0x00, 0x00, 0x00, 0x00, 0x00, 0x00, 0x00, 0x00, 0x00, 0x5a, 0x69, 0xe9, 0x05, 0xe8, 0xc4, 0xe8, 0xe4, 0xe8, 0xe4, 0xe8, 0xe4, 0xe8, 0xe4,
  0xe8, 0xe4, 0xe8, 0xe4, 0xe8, 0xe4, 0xe8, 0xe4, 0xe8, 0xe4, 0xe8, 0xe4, 0xe8, 0xe4, 0xe8, 0xe4, 0xe8, 0x83, 0xf4, 0x10, 0x00, 0x00, 0x00, 0x00, 0x00, 0x00, 0x00, 0x00, 0x00, 0x00, 0x00, 0x00,
  0x00, 0x00, 0x00, 0x00, 0x00, 0x00, 0x00, 0x00, 0x00, 0x00, 0x00, 0x00, 0x00, 0x00, 0x00, 0x00, 0x00, 0x00, 0x00, 0x00, 0x00, 0x00, 0x00, 0x00, 0x00, 0x00, 0x00, 0x00, 0x00, 0x00, 0x00, 0x00,
  0x00, 0x00, 0x00, 0x00, 0x00, 0x00, 0x00, 0x00, 0x00, 0x00, 0x00, 0x00, 0x00, 0x00, 0x00, 0x00, 0x00, 0x00, 0x00, 0x00, 0x00, 0x00, 0x00, 0x00, 0x00, 0x00, 0x00, 0x00, 0x00, 0x00, 0x00, 0x00,
  0x00, 0x00, 0x00, 0x00, 0x00, 0x00, 0x00, 0x00, 0x00, 0x00, 0x00, 0x00, 0x00, 0x00, 0x00, 0x00, 0x00, 0x00, 0x00, 0x00, 0x00, 0x00, 0x00, 0x00, 0x00, 0x00, 0x00, 0x00, 0x00, 0x00, 0x00, 0x00,
  0x00, 0x00, 0x00, 0x00, 0x00, 0x00, 0x00, 0x00, 0x00, 0x00, 0x00, 0x00, 0x00, 0x00, 0x00, 0x00, 0x00, 0x00, 0x00, 0x00, 0x83, 0x0c, 0xe8, 0xe4, 0xe8, 0xe4, 0xe8, 0xe4, 0xe8, 0xe4, 0xe8, 0xe4,
  0xe8, 0xe4, 0xe8, 0xe4, 0xe8, 0xe4, 0xe8, 0xe4, 0xe8, 0xe4, 0xe8, 0xe4, 0xe8, 0xe4, 0xe8, 0xe4, 0xe8, 0xe4, 0xe8, 0xe4, 0xe8, 0xa3, 0xe9, 0x05, 0xf4, 0x72, 0x00, 0x00, 0x00, 0x00, 0x00, 0x00,
  0x00, 0x00, 0x00, 0x00, 0x00, 0x00, 0x00, 0x00, 0x00, 0x00, 0x00, 0x00, 0x00, 0x00, 0x00, 0x00, 0x00, 0x00, 0x00, 0x00, 0x00, 0x00, 0x00, 0x00, 0x00, 0x00, 0x00, 0x00, 0x00, 0x00, 0x00, 0x00,
  0x00, 0x00, 0x00, 0x00, 0x00, 0x00, 0x00, 0x00, 0x00, 0x00, 0x00, 0x00, 0x00, 0x00, 0x00, 0x00, 0x00, 0x00, 0x00, 0x00, 0x00, 0x00, 0x00, 0x00, 0x00, 0x00, 0x00, 0x00, 0x00, 0x00, 0x00, 0x00,
  0x00, 0x00, 0x00, 0x00, 0x00, 0x00, 0x00, 0x00, 0x00, 0x00, 0x00, 0x00, 0x00, 0x00, 0x00, 0x00, 0x00, 0x00, 0x00, 0x00, 0x00, 0x00, 0x00, 0x00, 0x00, 0x00, 0x00, 0x00, 0x00, 0x00, 0x00, 0x00,
  0x00, 0x00, 0x00, 0x00, 0x00, 0x00, 0x00, 0x00, 0x00, 0x00, 0x00, 0x00, 0x00, 0x00, 0x00, 0x00, 0x00, 0x00, 0x00, 0x00, 0x00, 0x00, 0x00, 0x00, 0x00, 0x00, 0x00, 0x00, 0x00, 0x00, 0x00, 0x00,
  0x00, 0x00, 0x00, 0x00, 0x00, 0x00, 0x00, 0x00, 0x00, 0x00, 0x00, 0x00, 0x00, 0x00, 0x00, 0x00, 0x00, 0x00, 0x00, 0x00, 0x00, 0x00, 0x00, 0x00, 0x00, 0x00, 0x00, 0x00, 0x00, 0x00, 0x00, 0x00,
  0x00, 0x00, 0x00, 0x00, 0x00, 0x00, 0x00, 0x00, 0x00, 0x00, 0x00, 0x00, 0x00, 0x00, 0x00, 0x00, 0x00, 0x00, 0xf3, 0x0d, 0xe8, 0x83, 0xe8, 0xe4, 0xe8, 0xe4, 0xe8, 0xe4, 0xe8, 0xe4, 0xe8, 0xe4,
  0xe8, 0xe4, 0xe8, 0xe4, 0xe8, 0xe4, 0xe8, 0xe4, 0xe8, 0xe4, 0xe8, 0xe4, 0xe8, 0xe4, 0x83, 0x0c, 0x00, 0x00, 0x00, 0x00, 0x00, 0x00, 0x00, 0x00, 0x00, 0x00, 0x00, 0x00, 0x00, 0x00, 0x00, 0x00,
  0x00, 0x00, 0x00, 0x00, 0x00, 0x00, 0x00, 0x00, 0x00, 0x00, 0x00, 0x00, 0x00, 0x00, 0x00, 0x00, 0xf4, 0x51, 0xe8, 0x83, 0xe8, 0xe4, 0xe8, 0xe4, 0xe8, 0xe4, 0xe8, 0xe4, 0xe8, 0xe4, 0xe8, 0xe4,
  0xe8, 0xe4, 0xe8, 0xe4, 0xe8, 0xe4, 0xe8, 0xe4, 0xe8, 0x83, 0xf3, 0xcf, 0x00, 0x00, 0x00, 0x00, 0x00, 0x00, 0x00, 0x00, 0x00, 0x00, 0x00, 0x00, 0x00, 0x00, 0x00, 0x00, 0x00, 0x00, 0x00, 0x00,
  0x00, 0x00, 0x00, 0x00, 0x00, 0x00, 0x00, 0x00, 0x00, 0x00, 0x00, 0x00, 0x00, 0x00, 0x00, 0x00, 0x00, 0x00, 0x00, 0x00, 0x00, 0x00, 0x00, 0x00, 0xf4, 0x31, 0xe8, 0x83, 0xe8, 0xe4, 0xe8, 0xe4,
  0xe8, 0xe4, 0xe8, 0xe4, 0xe8, 0xe4, 0xe8, 0xe4, 0xe8, 0xe4, 0xe8, 0xe4, 0xe8, 0xe4, 0xe8, 0xe4, 0xe8, 0xc4, 0xe9, 0x66, 0x21, 0x04, 0x00, 0x00, 0x00, 0x00, 0x00, 0x00, 0x00, 0x00, 0x00, 0x00,
  0x00, 0x00, 0x00, 0x00, 0x00, 0x00, 0x00, 0x00, 0x00, 0x00, 0x00, 0x00, 0x00, 0x00, 0x00, 0x00, 0x00, 0x00, 0x00, 0x00, 0x00, 0x00, 0x00, 0x00, 0x00, 0x00, 0x00, 0x00, 0x00, 0x00, 0x00, 0x00,
  0x00, 0x00, 0x00, 0x00, 0x00, 0x00, 0x00, 0x00, 0x00, 0x00, 0x00, 0x00, 0x08, 0x61, 0xe9, 0xc7, 0xe8, 0xa3, 0xe8, 0xe4, 0xe8, 0xe4, 0xe8, 0xe4, 0xe8, 0xe4, 0xe8, 0xe4, 0xe8, 0xe4, 0xe8, 0xe4,
  0xe8, 0xe4, 0xe8, 0xe4, 0xe8, 0xe4, 0xe8, 0xe4, 0xe8, 0xe4, 0xe8, 0xa3, 0xf2, 0x29, 0x00, 0x00, 0x00, 0x00, 0x00, 0x00, 0x00, 0x00, 0x00, 0x00, 0x00, 0x00, 0x00, 0x00, 0x00, 0x00, 0x00, 0x00,
  0x00, 0x00, 0x00, 0x00, 0x00, 0x00, 0x00, 0x00, 0x00, 0x00, 0x00, 0x00, 0x00, 0x00, 0x00, 0x00, 0x00, 0x00, 0x00, 0x00, 0x00, 0x00, 0x00, 0x00, 0x00, 0x00, 0xf3, 0x2d, 0xe8, 0x83, 0xe8, 0xe4,
  0xe8, 0xe4, 0xe8, 0xe4, 0xe8, 0xe4, 0xe8, 0xe4, 0xe8, 0xe4, 0xe8, 0xe4, 0xe8, 0xe4, 0xe8, 0xe4, 0xe8, 0xe4, 0xe8, 0xe4, 0xe8, 0xe4, 0xe8, 0xa3, 0xe9, 0x87, 0x20, 0xe3, 0x00, 0x00, 0x00, 0x00,
  0x00, 0x00, 0x00, 0x00, 0x00, 0x00, 0x00, 0x00, 0x00, 0x00, 0x00, 0x00, 0x00, 0x00, 0x00, 0x00, 0x00, 0x00, 0x00, 0x00, 0x00, 0x00, 0x00, 0x00, 0x00, 0x00, 0x00, 0x00, 0x00, 0x00, 0x00, 0x00,
  0x00, 0x00, 0x00, 0x00, 0x00, 0x00, 0x00, 0x00, 0x00, 0x00, 0x00, 0x00, 0x00, 0x00, 0x00, 0x00, 0x00, 0x00, 0x00, 0x00, 0x00, 0x00, 0x00, 0x00, 0x00, 0x00, 0x00, 0x00, 0x00, 0x00, 0x00, 0x00,
  0x00, 0x00, 0x00, 0x00, 0x00, 0x00, 0x00, 0x00, 0x00, 0x00, 0x00, 0x00, 0x00, 0x00, 0x00, 0x00, 0x00, 0x00, 0x00, 0x00, 0x00, 0x00, 0x00, 0x00, 0x00, 0x00, 0x00, 0x00, 0x00, 0x00, 0x00, 0x00,
  0x00, 0x00, 0x00, 0x00, 0x00, 0x00, 0x00, 0x00, 0x00, 0x00, 0x00, 0x00, 0x00, 0x00, 0x00, 0x00, 0x00, 0x00, 0x00, 0x00, 0x00, 0x00, 0x00, 0x00, 0x00, 0x00, 0x00, 0x00, 0x00, 0x00, 0xf3, 0x8e,
  0xe8, 0x83, 0xe8, 0xe4, 0xe8, 0xe4, 0xe8, 0xe4, 0xe8, 0xe4, 0xe8, 0xe4, 0xe8, 0xe4, 0xe8, 0xe4, 0xe8, 0xe4, 0xe8, 0xe4, 0xe8, 0xe4, 0xe8, 0xe4, 0xe8, 0xe4, 0xe8, 0xe4, 0xe8, 0xe4, 0xe8, 0xc4,
  0xe8, 0x83, 0xf2, 0xab, 0x5a, 0x69, 0x00, 0x00, 0x00, 0x00, 0x00, 0x00, 0x00, 0x00, 0x00, 0x00, 0x00, 0x00, 0x00, 0x00, 0x00, 0x00, 0x00, 0x00, 0x00, 0x00, 0x00, 0x00, 0x00, 0x00, 0x00, 0x00,
  0x00, 0x00, 0x00, 0x00, 0x00, 0x00, 0x00, 0x00, 0x00, 0x00, 0x00, 0x00, 0x00, 0x00, 0x00, 0x00, 0x00, 0x00, 0x00, 0x00, 0x00, 0x00, 0x00, 0x00, 0x00, 0x00, 0x00, 0x00, 0x00, 0x00, 0x00, 0x00,
  0x00, 0x00, 0x00, 0x00, 0x00, 0x00, 0x00, 0x00, 0x00, 0x00, 0x00, 0x00, 0x00, 0x00, 0x00, 0x00, 0x00, 0x00, 0x00, 0x00, 0x00, 0x00, 0x00, 0x00, 0x00, 0x00, 0x00, 0x00, 0x00, 0x00, 0x00, 0x00,
  0x00, 0x00, 0x00, 0x00, 0x00, 0x00, 0x00, 0x00, 0x00, 0x00, 0x00, 0x00, 0x00, 0x00, 0x00, 0x00, 0x00, 0x00, 0x00, 0x00, 0x00, 0x00, 0x00, 0x00, 0x00, 0x00, 0x00, 0x00, 0x00, 0x00, 0x00, 0x00,
  0x00, 0x00, 0x00, 0x00, 0x00, 0x00, 0x00, 0x00, 0x00, 0x00, 0x00, 0x00, 0x00, 0x00, 0x00, 0x00, 0x00, 0x00, 0x00, 0x00, 0x00, 0x00, 0x00, 0x00, 0x00, 0x00, 0x00, 0x00, 0x00, 0x00, 0x00, 0x00,
  0x00, 0x00, 0x00, 0x00, 0x00, 0x00, 0x00, 0x00, 0x00, 0x00, 0x00, 0x00, 0x00, 0x00, 0x00, 0x00, 0x00, 0x00, 0x00, 0x00, 0x00, 0x00, 0x00, 0x00, 0x00, 0x00, 0x72, 0xcb, 0xe8, 0xe4, 0xe8, 0xc4,
  0xe8, 0xe4, 0xe8, 0xe4, 0xe8, 0xe4, 0xe8, 0xe4, 0xe8, 0xe4, 0xe8, 0xe4, 0xe8, 0xe4, 0xe8, 0xe4, 0xe8, 0xe4, 0xe8, 0xe4, 0xe8, 0x83, 0xf3, 0xcf, 0x00, 0x00, 0x00, 0x00, 0x00, 0x00, 0x00, 0x00,
  0x00, 0x00, 0x00, 0x00, 0x00, 0x00, 0x00, 0x00, 0x00, 0x00, 0x00, 0x00, 0x00, 0x00, 0x00, 0x00, 0x00, 0x00, 0x00, 0x00, 0x00, 0x00, 0x00, 0x00, 0xf4, 0x51, 0xe8, 0x83, 0xe8, 0xe4, 0xe8, 0xe4,
  0xe8, 0xe4, 0xe8, 0xe4, 0xe8, 0xe4, 0xe8, 0xe4, 0xe8, 0xe4, 0xe8, 0xe4, 0xe8, 0xe4, 0xe8, 0xe4, 0xe8, 0x83, 0xf3, 0xcf, 0x00, 0x00, 0x00, 0x00, 0x00, 0x00, 0x00, 0x00, 0x00, 0x00, 0x00, 0x00,
  0x00, 0x00, 0x00, 0x00, 0x00, 0x00, 0x00, 0x00, 0x00, 0x00, 0x00, 0x00, 0x00, 0x00, 0x00, 0x00, 0x00, 0x00, 0x00, 0x00, 0x00, 0x00, 0x00, 0x00, 0x00, 0x00, 0x00, 0x00, 0x00, 0x00, 0x00, 0x00,
  0xf4, 0x31, 0xe8, 0x83, 0xe8, 0xe4, 0xe8, 0xe4, 0xe8, 0xe4, 0xe8, 0xe4, 0xe8, 0xe4, 0xe8, 0xe4, 0xe8, 0xe4, 0xe8, 0xe4, 0xe8, 0xe4, 0xe8, 0xe4, 0xe8, 0xc4, 0xe9, 0x66, 0x21, 0x04, 0x00, 0x00,
  0x00, 0x00, 0x00, 0x00, 0x00, 0x00, 0x00, 0x00, 0x00, 0x00, 0x00, 0x00, 0x00, 0x00, 0x00, 0x00, 0x00, 0x00, 0x00, 0x00, 0x00, 0x00, 0x00, 0x00, 0x00, 0x00, 0x00, 0x00, 0x00, 0x00, 0x00, 0x00,
  0x00, 0x00, 0x00, 0x00, 0x00, 0x00, 0x00, 0x00, 0x00, 0x00, 0x00, 0x00, 0x00, 0x00, 0x00, 0x00, 0x00, 0x00, 0x00, 0x00, 0xf4, 0x72, 0xe8, 0x83, 0xe8, 0xe4, 0xe8, 0xe4, 0xe8, 0xe4, 0xe8, 0xe4,
  0xe8, 0xe4, 0xe8, 0xe4, 0xe8, 0xe4, 0xe8, 0xe4, 0xe8, 0xe4, 0xe8, 0xe4, 0xe8, 0xe4, 0xe8, 0xe4, 0xe8, 0xe4, 0xe8, 0xa3, 0xbb, 0xf0, 0x00, 0x00, 0x00, 0x00, 0x00, 0x00, 0x00, 0x00, 0x00, 0x00,
  0x00, 0x00, 0x00, 0x00, 0x00, 0x00, 0x00, 0x00, 0x00, 0x00, 0x00, 0x00, 0x00, 0x00, 0x00, 0x00, 0x00, 0x00, 0x00, 0x00, 0x00, 0x00, 0x00, 0x00, 0x00, 0x00, 0x00, 0x00, 0x00, 0x00, 0x00, 0x00,
  0x6a, 0x8a, 0xe8, 0xe4, 0xe8, 0xc4, 0xe8, 0xe4, 0xe8, 0xe4, 0xe8, 0xe4, 0xe8, 0xe4, 0xe8, 0xe4, 0xe8, 0xe4, 0xe8, 0xe4, 0xe8, 0xe4, 0xe8, 0xe4, 0xe8, 0xe4, 0xe8, 0xe4, 0xe8, 0xe4, 0xe8, 0x83,
  0xf4, 0x51, 0x00, 0x00, 0x00, 0x00, 0x00, 0x00, 0x00, 0x00, 0x00, 0x00, 0x00, 0x00, 0x00, 0x00, 0x00, 0x00, 0x00, 0x00, 0x00, 0x00, 0x00, 0x00, 0x00, 0x00, 0x00, 0x00, 0x00, 0x00, 0x00, 0x00,
  0x00, 0x00, 0x00, 0x00, 0x00, 0x00, 0x00, 0x00, 0x00, 0x00, 0x00, 0x00, 0x00, 0x00, 0x00, 0x00, 0x00, 0x00, 0x00, 0x00, 0x00, 0x00, 0x00, 0x00, 0x00, 0x00, 0x00, 0x00, 0x00, 0x00, 0x00, 0x00,
  0x00, 0x00, 0x00, 0x00, 0x00, 0x00, 0x00, 0x00, 0x00, 0x00, 0x00, 0x00, 0x00, 0x00, 0x00, 0x00, 0x00, 0x00, 0x00, 0x00, 0x00, 0x00, 0x00, 0x00, 0x00, 0x00, 0x00, 0x00, 0x00, 0x00, 0x00, 0x00,
  0x00, 0x00, 0x00, 0x00, 0x00, 0x00, 0x00, 0x00, 0x00, 0x00, 0x00, 0x00, 0x00, 0x00, 0x00, 0x00, 0x00, 0x00, 0x00, 0x00, 0x00, 0x00, 0x00, 0x00, 0x00, 0x00, 0x00, 0x00, 0x00, 0x00, 0x00, 0x00,
  0x00, 0x00, 0x00, 0x00, 0x00, 0x00, 0x10, 0x82, 0xe9, 0xc8, 0xe8, 0xa3, 0xe8, 0xe4, 0xe8, 0xe4, 0xe8, 0xe4, 0xe8, 0xe4, 0xe8, 0xe4, 0xe8, 0xe4, 0xe8, 0xe4, 0xe8, 0xe4, 0xe8, 0xe4, 0xe8, 0xe4,
  0xe8, 0xe4, 0xe8, 0xe4, 0xe8, 0xe4, 0xe8, 0xe4, 0xe8, 0xe4, 0xe8, 0x83, 0xe9, 0x05, 0xf3, 0xaf, 0x39, 0x86, 0x00, 0x00, 0x00, 0x00, 0x00, 0x00, 0x00, 0x00, 0x00, 0x00, 0x00, 0x00, 0x00, 0x00,
  0x00, 0x00, 0x00, 0x00, 0x00, 0x00, 0x00, 0x00, 0x00, 0x00, 0x00, 0x00, 0x00, 0x00, 0x00, 0x00, 0x00, 0x00, 0x00, 0x00, 0x00, 0x00, 0x00, 0x00, 0x00, 0x00, 0x00, 0x00, 0x00, 0x00, 0x00, 0x00,
  0x00, 0x00, 0x00, 0x00, 0x00, 0x00, 0x00, 0x00, 0x00, 0x00, 0x00, 0x00, 0x00, 0x00, 0x00, 0x00, 0x00, 0x00, 0x00, 0x00, 0x00, 0x00, 0x00, 0x00, 0x00, 0x00, 0x00, 0x00, 0x00, 0x00, 0x00, 0x00,
  0x00, 0x00, 0x00, 0x00, 0x00, 0x00, 0x00, 0x00, 0x00, 0x00, 0x00, 0x00, 0x00, 0x00, 0x00, 0x00, 0x00, 0x00, 0x00, 0x00, 0x00, 0x00, 0x00, 0x00, 0x00, 0x00, 0x00, 0x00, 0x00, 0x00, 0x00, 0x00,
  0x00, 0x00, 0x00, 0x00, 0x00, 0x00, 0x00, 0x00, 0x00, 0x00, 0x00, 0x00, 0x00, 0x00, 0x00, 0x00, 0x00, 0x00, 0x00, 0x00, 0x00, 0x00, 0x00, 0x00, 0x00, 0x00, 0x00, 0x00, 0x00, 0x00, 0x00, 0x00,
  0x00, 0x00, 0x00, 0x00, 0x00, 0x00, 0x00, 0x00, 0x00, 0x00, 0x00, 0x00, 0x00, 0x00, 0x00, 0x00, 0x00, 0x00, 0x00, 0x00, 0x00, 0x00, 0x00, 0x00, 0x00, 0x00, 0x00, 0x00, 0x00, 0x00, 0x00, 0x00,
  0x00, 0x00, 0x00, 0x00, 0xf2, 0xab, 0xe8, 0x83, 0xe8, 0xe4, 0xe8, 0xe4, 0xe8, 0xe4, 0xe8, 0xe4, 0xe8, 0xe4, 0xe8, 0xe4, 0xe8, 0xe4, 0xe8, 0xe4, 0xe8, 0xe4, 0xe8, 0xe4, 0xe8, 0xa3, 0xf2, 0x29,
  0x00, 0x00, 0x00, 0x00, 0x00, 0x00, 0x00, 0x00, 0x00, 0x00, 0x00, 0x00, 0x00, 0x00, 0x00, 0x00, 0x00, 0x00, 0x00, 0x00, 0x00, 0x00, 0x00, 0x00, 0x00, 0x00, 0x00, 0x00, 0x00, 0x00, 0x00, 0x00,
  0xf4, 0x51, 0xe8, 0x83, 0xe8, 0xe4, 0xe8, 0xe4, 0xe8, 0xe4, 0xe8, 0xe4, 0xe8, 0xe4, 0xe8, 0xe4, 0xe8, 0xe4, 0xe8, 0xe4, 0xe8, 0xe4, 0xe8, 0xe4, 0xe8, 0x83, 0xf3, 0xcf, 0x00, 0x00, 0x00, 0x00,
  0x00, 0x00, 0x00, 0x00, 0x00, 0x00, 0x00, 0x00, 0x00, 0x00, 0x00, 0x00, 0x00, 0x00, 0x00, 0x00, 0x00, 0x00, 0x00, 0x00, 0x00, 0x00, 0x00, 0x00, 0x00, 0x00, 0x00, 0x00, 0x00, 0x00, 0x00, 0x00,
  0x00, 0x00, 0x00, 0x00, 0x00, 0x00, 0x00, 0x00, 0xf4, 0x31, 0xe8, 0x83, 0xe8, 0xe4, 0xe8, 0xe4, 0xe8, 0xe4, 0xe8, 0xe4, 0xe8, 0xe4, 0xe8, 0xe4, 0xe8, 0xe4, 0xe8, 0xe4, 0xe8, 0xe4, 0xe8, 0xe4,
  0xe8, 0xc4, 0xe9, 0x66, 0x21, 0x04, 0x00, 0x00, 0x00, 0x00, 0x00, 0x00, 0x00, 0x00, 0x00, 0x00, 0x00, 0x00, 0x00, 0x00, 0x00, 0x00, 0x00, 0x00, 0x00, 0x00, 0x00, 0x00, 0x00, 0x00, 0x00, 0x00,
  0x00, 0x00, 0x00, 0x00, 0x00, 0x00, 0x00, 0x00, 0x00, 0x00, 0x00, 0x00, 0x00, 0x00, 0x00, 0x00, 0x00, 0x00, 0x00, 0x00, 0x00, 0x00, 0x00, 0x00, 0x00, 0x00, 0x10, 0xa2, 0xe9, 0x87, 0xe8, 0xc4,
  0xe8, 0xe4, 0xe8, 0xe4, 0xe8, 0xe4, 0xe8, 0xe4, 0xe8, 0xe4, 0xe8, 0xe4, 0xe8, 0xe4, 0xe8, 0xe4, 0xe8, 0xe4, 0xe8, 0xe4, 0xe8, 0xe4, 0xe8, 0xe4, 0xe8, 0x83, 0xf2, 0x4a, 0x00, 0x00, 0x00, 0x00,
  0x00, 0x00, 0x00, 0x00, 0x00, 0x00, 0x00, 0x00, 0x00, 0x00, 0x00, 0x00, 0x00, 0x00, 0x00, 0x00, 0x00, 0x00, 0x00, 0x00, 0x00, 0x00, 0x00, 0x00, 0x00, 0x00, 0x00, 0x00, 0x00, 0x00, 0x00, 0x00,
  0x00, 0x00, 0x00, 0x00, 0x00, 0x00, 0x00, 0x00, 0xf3, 0x0c, 0xe8, 0x83, 0xe8, 0xe4, 0xe8, 0xe4, 0xe8, 0xe4, 0xe8, 0xe4, 0xe8, 0xe4, 0xe8, 0xe4, 0xe8, 0xe4, 0xe8, 0xe4, 0xe8, 0xe4, 0xe8, 0xe4,
  0xe8, 0xe4, 0xe8, 0xe4, 0xe8, 0xa3, 0xe9, 0xa7, 0x10, 0x61, 0x00, 0x00, 0x00, 0x00, 0x00, 0x00, 0x00, 0x00, 0x00, 0x00, 0x00, 0x00, 0x00, 0x00, 0x00, 0x00, 0x00, 0x00, 0x00, 0x00, 0x00, 0x00,
  0x00, 0x00, 0x00, 0x00, 0x00, 0x00, 0x00, 0x00, 0x00, 0x00, 0x00, 0x00, 0x00, 0x00, 0x00, 0x00, 0x00, 0x00, 0x00, 0x00, 0x00, 0x00, 0x00, 0x00, 0x00, 0x00, 0x00, 0x00, 0x00, 0x00, 0x00, 0x00,
  0x00, 0x00, 0x00, 0x00, 0x00, 0x00, 0x00, 0x00, 0x00, 0x00, 0x00, 0x00, 0x00, 0x00, 0x00, 0x00, 0x00, 0x00, 0x00, 0x00, 0x00, 0x00, 0x00, 0x00, 0x00, 0x00, 0x00, 0x00, 0x00, 0x00, 0x00, 0x00,
  0x00, 0x00, 0x00, 0x00, 0x00, 0x00, 0x00, 0x00, 0x00, 0x00, 0x00, 0x00, 0x00, 0x00, 0x00, 0x00, 0x00, 0x00, 0x00, 0x00, 0x00, 0x00, 0x00, 0x00, 0x00, 0x00, 0x00, 0x00, 0x00, 0x00, 0x00, 0x00,
  0x00, 0x00, 0x00, 0x00, 0x00, 0x00, 0x00, 0x00, 0x00, 0x00, 0x00, 0x00, 0x00, 0x00, 0x00, 0x00, 0x8b, 0x4d, 0xe8, 0xe4, 0xe8, 0xc4, 0xe8, 0xe4, 0xe8, 0xe4, 0xe8, 0xe4, 0xe8, 0xe4, 0xe8, 0xe4,
  0xe8, 0xe4, 0xe8, 0xe4, 0xe8, 0xe4, 0xe8, 0xe4, 0xe8, 0xe4, 0xe8, 0xe4, 0xe8, 0xe4, 0xe8, 0xe4, 0xe8, 0xe4, 0xe8, 0xe4, 0xe8, 0xc4, 0xe8, 0x83, 0xe9, 0x46, 0xf3, 0x8e, 0x6a, 0xaa, 0x00, 0x00,
  0x00, 0x00, 0x00, 0x00, 0x00, 0x00, 0x00, 0x00, 0x00, 0x00, 0x00, 0x00, 0x00, 0x00, 0x00, 0x00, 0x00, 0x00, 0x00, 0x00, 0x00, 0x00, 0x00, 0x00, 0x00, 0x00, 0x00, 0x00, 0x00, 0x00, 0x00, 0x00,
  0x00, 0x00, 0x00, 0x00, 0x00, 0x00, 0x00, 0x00, 0x00, 0x00, 0x00, 0x00, 0x00, 0x00, 0x00, 0x00, 0x00, 0x00, 0x00, 0x00, 0x00, 0x00, 0x00, 0x00, 0x00, 0x00, 0x00, 0x00, 0x00, 0x00, 0x00, 0x00,
  0x00, 0x00, 0x00, 0x00, 0x00, 0x00, 0x00, 0x00, 0x00, 0x00, 0x00, 0x00, 0x00, 0x00, 0x00, 0x00, 0x00, 0x00, 0x00, 0x00, 0x00, 0x00, 0x00, 0x00, 0x00, 0x00, 0x00, 0x00, 0x00, 0x00, 0x00, 0x00,
  0x00, 0x00, 0x00, 0x00, 0x00, 0x00, 0x00, 0x00, 0x00, 0x00, 0x00, 0x00, 0x00, 0x00, 0x00, 0x00, 0x00, 0x00, 0x00, 0x00, 0x00, 0x00, 0x00, 0x00, 0x00, 0x00, 0x00, 0x00, 0x00, 0x00, 0x00, 0x00,
  0x00, 0x00, 0x00, 0x00, 0x00, 0x00, 0x00, 0x00, 0x00, 0x00, 0x00, 0x00, 0x00, 0x00, 0x00, 0x00, 0x00, 0x00, 0x00, 0x00, 0x00, 0x00, 0x00, 0x00, 0x00, 0x00, 0x00, 0x00, 0x00, 0x00, 0x00, 0x00,
  0x00, 0x00, 0x00, 0x00, 0x00, 0x00, 0x00, 0x00, 0x00, 0x00, 0x00, 0x00, 0xd4, 0x31, 0xe8, 0xa3, 0xe8, 0xe4, 0xe8, 0xe4, 0xe8, 0xe4, 0xe8, 0xe4, 0xe8, 0xe4, 0xe8, 0xe4, 0xe8, 0xe4, 0xe8, 0xe4,
  0xe8, 0xe4, 0xe8, 0xe4, 0xe8, 0xc4, 0xe9, 0x05, 0x4a, 0x08, 0x00, 0x00, 0x00, 0x00, 0x00, 0x00, 0x00, 0x00, 0x00, 0x00, 0x00, 0x00, 0x00, 0x00, 0x00, 0x00, 0x00, 0x00, 0x00, 0x00, 0x00, 0x00,
  0x00, 0x00, 0x00, 0x00, 0x00, 0x00, 0x00, 0x00, 0xf4, 0x51, 0xe8, 0x83, 0xe8, 0xe4, 0xe8, 0xe4, 0xe8, 0xe4, 0xe8, 0xe4, 0xe8, 0xe4, 0xe8, 0xe4, 0xe8, 0xe4, 0xe8, 0xe4, 0xe8, 0xe4, 0xe8, 0xe4,
  0xe8, 0x83, 0xf3, 0xcf, 0x00, 0x00, 0x00, 0x00, 0x00, 0x00, 0x00, 0x00, 0x00, 0x00, 0x00, 0x00, 0x00, 0x00, 0x00, 0x00, 0x00, 0x00, 0x00, 0x00, 0x00, 0x00, 0x00, 0x00, 0x00, 0x00, 0x00, 0x00,
  0x00, 0x00, 0x00, 0x00, 0x00, 0x00, 0x00, 0x00, 0x00, 0x00, 0x00, 0x00, 0x00, 0x00, 0x00, 0x00, 0xf4, 0x31, 0xe8, 0x83, 0xe8, 0xe4, 0xe8, 0xe4, 0xe8, 0xe4, 0xe8, 0xe4, 0xe8, 0xe4, 0xe8, 0xe4,
  0xe8, 0xe4, 0xe8, 0xe4, 0xe8, 0xe4, 0xe8, 0xe4, 0xe8, 0xc4, 0xe9, 0x66, 0x21, 0x04, 0x00, 0x00, 0x00, 0x00, 0x00, 0x00, 0x00, 0x00, 0x00, 0x00, 0x00, 0x00, 0x00, 0x00, 0x00, 0x00, 0x00, 0x00,
  0x00, 0x00, 0x00, 0x00, 0x00, 0x00, 0x00, 0x00, 0x00, 0x00, 0x00, 0x00, 0x00, 0x00, 0x00, 0x00, 0x00, 0x00, 0x00, 0x00, 0x00, 0x00, 0x00, 0x00, 0x00, 0x00, 0x00, 0x00, 0x00, 0x00, 0x00, 0x00,
  0x00, 0x00, 0xf4, 0x31, 0xe8, 0x83, 0xe8, 0xe4, 0xe8, 0xe4, 0xe8, 0xe4, 0xe8, 0xe4, 0xe8, 0xe4, 0xe8, 0xe4, 0xe8, 0xe4, 0xe8, 0xe4, 0xe8, 0xe4, 0xe8, 0xe4, 0xe8, 0xe4, 0xe8, 0xe4, 0xe8, 0xe4,
  0xe8, 0xa3, 0xb3, 0xef, 0x00, 0x00, 0x00, 0x00, 0x00, 0x00, 0x00, 0x00, 0x00, 0x00, 0x00, 0x00, 0x00, 0x00, 0x00, 0x00, 0x00, 0x00, 0x00, 0x00, 0x00, 0x00, 0x00, 0x00, 0x00, 0x00, 0x00, 0x00,
  0x00, 0x00, 0x00, 0x00, 0x00, 0x00, 0x00, 0x00, 0x00, 0x00, 0x00, 0x00, 0x00, 0x00, 0x72, 0xeb, 0xe8, 0xe4, 0xe8, 0xe4, 0xe8, 0xe4, 0xe8, 0xe4, 0xe8, 0xe4, 0xe8, 0xe4, 0xe8, 0xe4, 0xe8, 0xe4,
  0xe8, 0xe4, 0xe8, 0xe4, 0xe8, 0xe4, 0xe8, 0xe4, 0xe8, 0xe4, 0xe8, 0xe4, 0xe8, 0x83, 0xf4, 0x92, 0x00, 0x00, 0x00, 0x00, 0x00, 0x00, 0x00, 0x00, 0x00, 0x00, 0x00, 0x00, 0x00, 0x00, 0x00, 0x00,
  0x00, 0x00, 0x00, 0x00, 0x00, 0x00, 0x00, 0x00, 0x00, 0x00, 0x00, 0x00, 0x00, 0x00, 0x00, 0x00, 0x00, 0x00, 0x00, 0x00, 0x00, 0x00, 0x00, 0x00, 0x00, 0x00, 0x00, 0x00, 0x00, 0x00, 0x00, 0x00,
  0x00, 0x00, 0x00, 0x00, 0x00, 0x00, 0x00, 0x00, 0x00, 0x00, 0x00, 0x00, 0x00, 0x00, 0x00, 0x00, 0x00, 0x00, 0x00, 0x00, 0x00, 0x00, 0x00, 0x00, 0x00, 0x00, 0x00, 0x00, 0x00, 0x00, 0x00, 0x00,
  0x00, 0x00, 0x00, 0x00, 0x00, 0x00, 0x00, 0x00, 0x00, 0x00, 0x00, 0x00, 0x00, 0x00, 0x00, 0x00, 0x00, 0x00, 0x00, 0x00, 0x00, 0x00, 0x00, 0x00, 0x00, 0x00, 0x00, 0x00, 0x00, 0x00, 0x00, 0x00,
  0x00, 0x00, 0x00, 0x00, 0x00, 0x00, 0x00, 0x00, 0x00, 0x00, 0x00, 0x00, 0x00, 0x00, 0x00, 0x00, 0x00, 0x00, 0x00, 0x00, 0x00, 0x00, 0x00, 0x00, 0x00, 0x00, 0xf4, 0x72, 0xe8, 0x83, 0xe8, 0xe4,
  0xe8, 0xe4, 0xe8, 0xe4, 0xe8, 0xe4, 0xe8, 0xe4, 0xe8, 0xe4, 0xe8, 0xe4, 0xe8, 0xe4, 0xe8, 0xe4, 0xe8, 0xe4, 0xe8, 0xe4, 0xe8, 0xe4, 0xe8, 0xe4, 0xe8, 0xe4, 0xe8, 0xe4, 0xe8, 0xe4, 0xe8, 0xe4,
  0xe8, 0xc4, 0xe8, 0x83, 0xe8, 0xe4, 0xf2, 0x6a, 0xf4, 0x72, 0x62, 0x69, 0x00, 0x00, 0x00, 0x00, 0x00, 0x00, 0x00, 0x00, 0x00, 0x00, 0x00, 0x00, 0x00, 0x00, 0x00, 0x00, 0x00, 0x00, 0x00, 0x00,
  0x00, 0x00, 0x00, 0x00, 0x00, 0x00, 0x00, 0x00, 0x00, 0x00, 0x00, 0x00, 0x00, 0x00, 0x00, 0x00, 0x00, 0x00, 0x00, 0x00, 0x00, 0x00, 0x00, 0x00, 0x00, 0x00, 0x00, 0x00, 0x00, 0x00, 0x00, 0x00,
  0x00, 0x00, 0x00, 0x00, 0x00, 0x00, 0x00, 0x00, 0x00, 0x00, 0x00, 0x00, 0x00, 0x00, 0x00, 0x00, 0x00, 0x00, 0x00, 0x00, 0x00, 0x00, 0x00, 0x00, 0x00, 0x00, 0x00, 0x00, 0x00, 0x00, 0x00, 0x00,
  0x00, 0x00, 0x00, 0x00, 0x00, 0x00, 0x00, 0x00, 0x00, 0x00, 0x00, 0x00, 0x00, 0x00, 0x00, 0x00, 0x00, 0x00, 0x00, 0x00, 0x00, 0x00, 0x00, 0x00, 0x00, 0x00, 0x00, 0x00, 0x00, 0x00, 0x00, 0x00,
  0x00, 0x00, 0x00, 0x00, 0x00, 0x00, 0x00, 0x00, 0x00, 0x00, 0x00, 0x00, 0x00, 0x00, 0x00, 0x00, 0x00, 0x00, 0x00, 0x00, 0x00, 0x00, 0x00, 0x00, 0x00, 0x00, 0x00, 0x00, 0x00, 0x00, 0x00, 0x00,
  0x00, 0x00, 0x00, 0x00, 0x00, 0x00, 0x00, 0x00, 0x00, 0x00, 0x00, 0x00, 0x00, 0x00, 0x00, 0x00, 0x00, 0x00, 0x00, 0x00, 0x29, 0x45, 0xe9, 0x46, 0xe8, 0xc4, 0xe8, 0xe4, 0xe8, 0xe4, 0xe8, 0xe4,
  0xe8, 0xe4, 0xe8, 0xe4, 0xe8, 0xe4, 0xe8, 0xe4, 0xe8, 0xe4, 0xe8, 0xe4, 0xe8, 0xe4, 0xe8, 0x83, 0xc4, 0x10, 0x00, 0x00, 0x00, 0x00, 0x00, 0x00, 0x00, 0x00, 0x00, 0x00, 0x00, 0x00, 0x00, 0x00,
  0x00, 0x00, 0x00, 0x00, 0x00, 0x00, 0x00, 0x00, 0x00, 0x00, 0x00, 0x00, 0x00, 0x00, 0x00, 0x00, 0xf4, 0x51, 0xe8, 0x83, 0xe8, 0xe4, 0xe8, 0xe4, 0xe8, 0xe4, 0xe8, 0xe4, 0xe8, 0xe4, 0xe8, 0xe4,
  0xe8, 0xe4, 0xe8, 0xe4, 0xe8, 0xe4, 0xe8, 0xe4, 0xe8, 0x83, 0xf3, 0xcf, 0x00, 0x00, 0x00, 0x00, 0x00, 0x00, 0x00, 0x00, 0x00, 0x00, 0x00, 0x00, 0x00, 0x00, 0x00, 0x00, 0x00, 0x00, 0x00, 0x00,
  0x00, 0x00, 0x00, 0x00, 0x00, 0x00, 0x00, 0x00, 0x00, 0x00, 0x00, 0x00, 0x00, 0x00, 0x00, 0x00, 0x00, 0x00, 0x00, 0x00, 0x00, 0x00, 0x00, 0x00, 0xf4, 0x31, 0xe8, 0x83, 0xe8, 0xe4, 0xe8, 0xe4,
  0xe8, 0xe4, 0xe8, 0xe4, 0xe8, 0xe4, 0xe8, 0xe4, 0xe8, 0xe4, 0xe8, 0xe4, 0xe8, 0xe4, 0xe8, 0xe4, 0xe8, 0xc4, 0xe9, 0x66, 0x21, 0x04, 0x00, 0x00, 0x00, 0x00, 0x00, 0x00, 0x00, 0x00, 0x00, 0x00,
  0x00, 0x00, 0x00, 0x00, 0x00, 0x00, 0x00, 0x00, 0x00, 0x00, 0x00, 0x00, 0x00, 0x00, 0x00, 0x00, 0x00, 0x00, 0x00, 0x00, 0x00, 0x00, 0x00, 0x00, 0x00, 0x00, 0x00, 0x00, 0x00, 0x00, 0x00, 0x00,
  0x00, 0x00, 0x00, 0x00, 0x00, 0x00, 0x00, 0x00, 0x20, 0xe3, 0xe9, 0x87, 0xe8, 0xc4, 0xe8, 0xe4, 0xe8, 0xe4, 0xe8, 0xe4, 0xe8, 0xe4, 0xe8, 0xe4, 0xe8, 0xe4, 0xe8, 0xe4, 0xe8, 0xe4, 0xe8, 0xe4,
  0xe8, 0xe4, 0xe8, 0xe4, 0xe8, 0xe4, 0xe8, 0xa3, 0xf2, 0x6a, 0x00, 0x00, 0x00, 0x00, 0x00, 0x00, 0x00, 0x00, 0x00, 0x00, 0x00, 0x00, 0x00, 0x00, 0x00, 0x00, 0x00, 0x00, 0x00, 0x00, 0x00, 0x00,
  0x00, 0x00, 0x00, 0x00, 0x00, 0x00, 0x00, 0x00, 0x00, 0x00, 0x00, 0x00, 0x00, 0x00, 0x00, 0x00, 0x00, 0x00, 0x00, 0x00, 0x00, 0x00, 0xf2, 0xcc, 0xe8, 0x83, 0xe8, 0xe4, 0xe8, 0xe4, 0xe8, 0xe4,
  0xe8, 0xe4, 0xe8, 0xe4, 0xe8, 0xe4, 0xe8, 0xe4, 0xe8, 0xe4, 0xe8, 0xe4, 0xe8, 0xe4, 0xe8, 0xe4, 0xe8, 0xe4, 0xe8, 0xa3, 0xe9, 0xe8, 0x00, 0x00, 0x00, 0x00, 0x00, 0x00, 0x00, 0x00, 0x00, 0x00,
  0x00, 0x00, 0x00, 0x00, 0x00, 0x00, 0x00, 0x00, 0x00, 0x00, 0x00, 0x00, 0x00, 0x00, 0x00, 0x00, 0x00, 0x00, 0x00, 0x00, 0x00, 0x00, 0x00, 0x00, 0x00, 0x00, 0x00, 0x00, 0x00, 0x00, 0x00, 0x00,
  0x00, 0x00, 0x00, 0x00, 0x00, 0x00, 0x00, 0x00, 0x00, 0x00, 0x00, 0x00, 0x00, 0x00, 0x00, 0x00, 0x00, 0x00, 0x00, 0x00, 0x00, 0x00, 0x00, 0x00, 0x00, 0x00, 0x00, 0x00, 0x00, 0x00, 0x00, 0x00,
  0x00, 0x00, 0x00, 0x00, 0x00, 0x00, 0x00, 0x00, 0x00, 0x00, 0x00, 0x00, 0x00, 0x00, 0x00, 0x00, 0x00, 0x00, 0x00, 0x00, 0x00, 0x00, 0x00, 0x00, 0x00, 0x00, 0x00, 0x00, 0x00, 0x00, 0x00, 0x00,
  0x00, 0x00, 0x00, 0x00, 0x00, 0x00, 0x00, 0x00, 0x00, 0x00, 0x00, 0x00, 0x00, 0x00, 0x00, 0x00, 0x00, 0x00, 0x00, 0x00, 0x00, 0x00, 0x00, 0x00, 0x00, 0x00, 0x00, 0x00, 0x00, 0x00, 0x00, 0x00,
  0x00, 0x00, 0x00, 0x00, 0xf3, 0x6e, 0xe8, 0x83, 0xe8, 0xe4, 0xe8, 0xe4, 0xe8, 0xe4, 0xe8, 0xe4, 0xe8, 0xe4, 0xe8, 0xe4, 0xe8, 0xe4, 0xe8, 0xe4, 0xe8, 0xe4, 0xe8, 0xe4, 0xe8, 0xe4, 0xe8, 0xe4,
  0xe8, 0xe4, 0xe8, 0xe4, 0xe8, 0xe4, 0xe8, 0xe4, 0xe8, 0xe4, 0xe8, 0xe4, 0xe8, 0xc4, 0xe8, 0xa3, 0xe8, 0x83, 0xe8, 0xe4, 0xe9, 0xe8, 0xf3, 0x2d, 0xf4, 0x51, 0xb3, 0xef, 0xa3, 0x8e, 0xa3, 0x8e,
  0xa3, 0x8e, 0xa3, 0x8e, 0xa3, 0x8e, 0xa3, 0x8e, 0xa3, 0x8e, 0xa3, 0x8e, 0xa3, 0x8e, 0xa3, 0x8e, 0xa3, 0x8e, 0xa3, 0x8e, 0xa3, 0x8e, 0xa3, 0x8e, 0xa3, 0x8e, 0xa3, 0x8e, 0xa3, 0x8e, 0xa3, 0x8e,
  0xa3, 0x8e, 0xa3, 0x8e, 0xa3, 0x8e, 0xa3, 0x8e, 0xa3, 0x8e, 0xa3, 0x8e, 0xa3, 0x8e, 0xa3, 0x8e, 0xa3, 0x8e, 0xa3, 0x8e, 0xa3, 0x8e, 0xa3, 0x8e, 0xa3, 0x8e, 0xa3, 0x8e, 0xa3, 0x8e, 0xa3, 0x8e,
  0xa3, 0x8e, 0xa3, 0x8e, 0xa3, 0x8e, 0xa3, 0x8e, 0xa3, 0x8e, 0xa3, 0x8e, 0xa3, 0x8e, 0xa3, 0x8e, 0xa3, 0x8e, 0xa3, 0x8e, 0xa3, 0x8e, 0xa3, 0x8e, 0xa3, 0x8e, 0xa3, 0x8e, 0xa3, 0x8e, 0xa3, 0x8e,
  0xa3, 0x8e, 0xa3, 0x8e, 0xa3, 0x8e, 0xa3, 0x8e, 0xab, 0xaf, 0x10, 0xa2, 0x00, 0x00, 0x00, 0x00, 0x00, 0x00, 0x00, 0x00, 0x00, 0x00, 0x00, 0x00, 0x00, 0x00, 0x00, 0x00, 0x00, 0x00, 0x00, 0x00,
  0x00, 0x00, 0x00, 0x00, 0x00, 0x00, 0x00, 0x00, 0x00, 0x00, 0x00, 0x00, 0x00, 0x00, 0x00, 0x00, 0x00, 0x00, 0x00, 0x00, 0x00, 0x00, 0x00, 0x00, 0x00, 0x00, 0x00, 0x00, 0x00, 0x00, 0xf2, 0x8b,
  0xe8, 0x83, 0xe8, 0xe4, 0xe8, 0xe4, 0xe8, 0xe4, 0xe8, 0xe4, 0xe8, 0xe4, 0xe8, 0xe4, 0xe8, 0xe4, 0xe8, 0xe4, 0xe8, 0xe4, 0xe8, 0xe4, 0xe8, 0x83, 0xf3, 0xf0, 0x00, 0x00, 0x00, 0x00, 0x00, 0x00,
  0x00, 0x00, 0x00, 0x00, 0x00, 0x00, 0x00, 0x00, 0x00, 0x00, 0x00, 0x00, 0x00, 0x00, 0x00, 0x00, 0x00, 0x00, 0x00, 0x00, 0x00, 0x00, 0x00, 0x00, 0xf4, 0x51, 0xe8, 0x83, 0xe8, 0xe4, 0xe8, 0xe4,
  0xe8, 0xe4, 0xe8, 0xe4, 0xe8, 0xe4, 0xe8, 0xe4, 0xe8, 0xe4, 0xe8, 0xe4, 0xe8, 0xe4, 0xe8, 0xe4, 0xe8, 0x83, 0xf3, 0xcf, 0x00, 0x00, 0x00, 0x00, 0x00, 0x00, 0x00, 0x00, 0x00, 0x00, 0x00, 0x00,
  0x00, 0x00, 0x00, 0x00, 0x00, 0x00, 0x00, 0x00, 0x00, 0x00, 0x00, 0x00, 0x00, 0x00, 0x00, 0x00, 0x00, 0x00, 0x00, 0x00, 0x00, 0x00, 0x00, 0x00, 0x00, 0x00, 0x00, 0x00, 0x00, 0x00, 0x00, 0x00,
  0xf4, 0x31, 0xe8, 0x83, 0xe8, 0xe4, 0xe8, 0xe4, 0xe8, 0xe4, 0xe8, 0xe4, 0xe8, 0xe4, 0xe8, 0xe4, 0xe8, 0xe4, 0xe8, 0xe4, 0xe8, 0xe4, 0xe8, 0xe4, 0xe8, 0xc4, 0xe9, 0x66, 0x21, 0x04, 0x00, 0x00,
  0x00, 0x00, 0x00, 0x00, 0x00, 0x00, 0x00, 0x00, 0x00, 0x00, 0x00, 0x00, 0x00, 0x00, 0x00, 0x00, 0x00, 0x00, 0x00, 0x00, 0x00, 0x00, 0x00, 0x00, 0x00, 0x00, 0x00, 0x00, 0x00, 0x00, 0x00, 0x00,
  0x00, 0x00, 0x00, 0x00, 0x00, 0x00, 0x00, 0x00, 0x00, 0x00, 0x00, 0x00, 0x00, 0x00, 0x00, 0x00, 0xf4, 0x10, 0xe8, 0x83, 0xe8, 0xe4, 0xe8, 0xe4, 0xe8, 0xe4, 0xe8, 0xe4, 0xe8, 0xe4, 0xe8, 0xe4,
  0xe8, 0xe4, 0xe8, 0xe4, 0xe8, 0xe4, 0xe8, 0xe4, 0xe8, 0xe4, 0xe8, 0xe4, 0xe8, 0xe4, 0xe8, 0xa3, 0xab, 0xaf, 0x00, 0x00, 0x00, 0x00, 0x00, 0x00, 0x00, 0x00, 0x00, 0x00, 0x00, 0x00, 0x00, 0x00,
  0x00, 0x00, 0x00, 0x00, 0x00, 0x00, 0x00, 0x00, 0x00, 0x00, 0x00, 0x00, 0x00, 0x00, 0x00, 0x00, 0x00, 0x00, 0x00, 0x00, 0x00, 0x00, 0x00, 0x00, 0x00, 0x00, 0x00, 0x00, 0x83, 0x2c, 0xe8, 0xc4,
  0xe8, 0xe4, 0xe8, 0xe4, 0xe8, 0xe4, 0xe8, 0xe4, 0xe8, 0xe4, 0xe8, 0xe4, 0xe8, 0xe4, 0xe8, 0xe4, 0xe8, 0xe4, 0xe8, 0xe4, 0xe8, 0xe4, 0xe8, 0xe4, 0xe8, 0xe4, 0xe8, 0x83, 0xdc, 0x51, 0x00, 0x00,
  0x00, 0x00, 0x00, 0x00, 0x00, 0x00, 0x00, 0x00, 0x00, 0x00, 0x00, 0x00, 0x00, 0x00, 0x00, 0x00, 0x00, 0x00, 0x00, 0x00, 0x00, 0x00, 0x00, 0x00, 0x00, 0x00, 0x00, 0x00, 0x00, 0x00, 0x00, 0x00,
  0x00, 0x00, 0x00, 0x00, 0x00, 0x00, 0x00, 0x00, 0x00, 0x00, 0x00, 0x00, 0x00, 0x00, 0x00, 0x00, 0x00, 0x00, 0x00, 0x00, 0x00, 0x00, 0x00, 0x00, 0x00, 0x00, 0x00, 0x00, 0x00, 0x00, 0x00, 0x00,
  0x00, 0x00, 0x00, 0x00, 0x00, 0x00, 0x00, 0x00, 0x00, 0x00, 0x00, 0x00, 0x00, 0x00, 0x00, 0x00, 0x00, 0x00, 0x00, 0x00, 0x00, 0x00, 0x00, 0x00, 0x00, 0x00, 0x00, 0x00, 0x00, 0x00, 0x00, 0x00,
  0x00, 0x00, 0x00, 0x00, 0x00, 0x00, 0x00, 0x00, 0x00, 0x00, 0x00, 0x00, 0x00, 0x00, 0x00, 0x00, 0x00, 0x00, 0x00, 0x00, 0x00, 0x00, 0x00, 0x00, 0x00, 0x00, 0x00, 0x00, 0x00, 0x00, 0x00, 0x00,
  0x00, 0x00, 0x00, 0x00, 0x00, 0x00, 0x00, 0x00, 0x00, 0x00, 0x00, 0x00, 0x00, 0x00, 0xf2, 0xcb, 0xe8, 0x83, 0xe8, 0xe4, 0xe8, 0xe4, 0xe8, 0xe4, 0xe8, 0xe4, 0xe8, 0xe4, 0xe8, 0xe4, 0xe8, 0xe4,
  0xe8, 0xe4, 0xe8, 0xe4, 0xe8, 0xe4, 0xe8, 0xe4, 0xe8, 0xe4, 0xe8, 0xe4, 0xe8, 0xe4, 0xe8, 0xe4, 0xe8, 0xe4, 0xe8, 0xe4, 0xe8, 0xe4, 0xe8, 0xe4, 0xe8, 0xe4, 0xe8, 0xe4, 0xe8, 0xa3, 0xe8, 0x83,
  0xe8, 0x83, 0xe8, 0xa3, 0xe8, 0xc4, 0xe8, 0xc4, 0xe8, 0xc4, 0xe8, 0xc4, 0xe8, 0xc4, 0xe8, 0xc4, 0xe8, 0xc4, 0xe8, 0xc4, 0xe8, 0xc4, 0xe8, 0xc4, 0xe8, 0xc4, 0xe8, 0xc4, 0xe8, 0xc4, 0xe8, 0xc4,
  0xe8, 0xc4, 0xe8, 0xc4, 0xe8, 0xc4, 0xe8, 0xc4, 0xe8, 0xc4, 0xe8, 0xc4, 0xe8, 0xc4, 0xe8, 0xc4, 0xe8, 0xc4, 0xe8, 0xc4, 0xe8, 0xc4, 0xe8, 0xc4, 0xe8, 0xc4, 0xe8, 0xc4, 0xe8, 0xc4, 0xe8, 0xc4,
  0xe8, 0xc4, 0xe8, 0xc4, 0xe8, 0xc4, 0xe8, 0xc4, 0xe8, 0xc4, 0xe8, 0xc4, 0xe8, 0xc4, 0xe8, 0xc4, 0xe8, 0xc4, 0xe8, 0xc4, 0xe8, 0xc4, 0xe8, 0xc4, 0xe8, 0xc4, 0xe8, 0xc4, 0xe8, 0xc4, 0xe8, 0xc4,
  0xe8, 0xc4, 0xe8, 0xc4, 0xe8, 0xc4, 0xe8, 0xc4, 0xe8, 0xc4, 0xe8, 0xc4, 0xe8, 0xc4, 0xe8, 0xc4, 0xe8, 0x83, 0xab, 0xcf, 0x00, 0x00, 0x00, 0x00, 0x00, 0x00, 0x00, 0x00, 0x00, 0x00, 0x00, 0x00,
  0x00, 0x00, 0x00, 0x00, 0x00, 0x00, 0x00, 0x00, 0x00, 0x00, 0x00, 0x00, 0x00, 0x00, 0x00, 0x00, 0x00, 0x00, 0x00, 0x00, 0x00, 0x00, 0x00, 0x00, 0x00, 0x00, 0x00, 0x00, 0x00, 0x00, 0x00, 0x00,
  0x00, 0x00, 0x00, 0x00, 0x00, 0x00, 0xf3, 0xf0, 0xe8, 0x83, 0xe8, 0xe4, 0xe8, 0xe4, 0xe8, 0xe4, 0xe8, 0xe4, 0xe8, 0xe4, 0xe8, 0xe4, 0xe8, 0xe4, 0xe8, 0xe4, 0xe8, 0xe4, 0xe8, 0xe4, 0xe8, 0x83,
  0xf2, 0xec, 0x00, 0x00, 0x00, 0x00, 0x00, 0x00, 0x00, 0x00, 0x00, 0x00, 0x00, 0x00, 0x00, 0x00, 0x00, 0x00, 0x00, 0x00, 0x00, 0x00, 0x00, 0x00, 0x00, 0x00, 0x00, 0x00, 0x00, 0x00, 0x00, 0x00,
  0xf4, 0x51, 0xe8, 0x83, 0xe8, 0xe4, 0xe8, 0xe4, 0xe8, 0xe4, 0xe8, 0xe4, 0xe8, 0xe4, 0xe8, 0xe4, 0xe8, 0xe4, 0xe8, 0xe4, 0xe8, 0xe4, 0xe8, 0xe4, 0xe8, 0x83, 0xf3, 0xcf, 0x00, 0x00, 0x00, 0x00,
  0x00, 0x00, 0x00, 0x00, 0x00, 0x00, 0x00, 0x00, 0x00, 0x00, 0x00, 0x00, 0x00, 0x00, 0x00, 0x00, 0x00, 0x00, 0x00, 0x00, 0x00, 0x00, 0x00, 0x00, 0x00, 0x00, 0x00, 0x00, 0x00, 0x00, 0x00, 0x00,
  0x00, 0x00, 0x00, 0x00, 0x00, 0x00, 0x00, 0x00, 0xf4, 0x31, 0xe8, 0x83, 0xe8, 0xe4, 0xe8, 0xe4, 0xe8, 0xe4, 0xe8, 0xe4, 0xe8, 0xe4, 0xe8, 0xe4, 0xe8, 0xe4, 0xe8, 0xe4, 0xe8, 0xe4, 0xe8, 0xe4,
  0xe8, 0xc4, 0xe9, 0x66, 0x21, 0x04, 0x00, 0x00, 0x00, 0x00, 0x00, 0x00, 0x00, 0x00, 0x00, 0x00, 0x00, 0x00, 0x00, 0x00, 0x00, 0x00, 0x00, 0x00, 0x00, 0x00, 0x00, 0x00, 0x00, 0x00, 0x00, 0x00,
  0x00, 0x00, 0x00, 0x00, 0x00, 0x00, 0x00, 0x00, 0x00, 0x00, 0x00, 0x00, 0x00, 0x00, 0x00, 0x00, 0x00, 0x00, 0x00, 0x00, 0x00, 0x00, 0x29, 0x45, 0xe9, 0x66, 0xe8, 0xc4, 0xe8, 0xe4, 0xe8, 0xe4,
  0xe8, 0xe4, 0xe8, 0xe4, 0xe8, 0xe4, 0xe8, 0xe4, 0xe8, 0xe4, 0xe8, 0xe4, 0xe8, 0xe4, 0xe8, 0xe4, 0xe8, 0xe4, 0xe8, 0xe4, 0xe8, 0x83, 0xf2, 0x6a, 0x00, 0x00, 0x00, 0x00, 0x00, 0x00, 0x00, 0x00,
  0x00, 0x00, 0x00, 0x00, 0x00, 0x00, 0x00, 0x00, 0x00, 0x00, 0x00, 0x00, 0x00, 0x00, 0x00, 0x00, 0x00, 0x00, 0x00, 0x00, 0x00, 0x00, 0x00, 0x00, 0x00, 0x00, 0x00, 0x00, 0x00, 0x00, 0x00, 0x00,
  0x00, 0x00, 0x00, 0x00, 0xf2, 0xab, 0xe8, 0x83, 0xe8, 0xe4, 0xe8, 0xe4, 0xe8, 0xe4, 0xe8, 0xe4, 0xe8, 0xe4, 0xe8, 0xe4, 0xe8, 0xe4, 0xe8, 0xe4, 0xe8, 0xe4, 0xe8, 0xe4, 0xe8, 0xe4, 0xe8, 0xe4,
  0xe8, 0xa3, 0xea, 0x09, 0x00, 0x00, 0x00, 0x00, 0x00, 0x00, 0x00, 0x00, 0x00, 0x00, 0x00, 0x00, 0x00, 0x00, 0x00, 0x00, 0x00, 0x00, 0x00, 0x00, 0x00, 0x00, 0x00, 0x00, 0x00, 0x00, 0x00, 0x00,
  0x00, 0x00, 0x00, 0x00, 0x00, 0x00, 0x00, 0x00, 0x00, 0x00, 0x00, 0x00, 0x00, 0x00, 0x00, 0x00, 0x00, 0x00, 0x00, 0x00, 0x00, 0x00, 0x00, 0x00, 0x00, 0x00, 0x00, 0x00, 0x00, 0x00, 0x00, 0x00,
  0x00, 0x00, 0x00, 0x00, 0x00, 0x00, 0x00, 0x00, 0x00, 0x00, 0x00, 0x00, 0x00, 0x00, 0x00, 0x00, 0x00, 0x00, 0x00, 0x00, 0x00, 0x00, 0x00, 0x00, 0x00, 0x00, 0x00, 0x00, 0x00, 0x00, 0x00, 0x00,
  0x00, 0x00, 0x00, 0x00, 0x00, 0x00, 0x00, 0x00, 0x00, 0x00, 0x00, 0x00, 0x00, 0x00, 0x00, 0x00, 0x00, 0x00, 0x00, 0x00, 0x00, 0x00, 0x00, 0x00, 0x00, 0x00, 0x00, 0x00, 0x00, 0x00, 0x00, 0x00,
  0x00, 0x00, 0x00, 0x00, 0x00, 0x00, 0x00, 0x00, 0x00, 0x00, 0x00, 0x00, 0x00, 0x00, 0x00, 0x00, 0x00, 0x00, 0x00, 0x00, 0x00, 0x00, 0x00, 0x00, 0xf2, 0xab, 0xe8, 0x83, 0xe8, 0xe4, 0xe8, 0xe4,
  0xe8, 0xe4, 0xe8, 0xe4, 0xe8, 0xe4, 0xe8, 0xe4, 0xe8, 0xe4, 0xe8, 0xe4, 0xe8, 0xe4, 0xe8, 0xe4, 0xe8, 0xe4, 0xe8, 0xe4, 0xe8, 0xe4, 0xe8, 0xe4, 0xe8, 0xe4, 0xe8, 0xe4, 0xe8, 0xe4, 0xe8, 0xe4,
  0xe8, 0xe4, 0xe8, 0xe4, 0xe8, 0xe4, 0xe8, 0xe4, 0xe8, 0xe4, 0xe8, 0xe4, 0xe8, 0xe4, 0xe8, 0xe4, 0xe8, 0xe4, 0xe8, 0xe4, 0xe8, 0xe4, 0xe8, 0xe4, 0xe8, 0xe4, 0xe8, 0xe4, 0xe8, 0xe4, 0xe8, 0xe4,
  0xe8, 0xe4, 0xe8, 0xe4, 0xe8, 0xe4, 0xe8, 0xe4, 0xe8, 0xe4, 0xe8, 0xe4, 0xe8, 0xe4, 0xe8, 0xe4, 0xe8, 0xe4, 0xe8, 0xe4, 0xe8, 0xe4, 0xe8, 0xe4, 0xe8, 0xe4, 0xe8, 0xe4, 0xe8, 0xe4, 0xe8, 0xe4,
  0xe8, 0xe4, 0xe8, 0xe4, 0xe8, 0xe4, 0xe8, 0xe4, 0xe8, 0xe4, 0xe8, 0xe4, 0xe8, 0xe4, 0xe8, 0xe4, 0xe8, 0xe4, 0xe8, 0xe4, 0xe8, 0xe4, 0xe8, 0xe4, 0xe8, 0xe4, 0xe8, 0xe4, 0xe8, 0xe4, 0xe8, 0xe4,
  0xe8, 0xe4, 0xe8, 0xe4, 0xe8, 0xe4, 0xe8, 0xe4, 0xe8, 0xe4, 0xe8, 0xe4, 0xe8, 0xe4, 0xe8, 0xe4, 0xe8, 0xe4, 0xe8, 0xe4, 0xe8, 0xe4, 0xe8, 0xe4, 0xe8, 0xa3, 0x9b, 0x8e, 0x00, 0x00, 0x00, 0x00,
  0x00, 0x00, 0x00, 0x00, 0x00, 0x00, 0x00, 0x00, 0x00, 0x00, 0x00, 0x00, 0x00, 0x00, 0x00, 0x00, 0x00, 0x00, 0x00, 0x00, 0x00, 0x00, 0x00, 0x00, 0x00, 0x00, 0x00, 0x00, 0x00, 0x00, 0x00, 0x00,
  0x00, 0x00, 0x00, 0x00, 0x00, 0x00, 0x00, 0x00, 0x00, 0x00, 0x00, 0x00, 0x00, 0x00, 0xc4, 0x10, 0xe8, 0xa3, 0xe8, 0xe4, 0xe8, 0xe4, 0xe8, 0xe4, 0xe8, 0xe4, 0xe8, 0xe4, 0xe8, 0xe4, 0xe8, 0xe4,
  0xe8, 0xe4, 0xe8, 0xe4, 0xe8, 0xe4, 0xe8, 0xa3, 0xf2, 0x49, 0x00, 0x00, 0x00, 0x00, 0x00, 0x00, 0x00, 0x00, 0x00, 0x00, 0x00, 0x00, 0x00, 0x00, 0x00, 0x00, 0x00, 0x00, 0x00, 0x00, 0x00, 0x00,
  0x00, 0x00, 0x00, 0x00, 0x00, 0x00, 0x00, 0x00, 0xf4, 0x51, 0xe8, 0x83, 0xe8, 0xe4, 0xe8, 0xe4, 0xe8, 0xe4, 0xe8, 0xe4, 0xe8, 0xe4, 0xe8, 0xe4, 0xe8, 0xe4, 0xe8, 0xe4, 0xe8, 0xe4, 0xe8, 0xe4,
  0xe8, 0x83, 0xf3, 0xcf, 0x00, 0x00, 0x00, 0x00, 0x00, 0x00, 0x00, 0x00, 0x00, 0x00, 0x00, 0x00, 0x00, 0x00, 0x00, 0x00, 0x00, 0x00, 0x00, 0x00, 0x00, 0x00, 0x00, 0x00, 0x00, 0x00, 0x00, 0x00,
  0x00, 0x00, 0x00, 0x00, 0x00, 0x00, 0x00, 0x00, 0x00, 0x00, 0x00, 0x00, 0x00, 0x00, 0x00, 0x00, 0xf4, 0x31, 0xe8, 0x83, 0xe8, 0xe4, 0xe8, 0xe4, 0xe8, 0xe4, 0xe8, 0xe4, 0xe8, 0xe4, 0xe8, 0xe4,
  0xe8, 0xe4, 0xe8, 0xe4, 0xe8, 0xe4, 0xe8, 0xe4, 0xe8, 0xc4, 0xe9, 0x66, 0x21, 0x04, 0x00, 0x00, 0x00, 0x00, 0x00, 0x00, 0x00, 0x00, 0x00, 0x00, 0x00, 0x00, 0x00, 0x00, 0x00, 0x00, 0x00, 0x00,
  0x00, 0x00, 0x00, 0x00, 0x00, 0x00, 0x00, 0x00, 0x00, 0x00, 0x00, 0x00, 0x00, 0x00, 0x00, 0x00, 0x00, 0x00, 0x00, 0x00, 0x00, 0x00, 0x00, 0x00, 0x00, 0x00, 0x00, 0x00, 0x00, 0x00, 0xf3, 0xd0,
  0xe8, 0x83, 0xe8, 0xe4, 0xe8, 0xe4, 0xe8, 0xe4, 0xe8, 0xe4, 0xe8, 0xe4, 0xe8, 0xe4, 0xe8, 0xe4, 0xe8, 0xe4, 0xe8, 0xe4, 0xe8, 0xe4, 0xe8, 0xe4, 0xe8, 0xe4, 0xe8, 0xe4, 0xe8, 0xc4, 0xa3, 0x8e,
  0x00, 0x00, 0x00, 0x00, 0x00, 0x00, 0x00, 0x00, 0x00, 0x00, 0x00, 0x00, 0x00, 0x00, 0x00, 0x00, 0x00, 0x00, 0x00, 0x00, 0x00, 0x00, 0x00, 0x00, 0x00, 0x00, 0x00, 0x00, 0x00, 0x00, 0x00, 0x00,
  0x00, 0x00, 0x00, 0x00, 0x00, 0x00, 0x00, 0x00, 0x00, 0x00, 0x93, 0x4d, 0xe8, 0xc4, 0xe8, 0xe4, 0xe8, 0xe4, 0xe8, 0xe4, 0xe8, 0xe4, 0xe8, 0xe4, 0xe8, 0xe4, 0xe8, 0xe4, 0xe8, 0xe4, 0xe8, 0xe4,
  0xe8, 0xe4, 0xe8, 0xe4, 0xe8, 0xe4, 0xe8, 0xe4, 0xe8, 0xa3, 0xc4, 0x10, 0x00, 0x00, 0x00, 0x00, 0x00, 0x00, 0x00, 0x00, 0x00, 0x00, 0x00, 0x00, 0x00, 0x00, 0x00, 0x00, 0x00, 0x00, 0x00, 0x00,
  0x00, 0x00, 0x00, 0x00, 0x00, 0x00, 0x00, 0x00, 0x00, 0x00, 0x00, 0x00, 0x00, 0x00, 0x00, 0x00, 0x00, 0x00, 0x00, 0x00, 0x00, 0x00, 0x00, 0x00, 0x00, 0x00, 0x00, 0x00, 0x00, 0x00, 0x00, 0x00,
  0x00, 0x00, 0x00, 0x00, 0x00, 0x00, 0x00, 0x00, 0x00, 0x00, 0x00, 0x00, 0x00, 0x00, 0x00, 0x00, 0x00, 0x00, 0x00, 0x00, 0x00, 0x00, 0x00, 0x00, 0x00, 0x00, 0x00, 0x00, 0x00, 0x00, 0x00, 0x00,
  0x00, 0x00, 0x00, 0x00, 0x00, 0x00, 0x00, 0x00, 0x00, 0x00, 0x00, 0x00, 0x00, 0x00, 0x00, 0x00, 0x00, 0x00, 0x00, 0x00, 0x00, 0x00, 0x00, 0x00, 0x00, 0x00, 0x00, 0x00, 0x00, 0x00, 0x00, 0x00,
  0x00, 0x00, 0x00, 0x00, 0x00, 0x00, 0x00, 0x00, 0x00, 0x00, 0x00, 0x00, 0x00, 0x00, 0x00, 0x00, 0x00, 0x00, 0x00, 0x00, 0x00, 0x00, 0x00, 0x00, 0x00, 0x00, 0x00, 0x00, 0x00, 0x00, 0x00, 0x00,
  0x00, 0x20, 0xf2, 0xcb, 0xe8, 0x83, 0xe8, 0xe4, 0xe8, 0xe4, 0xe8, 0xe4, 0xe8, 0xe4, 0xe8, 0xe4, 0xe8, 0xe4, 0xe8, 0xe4, 0xe8, 0xe4, 0xe8, 0xe4, 0xe8, 0xe4, 0xe8, 0xe4, 0xe8, 0xe4, 0xe8, 0xe4,
  0xe8, 0xe4, 0xe8, 0xe4, 0xe8, 0xe4, 0xe8, 0xe4, 0xe8, 0xe4, 0xe8, 0xe4, 0xe8, 0xe4, 0xe8, 0xe4, 0xe8, 0xe4, 0xe8, 0xe4, 0xe8, 0xe4, 0xe8, 0xe4, 0xe8, 0xe4, 0xe8, 0xe4, 0xe8, 0xe4, 0xe8, 0xe4,
  0xe8, 0xe4, 0xe8, 0xe4, 0xe8, 0xe4, 0xe8, 0xe4, 0xe8, 0xe4, 0xe8, 0xe4, 0xe8, 0xe4, 0xe8, 0xe4, 0xe8, 0xe4, 0xe8, 0xe4, 0xe8, 0xe4, 0xe8, 0xe4, 0xe8, 0xe4, 0xe8, 0xe4, 0xe8, 0xe4, 0xe8, 0xe4,
  0xe8, 0xe4, 0xe8, 0xe4, 0xe8, 0xe4, 0xe8, 0xe4, 0xe8, 0xe4, 0xe8, 0xe4, 0xe8, 0xe4, 0xe8, 0xe4, 0xe8, 0xe4, 0xe8, 0xe4, 0xe8, 0xe4, 0xe8, 0xe4, 0xe8, 0xe4, 0xe8, 0xe4, 0xe8, 0xe4, 0xe8, 0xe4,
  0xe8, 0xe4, 0xe8, 0xe4, 0xe8, 0xe4, 0xe8, 0xe4, 0xe8, 0xe4, 0xe8, 0xe4, 0xe8, 0xe4, 0xe8, 0xe4, 0xe8, 0xe4, 0xe8, 0xe4, 0xe8, 0xe4, 0xe8, 0xe4, 0xe8, 0xe4, 0xe8, 0xe4, 0xe8, 0xe4, 0xe8, 0xe4,
  0xe8, 0xa3, 0x9b, 0x6e, 0x00, 0x00, 0x00, 0x00, 0x00, 0x00, 0x00, 0x00, 0x00, 0x00, 0x00, 0x00, 0x00, 0x00, 0x00, 0x00, 0x00, 0x00, 0x00, 0x00, 0x00, 0x00, 0x00, 0x00, 0x00, 0x00, 0x00, 0x00,
  0x00, 0x00, 0x00, 0x00, 0x00, 0x00, 0x00, 0x00, 0x00, 0x00, 0x00, 0x00, 0x00, 0x00, 0x00, 0x00, 0x00, 0x00, 0x00, 0x00, 0x00, 0x00, 0x7a, 0xec, 0xe8, 0xe4, 0xe8, 0xe4, 0xe8, 0xe4, 0xe8, 0xe4,
  0xe8, 0xe4, 0xe8, 0xe4, 0xe8, 0xe4, 0xe8, 0xe4, 0xe8, 0xe4, 0xe8, 0xe4, 0xe8, 0xe4, 0xe8, 0xa3, 0xe9, 0xc8, 0x00, 0x00, 0x00, 0x00, 0x00, 0x00, 0x00, 0x00, 0x00, 0x00, 0x00, 0x00, 0x00, 0x00,
  0x00, 0x00, 0x00, 0x00, 0x00, 0x00, 0x00, 0x00, 0x00, 0x00, 0x00, 0x00, 0x00, 0x00, 0x00, 0x00, 0xf4, 0x51, 0xe8, 0x83, 0xe8, 0xe4, 0xe8, 0xe4, 0xe8, 0xe4, 0xe8, 0xe4, 0xe8, 0xe4, 0xe8, 0xe4,
  0xe8, 0xe4, 0xe8, 0xe4, 0xe8, 0xe4, 0xe8, 0xe4, 0xe8, 0x83, 0xf3, 0xcf, 0x00, 0x00, 0x00, 0x00, 0x00, 0x00, 0x00, 0x00, 0x00, 0x00, 0x00, 0x00, 0x00, 0x00, 0x00, 0x00, 0x00, 0x00, 0x00, 0x00,
  0x00, 0x00, 0x00, 0x00, 0x00, 0x00, 0x00, 0x00, 0x00, 0x00, 0x00, 0x00, 0x00, 0x00, 0x00, 0x00, 0x00, 0x00, 0x00, 0x00, 0x00, 0x00, 0x00, 0x00, 0xf4, 0x31, 0xe8, 0x83, 0xe8, 0xe4, 0xe8, 0xe4,
  0xe8, 0xe4, 0xe8, 0xe4, 0xe8, 0xe4, 0xe8, 0xe4, 0xe8, 0xe4, 0xe8, 0xe4, 0xe8, 0xe4, 0xe8, 0xe4, 0xe8, 0xc4, 0xe9, 0x66, 0x21, 0x04, 0x00, 0x00, 0x00, 0x00, 0x00, 0x00, 0x00, 0x00, 0x00, 0x00,
  0x00, 0x00, 0x00, 0x00, 0x00, 0x00, 0x00, 0x00, 0x00, 0x00, 0x00, 0x00, 0x00, 0x00, 0x00, 0x00, 0x00, 0x00, 0x00, 0x00, 0x00, 0x00, 0x00, 0x00, 0x00, 0x00, 0x00, 0x00, 0x00, 0x00, 0x00, 0x00,
  0x00, 0x00, 0x00, 0x00, 0x39, 0x86, 0xe9, 0x46, 0xe8, 0xc4, 0xe8, 0xe4, 0xe8, 0xe4, 0xe8, 0xe4, 0xe8, 0xe4, 0xe8, 0xe4, 0xe8, 0xe4, 0xe8, 0xe4, 0xe8, 0xe4, 0xe8, 0xe4, 0xe8, 0xe4, 0xe8, 0xe4,
  0xe8, 0xe4, 0xe8, 0x83, 0xf2, 0x8a, 0x00, 0x00, 0x00, 0x00, 0x00, 0x00, 0x00, 0x00, 0x00, 0x00, 0x00, 0x00, 0x00, 0x00, 0x00, 0x00, 0x00, 0x00, 0x00, 0x00, 0x00, 0x00, 0x00, 0x00, 0x00, 0x00,
  0x00, 0x00, 0x00, 0x00, 0x00, 0x00, 0x00, 0x00, 0x00, 0x00, 0x00, 0x00, 0x00, 0x00, 0x00, 0x00, 0x00, 0x00, 0xf2, 0x8b, 0xe8, 0x83, 0xe8, 0xe4, 0xe8, 0xe4, 0xe8, 0xe4, 0xe8, 0xe4, 0xe8, 0xe4,
  0xe8, 0xe4, 0xe8, 0xe4, 0xe8, 0xe4, 0xe8, 0xe4, 0xe8, 0xe4, 0xe8, 0xe4, 0xe8, 0xe4, 0xe8, 0xa3, 0xf2, 0x4a, 0x00, 0x00, 0x00, 0x00, 0x00, 0x00, 0x00, 0x00, 0x00, 0x00, 0x00, 0x00, 0x00, 0x00,
  0x00, 0x00, 0x00, 0x00, 0x00, 0x00, 0x00, 0x00, 0x00, 0x00, 0x00, 0x00, 0x00, 0x00, 0x00, 0x00, 0x00, 0x00, 0x00, 0x00, 0x00, 0x00, 0x00, 0x00, 0x00, 0x00, 0x00, 0x00, 0x00, 0x00, 0x00, 0x00,
  0x00, 0x00, 0x00, 0x00, 0x00, 0x00, 0x00, 0x00, 0x00, 0x00, 0x00, 0x00, 0x00, 0x00, 0x00, 0x00, 0x00, 0x00, 0x00, 0x00, 0x00, 0x00, 0x00, 0x00, 0x00, 0x00, 0x00, 0x00, 0x00, 0x00, 0x00, 0x00,
  0x00, 0x00, 0x00, 0x00, 0x00, 0x00, 0x00, 0x00, 0x00, 0x00, 0x00, 0x00, 0x00, 0x00, 0x00, 0x00, 0x00, 0x00, 0x00, 0x00, 0x00, 0x00, 0x00, 0x00, 0x00, 0x00, 0x00, 0x00, 0x00, 0x00, 0x00, 0x00,
  0x00, 0x00, 0x00, 0x00, 0x00, 0x00, 0x00, 0x00, 0x00, 0x00, 0x00, 0x00, 0x00, 0x00, 0x00, 0x00, 0x00, 0x00, 0x00, 0x00, 0x00, 0x00, 0x00, 0x00, 0x00, 0x00, 0x00, 0x00, 0x00, 0x00, 0x00, 0x00,
  0x00, 0x00, 0x00, 0x00, 0x00, 0x00, 0x00, 0x00, 0x00, 0x00, 0x00, 0x00, 0xf3, 0x4e, 0xe8, 0x83, 0xe8, 0xc4, 0xe8, 0xe4, 0xe8, 0xe4, 0xe8, 0xe4, 0xe8, 0xe4, 0xe8, 0xe4, 0xe8, 0xe4, 0xe8, 0xe4,
  0xe8, 0xe4, 0xe8, 0xe4, 0xe8, 0xe4, 0xe8, 0xe4, 0xe8, 0xe4, 0xe8, 0xe4, 0xe8, 0xe4, 0xe8, 0xe4, 0xe8, 0xe4, 0xe8, 0xe4, 0xe8, 0xe4, 0xe8, 0xe4, 0xe8, 0xe4, 0xe8, 0xe4, 0xe8, 0xe4, 0xe8, 0xe4,
  0xe8, 0xe4, 0xe8, 0xe4, 0xe8, 0xe4, 0xe8, 0xe4, 0xe8, 0xe4, 0xe8, 0xe4, 0xe8, 0xe4, 0xe8, 0xe4, 0xe8, 0xe4, 0xe8, 0xe4, 0xe8, 0xe4, 0xe8, 0xe4, 0xe8, 0xe4, 0xe8, 0xe4, 0xe8, 0xe4, 0xe8, 0xe4,
  0xe8, 0xe4, 0xe8, 0xe4, 0xe8, 0xe4, 0xe8, 0xe4, 0xe8, 0xe4, 0xe8, 0xe4, 0xe8, 0xe4, 0xe8, 0xe4, 0xe8, 0xe4, 0xe8, 0xe4, 0xe8, 0xe4, 0xe8, 0xe4, 0xe8, 0xe4, 0xe8, 0xe4, 0xe8, 0xe4, 0xe8, 0xe4,
  0xe8, 0xe4, 0xe8, 0xe4, 0xe8, 0xe4, 0xe8, 0xe4, 0xe8, 0xe4, 0xe8, 0xe4, 0xe8, 0xe4, 0xe8, 0xe4, 0xe8, 0xe4, 0xe8, 0xe4, 0xe8, 0xe4, 0xe8, 0xe4, 0xe8, 0xe4, 0xe8, 0xe4, 0xe8, 0xe4, 0xe8, 0xe4,
  0xe8, 0xe4, 0xe8, 0xe4, 0xe8, 0xe4, 0xe8, 0xe4, 0xe8, 0xc4, 0x8b, 0x4d, 0x00, 0x00, 0x00, 0x00, 0x00, 0x00, 0x00, 0x00, 0x00, 0x00, 0x00, 0x00, 0x00, 0x00, 0x00, 0x00, 0x00, 0x00, 0x00, 0x00,
  0x00, 0x00, 0x00, 0x00, 0x00, 0x00, 0x00, 0x00, 0x00, 0x00, 0x00, 0x00, 0x00, 0x00, 0x00, 0x00, 0x00, 0x00, 0x00, 0x00, 0x00, 0x00, 0x00, 0x00, 0x00, 0x00, 0x00, 0x00, 0x00, 0x00, 0x49, 0xe7,
  0xe9, 0x25, 0xe8, 0xc4, 0xe8, 0xe4, 0xe8, 0xe4, 0xe8, 0xe4, 0xe8, 0xe4, 0xe8, 0xe4, 0xe8, 0xe4, 0xe8, 0xe4, 0xe8, 0xe4, 0xe8, 0xe4, 0xe8, 0xa3, 0xe9, 0x87, 0x18, 0xc3, 0x00, 0x00, 0x00, 0x00,
  0x00, 0x00, 0x00, 0x00, 0x00, 0x00, 0x00, 0x00, 0x00, 0x00, 0x00, 0x00, 0x00, 0x00, 0x00, 0x00, 0x00, 0x00, 0x00, 0x00, 0x00, 0x00, 0x00, 0x00, 0xf4, 0x51, 0xe8, 0x83, 0xe8, 0xe4, 0xe8, 0xe4,
  0xe8, 0xe4, 0xe8, 0xe4, 0xe8, 0xe4, 0xe8, 0xe4, 0xe8, 0xe4, 0xe8, 0xe4, 0xe8, 0xe4, 0xe8, 0xe4, 0xe8, 0x83, 0xf3, 0xcf, 0x00, 0x00, 0x00, 0x00, 0x00, 0x00, 0x00, 0x00, 0x00, 0x00, 0x00, 0x00,
  0x00, 0x00, 0x00, 0x00, 0x00, 0x00, 0x00, 0x00, 0x00, 0x00, 0x00, 0x00, 0x00, 0x00, 0x00, 0x00, 0x00, 0x00, 0x00, 0x00, 0x00, 0x00, 0x00, 0x00, 0x00, 0x00, 0x00, 0x00, 0x00, 0x00, 0x00, 0x00,
  0xf4, 0x31, 0xe8, 0x83, 0xe8, 0xe4, 0xe8, 0xe4, 0xe8, 0xe4, 0xe8, 0xe4, 0xe8, 0xe4, 0xe8, 0xe4, 0xe8, 0xe4, 0xe8, 0xe4, 0xe8, 0xe4, 0xe8, 0xe4, 0xe8, 0xc4, 0xe9, 0x66, 0x21, 0x04, 0x00, 0x00,
  0x00, 0x00, 0x00, 0x00, 0x00, 0x00, 0x00, 0x00, 0x00, 0x00, 0x00, 0x00, 0x00, 0x00, 0x00, 0x00, 0x00, 0x00, 0x00, 0x00, 0x00, 0x00, 0x00, 0x00, 0x00, 0x00, 0x00, 0x00, 0x00, 0x00, 0x00, 0x00,
  0x00, 0x00, 0x00, 0x00, 0x00, 0x00, 0x00, 0x00, 0x00, 0x00, 0x00, 0x00, 0xf3, 0xaf, 0xe8, 0x83, 0xe8, 0xe4, 0xe8, 0xe4, 0xe8, 0xe4, 0xe8, 0xe4, 0xe8, 0xe4, 0xe8, 0xe4, 0xe8, 0xe4, 0xe8, 0xe4,
  0xe8, 0xe4, 0xe8, 0xe4, 0xe8, 0xe4, 0xe8, 0xe4, 0xe8, 0xe4, 0xe8, 0xc4, 0x9b, 0x6e, 0x00, 0x00, 0x00, 0x00, 0x00, 0x00, 0x00, 0x00, 0x00, 0x00, 0x00, 0x00, 0x00, 0x00, 0x00, 0x00, 0x00, 0x00,
  0x00, 0x00, 0x00, 0x00, 0x00, 0x00, 0x00, 0x00, 0x00, 0x00, 0x00, 0x00, 0x00, 0x00, 0x00, 0x00, 0x00, 0x00, 0x00, 0x00, 0x00, 0x00, 0x00, 0x00, 0xa3, 0x8e, 0xe8, 0xc4, 0xe8, 0xe4, 0xe8, 0xe4,
  0xe8, 0xe4, 0xe8, 0xe4, 0xe8, 0xe4, 0xe8, 0xe4, 0xe8, 0xe4, 0xe8, 0xe4, 0xe8, 0xe4, 0xe8, 0xe4, 0xe8, 0xe4, 0xe8, 0xe4, 0xe8, 0xe4, 0xe8, 0xc4, 0xab, 0xaf, 0x00, 0x00, 0x00, 0x00, 0x00, 0x00,
  0x00, 0x00, 0x00, 0x00, 0x00, 0x00, 0x00, 0x00, 0x00, 0x00, 0x00, 0x00, 0x00, 0x00, 0x00, 0x00, 0x00, 0x00, 0x00, 0x00, 0x00, 0x00, 0x00, 0x00, 0x00, 0x00, 0x00, 0x00, 0x00, 0x00, 0x00, 0x00,
  0x00, 0x00, 0x00, 0x00, 0x00, 0x00, 0x00, 0x00, 0x00, 0x00, 0x00, 0x00, 0x00, 0x00, 0x00, 0x00, 0x00, 0x00, 0x00, 0x00, 0x00, 0x00, 0x00, 0x00, 0x00, 0x00, 0x00, 0x00, 0x00, 0x00, 0x00, 0x00,
  0x00, 0x00, 0x00, 0x00, 0x00, 0x00, 0x00, 0x00, 0x00, 0x00, 0x00, 0x00, 0x00, 0x00, 0x00, 0x00, 0x00, 0x00, 0x00, 0x00, 0x00, 0x00, 0x00, 0x00, 0x00, 0x00, 0x00, 0x00, 0x00, 0x00, 0x00, 0x00,
  0x00, 0x00, 0x00, 0x00, 0x00, 0x00, 0x00, 0x00, 0x00, 0x00, 0x00, 0x00, 0x00, 0x00, 0x00, 0x00, 0x00, 0x00, 0x00, 0x00, 0x00, 0x00, 0x00, 0x00, 0x00, 0x00, 0x00, 0x00, 0x00, 0x00, 0x00, 0x00,
  0x00, 0x00, 0x00, 0x00, 0x00, 0x00, 0x00, 0x00, 0x00, 0x00, 0x00, 0x00, 0x00, 0x00, 0x00, 0x00, 0x00, 0x00, 0x00, 0x00, 0x00, 0x00, 0xf4, 0x51, 0xe8, 0xe4, 0xe8, 0xa3, 0xe8, 0xe4, 0xe8, 0xe4,
  0xe8, 0xe4, 0xe8, 0xe4, 0xe8, 0xe4, 0xe8, 0xe4, 0xe8, 0xe4, 0xe8, 0xe4, 0xe8, 0xe4, 0xe8, 0xe4, 0xe8, 0xe4, 0xe8, 0xe4, 0xe8, 0xe4, 0xe8, 0xe4, 0xe8, 0xe4, 0xe8, 0xe4, 0xe8, 0xe4, 0xe8, 0xe4,
  0xe8, 0xe4, 0xe8, 0xe4, 0xe8, 0xe4, 0xe8, 0xe4, 0xe8, 0xe4, 0xe8, 0xe4, 0xe8, 0xe4, 0xe8, 0xe4, 0xe8, 0xe4, 0xe8, 0xe4, 0xe8, 0xe4, 0xe8, 0xe4, 0xe8, 0xe4, 0xe8, 0xe4, 0xe8, 0xe4, 0xe8, 0xe4,
  0xe8, 0xe4, 0xe8, 0xe4, 0xe8, 0xe4, 0xe8, 0xe4, 0xe8, 0xe4, 0xe8, 0xe4, 0xe8, 0xe4, 0xe8, 0xe4, 0xe8, 0xe4, 0xe8, 0xe4, 0xe8, 0xe4, 0xe8, 0xe4, 0xe8, 0xe4, 0xe8, 0xe4, 0xe8, 0xe4, 0xe8, 0xe4,
  0xe8, 0xe4, 0xe8, 0xe4, 0xe8, 0xe4, 0xe8, 0xe4, 0xe8, 0xe4, 0xe8, 0xe4, 0xe8, 0xe4, 0xe8, 0xe4, 0xe8, 0xe4, 0xe8, 0xe4, 0xe8, 0xe4, 0xe8, 0xe4, 0xe8, 0xe4, 0xe8, 0xe4, 0xe8, 0xe4, 0xe8, 0xe4,
  0xe8, 0xe4, 0xe8, 0xe4, 0xe8, 0xe4, 0xe8, 0xe4, 0xe8, 0xe4, 0xe8, 0xe4, 0xe8, 0xe4, 0xe8, 0xe4, 0xe8, 0xc4, 0x8b, 0x2d, 0x00, 0x00, 0x00, 0x00, 0x00, 0x00, 0x00, 0x00, 0x00, 0x00, 0x00, 0x00,
  0x00, 0x00, 0x00, 0x00, 0x00, 0x00, 0x00, 0x00, 0x00, 0x00, 0x00, 0x00, 0x00, 0x00, 0x00, 0x00, 0x00, 0x00, 0x00, 0x00, 0x00, 0x00, 0x00, 0x00, 0x00, 0x00, 0x00, 0x00, 0x00, 0x00, 0x00, 0x00,
  0x00, 0x00, 0x00, 0x00, 0x00, 0x00, 0x29, 0x24, 0xe9, 0x66, 0xe8, 0xa4, 0xe8, 0xe4, 0xe8, 0xe4, 0xe8, 0xe4, 0xe8, 0xe4, 0xe8, 0xe4, 0xe8, 0xe4, 0xe8, 0xe4, 0xe8, 0xe4, 0xe8, 0xe4, 0xe8, 0xc4,
  0xe9, 0x66, 0x31, 0x45, 0x00, 0x00, 0x00, 0x00, 0x00, 0x00, 0x00, 0x00, 0x00, 0x00, 0x00, 0x00, 0x00, 0x00, 0x00, 0x00, 0x00, 0x00, 0x00, 0x00, 0x00, 0x00, 0x00, 0x00, 0x00, 0x00, 0x00, 0x00,
  0xf4, 0x51, 0xe8, 0x83, 0xe8, 0xe4, 0xe8, 0xe4, 0xe8, 0xe4, 0xe8, 0xe4, 0xe8, 0xe4, 0xe8, 0xe4, 0xe8, 0xe4, 0xe8, 0xe4, 0xe8, 0xe4, 0xe8, 0xe4, 0xe8, 0x83, 0xf3, 0xcf, 0x00, 0x00, 0x00, 0x00,
  0x00, 0x00, 0x00, 0x00, 0x00, 0x00, 0x00, 0x00, 0x00, 0x00, 0x00, 0x00, 0x00, 0x00, 0x00, 0x00, 0x00, 0x00, 0x00, 0x00, 0x00, 0x00, 0x00, 0x00, 0x00, 0x00, 0x00, 0x00, 0x00, 0x00, 0x00, 0x00,
  0x00, 0x00, 0x00, 0x00, 0x00, 0x00, 0x00, 0x00, 0xf4, 0x31, 0xe8, 0x83, 0xe8, 0xe4, 0xe8, 0xe4, 0xe8, 0xe4, 0xe8, 0xe4, 0xe8, 0xe4, 0xe8, 0xe4, 0xe8, 0xe4, 0xe8, 0xe4, 0xe8, 0xe4, 0xe8, 0xe4,
  0xe8, 0xc4, 0xe9, 0x66, 0x21, 0x04, 0x00, 0x00, 0x00, 0x00, 0x00, 0x00, 0x00, 0x00, 0x00, 0x00, 0x00, 0x00, 0x00, 0x00, 0x00, 0x00, 0x00, 0x00, 0x00, 0x00, 0x00, 0x00, 0x00, 0x00, 0x00, 0x00,
  0x00, 0x00, 0x00, 0x00, 0x00, 0x00, 0x00, 0x00, 0x00, 0x00, 0x00, 0x00, 0x00, 0x00, 0x00, 0x00, 0x00, 0x00, 0x41, 0xc7, 0xe9, 0x25, 0xe8, 0xc4, 0xe8, 0xe4, 0xe8, 0xe4, 0xe8, 0xe4, 0xe8, 0xe4,
  0xe8, 0xe4, 0xe8, 0xe4, 0xe8, 0xe4, 0xe8, 0xe4, 0xe8, 0xe4, 0xe8, 0xe4, 0xe8, 0xe4, 0xe8, 0xe4, 0xe8, 0x83, 0xf2, 0x8b, 0x00, 0x00, 0x00, 0x00, 0x00, 0x00, 0x00, 0x00, 0x00, 0x00, 0x00, 0x00,
  0x00, 0x00, 0x00, 0x00, 0x00, 0x00, 0x00, 0x00, 0x00, 0x00, 0x00, 0x00, 0x00, 0x00, 0x00, 0x00, 0x00, 0x00, 0x00, 0x00, 0x00, 0x00, 0x00, 0x00, 0x00, 0x00, 0x00, 0x00, 0x00, 0x00, 0x00, 0x00,
  0xf2, 0x6a, 0xe8, 0xa3, 0xe8, 0xe4, 0xe8, 0xe4, 0xe8, 0xe4, 0xe8, 0xe4, 0xe8, 0xe4, 0xe8, 0xe4, 0xe8, 0xe4, 0xe8, 0xe4, 0xe8, 0xe4, 0xe8, 0xe4, 0xe8, 0xe4, 0xe8, 0xe4, 0xe8, 0x83, 0xf2, 0x8b,
  0x00, 0x00, 0x00, 0x00, 0x00, 0x00, 0x00, 0x00, 0x00, 0x00, 0x00, 0x00, 0x00, 0x00, 0x00, 0x00, 0x00, 0x00, 0x00, 0x00, 0x00, 0x00, 0x00, 0x00, 0x00, 0x00, 0x00, 0x00, 0x00, 0x00, 0x00, 0x00,
  0x00, 0x00, 0x00, 0x00, 0x00, 0x00, 0x00, 0x00, 0x00, 0x00, 0x00, 0x00, 0x00, 0x00, 0x00, 0x00, 0x00, 0x00, 0x00, 0x00, 0x00, 0x00, 0x00, 0x00, 0x00, 0x00, 0x00, 0x00, 0x00, 0x00, 0x00, 0x00,
  0x00, 0x00, 0x00, 0x00, 0x00, 0x00, 0x00, 0x00, 0x00, 0x00, 0x00, 0x00, 0x00, 0x00, 0x00, 0x00, 0x00, 0x00, 0x00, 0x00, 0x00, 0x00, 0x00, 0x00, 0x00, 0x00, 0x00, 0x00, 0x00, 0x00, 0x00, 0x00,
  0x00, 0x00, 0x00, 0x00, 0x00, 0x00, 0x00, 0x00, 0x00, 0x00, 0x00, 0x00, 0x00, 0x00, 0x00, 0x00, 0x00, 0x00, 0x00, 0x00, 0x00, 0x00, 0x00, 0x00, 0x00, 0x00, 0x00, 0x00, 0x00, 0x00, 0x00, 0x00,
  0x00, 0x00, 0x00, 0x00, 0x00, 0x00, 0x00, 0x00, 0x00, 0x00, 0x00, 0x00, 0x00, 0x00, 0x00, 0x00, 0x00, 0x00, 0x00, 0x00, 0x00, 0x00, 0x00, 0x00, 0x00, 0x00, 0x00, 0x00, 0x00, 0x00, 0x00, 0x00,
  0x9b, 0x8e, 0xe9, 0xa7, 0xe8, 0x83, 0xe8, 0xe4, 0xe8, 0xe4, 0xe8, 0xe4, 0xe8, 0xe4, 0xe8, 0xe4, 0xe8, 0xe4, 0xe8, 0xe4, 0xe8, 0xe4, 0xe8, 0xe4, 0xe8, 0xe4, 0xe8, 0xe4, 0xe8, 0xe4, 0xe8, 0xe4,
  0xe8, 0xe4, 0xe8, 0xe4, 0xe8, 0xe4, 0xe8, 0xe4, 0xe8, 0xe4, 0xe8, 0xe4, 0xe8, 0xe4, 0xe8, 0xe4, 0xe8, 0xe4, 0xe8, 0xe4, 0xe8, 0xe4, 0xe8, 0xe4, 0xe8, 0xe4, 0xe8, 0xe4, 0xe8, 0xe4, 0xe8, 0xe4,
  0xe8, 0xe4, 0xe8, 0xe4, 0xe8, 0xe4, 0xe8, 0xe4, 0xe8, 0xe4, 0xe8, 0xe4, 0xe8, 0xe4, 0xe8, 0xe4, 0xe8, 0xe4, 0xe8, 0xe4, 0xe8, 0xe4, 0xe8, 0xe4, 0xe8, 0xe4, 0xe8, 0xe4, 0xe8, 0xe4, 0xe8, 0xe4,
  0xe8, 0xe4, 0xe8, 0xe4, 0xe8, 0xe4, 0xe8, 0xe4, 0xe8, 0xe4, 0xe8, 0xe4, 0xe8, 0xe4, 0xe8, 0xe4, 0xe8, 0xe4, 0xe8, 0xe4, 0xe8, 0xe4, 0xe8, 0xe4, 0xe8, 0xe4, 0xe8, 0xe4, 0xe8, 0xe4, 0xe8, 0xe4,
  0xe8, 0xe4, 0xe8, 0xe4, 0xe8, 0xe4, 0xe8, 0xe4, 0xe8, 0xe4, 0xe8, 0xe4, 0xe8, 0xe4, 0xe8, 0xe4, 0xe8, 0xe4, 0xe8, 0xe4, 0xe8, 0xe4, 0xe8, 0xe4, 0xe8, 0xc4, 0x7a, 0xec, 0x00, 0x00, 0x00, 0x00,
  0x00, 0x00, 0x00, 0x00, 0x00, 0x00, 0x00, 0x00, 0x00, 0x00, 0x00, 0x00, 0x00, 0x00, 0x00, 0x00, 0x00, 0x00, 0x00, 0x00, 0x00, 0x00, 0x00, 0x00, 0x00, 0x00, 0x00, 0x00, 0x00, 0x00, 0x00, 0x00,
  0x00, 0x00, 0x00, 0x00, 0x00, 0x00, 0x00, 0x00, 0x00, 0x00, 0x00, 0x00, 0x00, 0x00, 0x20, 0xe3, 0xe9, 0x66, 0xe8, 0xa4, 0xe8, 0xe4, 0xe8, 0xe4, 0xe8, 0xe4, 0xe8, 0xe4, 0xe8, 0xe4, 0xe8, 0xe4,
  0xe8, 0xe4, 0xe8, 0xe4, 0xe8, 0xe4, 0xe8, 0xc4, 0xe9, 0x46, 0x39, 0xa6, 0x00, 0x00, 0x00, 0x00, 0x00, 0x00, 0x00, 0x00, 0x00, 0x00, 0x00, 0x00, 0x00, 0x00, 0x00, 0x00, 0x00, 0x00, 0x00, 0x00,
  0x00, 0x00, 0x00, 0x00, 0x00, 0x00, 0x00, 0x00, 0xf4, 0x51, 0xe8, 0x83, 0xe8, 0xe4, 0xe8, 0xe4, 0xe8, 0xe4, 0xe8, 0xe4, 0xe8, 0xe4, 0xe8, 0xe4, 0xe8, 0xe4, 0xe8, 0xe4, 0xe8, 0xe4, 0xe8, 0xe4,
  0xe8, 0x83, 0xf3, 0xcf, 0x00, 0x00, 0x00, 0x00, 0x00, 0x00, 0x00, 0x00, 0x00, 0x00, 0x00, 0x00, 0x00, 0x00, 0x00, 0x00, 0x00, 0x00, 0x00, 0x00, 0x00, 0x00, 0x00, 0x00, 0x00, 0x00, 0x00, 0x00,
  0x00, 0x00, 0x00, 0x00, 0x00, 0x00, 0x00, 0x00, 0x00, 0x00, 0x00, 0x00, 0x00, 0x00, 0x00, 0x00, 0xf4, 0x31, 0xe8, 0x83, 0xe8, 0xe4, 0xe8, 0xe4, 0xe8, 0xe4, 0xe8, 0xe4, 0xe8, 0xe4, 0xe8, 0xe4,
  0xe8, 0xe4, 0xe8, 0xe4, 0xe8, 0xe4, 0xe8, 0xe4, 0xe8, 0xc4, 0xe9, 0x66, 0x21, 0x04, 0x00, 0x00, 0x00, 0x00, 0x00, 0x00, 0x00, 0x00, 0x00, 0x00, 0x00, 0x00, 0x00, 0x00, 0x00, 0x00, 0x00, 0x00,
  0x00, 0x00, 0x00, 0x00, 0x00, 0x00, 0x00, 0x00, 0x00, 0x00, 0x00, 0x00, 0x00, 0x00, 0x00, 0x00, 0x00, 0x00, 0x00, 0x00, 0x00, 0x00, 0x00, 0x00, 0x00, 0x00, 0xf3, 0x8e, 0xe8, 0x83, 0xe8, 0xe4,
  0xe8, 0xe4, 0xe8, 0xe4, 0xe8, 0xe4, 0xe8, 0xe4, 0xe8, 0xe4, 0xe8, 0xe4, 0xe8, 0xe4, 0xe8, 0xe4, 0xe8, 0xe4, 0xe8, 0xe4, 0xe8, 0xe4, 0xe8, 0xe4, 0xe8, 0xc4, 0x93, 0x4d, 0x00, 0x00, 0x00, 0x00,
  0x00, 0x00, 0x00, 0x00, 0x00, 0x00, 0x00, 0x00, 0x00, 0x00, 0x00, 0x00, 0x00, 0x00, 0x00, 0x00, 0x00, 0x00, 0x00, 0x00, 0x00, 0x00, 0x00, 0x00, 0x00, 0x00, 0x00, 0x00, 0x00, 0x00, 0x00, 0x00,
  0x00, 0x00, 0x00, 0x00, 0x00, 0x00, 0xab, 0xcf, 0xe8, 0xa3, 0xe8, 0xe4, 0xe8, 0xe4, 0xe8, 0xe4, 0xe8, 0xe4, 0xe8, 0xe4, 0xe8, 0xe4, 0xe8, 0xe4, 0xe8, 0xe4, 0xe8, 0xe4, 0xe8, 0xe4, 0xe8, 0xe4,
  0xe8, 0xe4, 0xe8, 0xe4, 0xe8, 0xc4, 0x93, 0x4d, 0x00, 0x00, 0x00, 0x00, 0x00, 0x00, 0x00, 0x00, 0x00, 0x00, 0x00, 0x00, 0x00, 0x00, 0x00, 0x00, 0x00, 0x00, 0x00, 0x00, 0x00, 0x00, 0x00, 0x00,
  0x00, 0x00, 0x00, 0x00, 0x00, 0x00, 0x00, 0x00, 0x00, 0x00, 0x00, 0x00, 0x00, 0x00, 0x00, 0x00, 0x00, 0x00, 0x00, 0x00, 0x00, 0x00, 0x00, 0x00, 0x00, 0x00, 0x00, 0x00, 0x00, 0x00, 0x00, 0x00,
  0x00, 0x00, 0x00, 0x00, 0x00, 0x00, 0x00, 0x00, 0x00, 0x00, 0x00, 0x00, 0x00, 0x00, 0x00, 0x00, 0x00, 0x00, 0x00, 0x00, 0x00, 0x00, 0x00, 0x00, 0x00, 0x00, 0x00, 0x00, 0x00, 0x00, 0x00, 0x00,
  0x00, 0x00, 0x00, 0x00, 0x00, 0x00, 0x00, 0x00, 0x00, 0x00, 0x00, 0x00, 0x00, 0x00, 0x00, 0x00, 0x00, 0x00, 0x00, 0x00, 0x00, 0x00, 0x00, 0x00, 0x00, 0x00, 0x00, 0x00, 0x00, 0x00, 0x00, 0x00,
  0x00, 0x00, 0x00, 0x00, 0x00, 0x00, 0x00, 0x00, 0x00, 0x00, 0x00, 0x00, 0x00, 0x00, 0x00, 0x00, 0x00, 0x00, 0x00, 0x00, 0x00, 0x00, 0x00, 0x00, 0x00, 0x00, 0x00, 0x00, 0x00, 0x00, 0x00, 0x00,
  0x00, 0x00, 0x00, 0x00, 0x00, 0x00, 0x00, 0x00, 0x00, 0x00, 0x20, 0xe3, 0xf3, 0x2d, 0xe8, 0xc4, 0xe8, 0xa3, 0xe8, 0xe4, 0xe8, 0xe4, 0xe8, 0xe4, 0xe8, 0xe4, 0xe8, 0xe4, 0xe8, 0xe4, 0xe8, 0xe4,
  0xe8, 0xe4, 0xe8, 0xe4, 0xe8, 0xe4, 0xe8, 0xe4, 0xe8, 0xe4, 0xe8, 0xe4, 0xe8, 0xe4, 0xe8, 0xe4, 0xe8, 0xe4, 0xe8, 0xe4, 0xe8, 0xe4, 0xe8, 0xe4, 0xe8, 0xe4, 0xe8, 0xe4, 0xe8, 0xe4, 0xe8, 0xe4,
  0xe8, 0xe4, 0xe8, 0xe4, 0xe8, 0xe4, 0xe8, 0xe4, 0xe8, 0xe4, 0xe8, 0xe4, 0xe8, 0xe4, 0xe8, 0xe4, 0xe8, 0xe4, 0xe8, 0xe4, 0xe8, 0xe4, 0xe8, 0xe4, 0xe8, 0xe4, 0xe8, 0xe4, 0xe8, 0xe4, 0xe8, 0xe4,
  0xe8, 0xe4, 0xe8, 0xe4, 0xe8, 0xe4, 0xe8, 0xe4, 0xe8, 0xe4, 0xe8, 0xe4, 0xe8, 0xe4, 0xe8, 0xe4, 0xe8, 0xe4, 0xe8, 0xe4, 0xe8, 0xe4, 0xe8, 0xe4, 0xe8, 0xe4, 0xe8, 0xe4, 0xe8, 0xe4, 0xe8, 0xe4,
  0xe8, 0xe4, 0xe8, 0xe4, 0xe8, 0xe4, 0xe8, 0xe4, 0xe8, 0xe4, 0xe8, 0xe4, 0xe8, 0xe4, 0xe8, 0xe4, 0xe8, 0xe4, 0xe8, 0xe4, 0xe8, 0xe4, 0xe8, 0xe4, 0xe8, 0xe4, 0xe8, 0xe4, 0xe8, 0xe4, 0xe8, 0xe4,
  0xe8, 0xc4, 0x72, 0xcb, 0x00, 0x00, 0x00, 0x00, 0x00, 0x00, 0x00, 0x00, 0x00, 0x00, 0x00, 0x00, 0x00, 0x00, 0x00, 0x00, 0x00, 0x00, 0x00, 0x00, 0x00, 0x00, 0x00, 0x00, 0x00, 0x00, 0x00, 0x00,
  0x00, 0x00, 0x00, 0x00, 0x00, 0x00, 0x00, 0x00, 0x00, 0x00, 0x00, 0x00, 0x00, 0x00, 0x00, 0x00, 0x00, 0x00, 0x00, 0x00, 0x00, 0x00, 0x21, 0x04, 0xe9, 0x66, 0xe8, 0xa4, 0xe8, 0xe4, 0xe8, 0xe4,
  0xe8, 0xe4, 0xe8, 0xe4, 0xe8, 0xe4, 0xe8, 0xe4, 0xe8, 0xe4, 0xe8, 0xe4, 0xe8, 0xe4, 0xe8, 0xc4, 0xe9, 0x46, 0x39, 0x86, 0x00, 0x00, 0x00, 0x00, 0x00, 0x00, 0x00, 0x00, 0x00, 0x00, 0x00, 0x00,
  0x00, 0x00, 0x00, 0x00, 0x00, 0x00, 0x00, 0x00, 0x00, 0x00, 0x00, 0x00, 0x00, 0x00, 0x00, 0x00, 0xf4, 0x51, 0xe8, 0x83, 0xe8, 0xe4, 0xe8, 0xe4, 0xe8, 0xe4, 0xe8, 0xe4, 0xe8, 0xe4, 0xe8, 0xe4,
  0xe8, 0xe4, 0xe8, 0xe4, 0xe8, 0xe4, 0xe8, 0xe4, 0xe8, 0x83, 0xf3, 0xcf, 0x00, 0x00, 0x00, 0x00, 0x00, 0x00, 0x00, 0x00, 0x00, 0x00, 0x00, 0x00, 0x00, 0x00, 0x00, 0x00, 0x00, 0x00, 0x00, 0x00,
  0x00, 0x00, 0x00, 0x00, 0x00, 0x00, 0x00, 0x00, 0x00, 0x00, 0x00, 0x00, 0x00, 0x00, 0x00, 0x00, 0x00, 0x00, 0x00, 0x00, 0x00, 0x00, 0x00, 0x00, 0xf4, 0x31, 0xe8, 0x83, 0xe8, 0xe4, 0xe8, 0xe4,
  0xe8, 0xe4, 0xe8, 0xe4, 0xe8, 0xe4, 0xe8, 0xe4, 0xe8, 0xe4, 0xe8, 0xe4, 0xe8, 0xe4, 0xe8, 0xe4, 0xe8, 0xc4, 0xe9, 0x66, 0x21, 0x04, 0x00, 0x00, 0x00, 0x00, 0x00, 0x00, 0x00, 0x00, 0x00, 0x00,
  0x00, 0x00, 0x00, 0x00, 0x00, 0x00, 0x00, 0x00, 0x00, 0x00, 0x00, 0x00, 0x00, 0x00, 0x00, 0x00, 0x00, 0x00, 0x00, 0x00, 0x00, 0x00, 0x00, 0x00, 0x00, 0x00, 0x00, 0x00, 0x00, 0x00, 0x00, 0x00,
  0x52, 0x28, 0xe9, 0x05, 0xe8, 0xc4, 0xe8, 0xe4, 0xe8, 0xe4, 0xe8, 0xe4, 0xe8, 0xe4, 0xe8, 0xe4, 0xe8, 0xe4, 0xe8, 0xe4, 0xe8, 0xe4, 0xe8, 0xe4, 0xe8, 0xe4, 0xe8, 0xe4, 0xe8, 0xe4, 0xe8, 0x83,
  0xf2, 0xab, 0x00, 0x00, 0x00, 0x00, 0x00, 0x00, 0x00, 0x00, 0x00, 0x00, 0x00, 0x00, 0x00, 0x00, 0x00, 0x00, 0x00, 0x00, 0x00, 0x00, 0x00, 0x00, 0x00, 0x00, 0x00, 0x00, 0x00, 0x00, 0x00, 0x00,
  0x00, 0x00, 0x00, 0x00, 0x00, 0x00, 0x00, 0x00, 0x00, 0x00, 0x00, 0x00, 0x00, 0x00, 0xf2, 0x4a, 0xe8, 0x83, 0xe8, 0xe4, 0xe8, 0xe4, 0xe8, 0xe4, 0xe8, 0xe4, 0xe8, 0xe4, 0xe8, 0xe4, 0xe8, 0xe4,
  0xe8, 0xe4, 0xe8, 0xe4, 0xe8, 0xe4, 0xe8, 0xe4, 0xe8, 0xe4, 0xe8, 0x83, 0xf2, 0xcb, 0x00, 0x00, 0x00, 0x00, 0x00, 0x00, 0x00, 0x00, 0x00, 0x00, 0x00, 0x00, 0x00, 0x00, 0x00, 0x00, 0x00, 0x00,
  0x00, 0x00, 0x00, 0x00, 0x00, 0x00, 0x00, 0x00, 0x00, 0x00, 0x00, 0x00, 0x00, 0x00, 0x00, 0x00, 0x00, 0x00, 0x00, 0x00, 0x00, 0x00, 0x00, 0x00, 0x00, 0x00, 0x00, 0x00, 0x00, 0x00, 0x00, 0x00,
  0x00, 0x00, 0x00, 0x00, 0x00, 0x00, 0x00, 0x00, 0x00, 0x00, 0x00, 0x00, 0x00, 0x00, 0x00, 0x00, 0x00, 0x00, 0x00, 0x00, 0x00, 0x00, 0x00, 0x00, 0x00, 0x00, 0x00, 0x00, 0x00, 0x00, 0x00, 0x00,
  0x00, 0x00, 0x00, 0x00, 0x00, 0x00, 0x00, 0x00, 0x00, 0x00, 0x00, 0x00, 0x00, 0x00, 0x00, 0x00, 0x00, 0x00, 0x00, 0x00, 0x00, 0x00, 0x00, 0x00, 0x00, 0x00, 0x00, 0x00, 0x00, 0x00, 0x00, 0x00,
  0x00, 0x00, 0x00, 0x00, 0x00, 0x00, 0x00, 0x00, 0x00, 0x00, 0x00, 0x00, 0x00, 0x00, 0x00, 0x00, 0x00, 0x00, 0x00, 0x00, 0x00, 0x00, 0x00, 0x00, 0x00, 0x00, 0x00, 0x00, 0x00, 0x00, 0x00, 0x00,
  0x00, 0x00, 0x00, 0x00, 0x00, 0x00, 0x00, 0x00, 0x00, 0x00, 0x00, 0x00, 0x00, 0x00, 0x00, 0x00, 0x00, 0x00, 0x00, 0x00, 0x00, 0x00, 0xab, 0xaf, 0xf2, 0x08, 0xe8, 0x83, 0xe8, 0xa3, 0xe8, 0xe4,
  0xe8, 0xe4, 0xe8, 0xe4, 0xe8, 0xe4, 0xe8, 0xe4, 0xe8, 0xe4, 0xe8, 0xe4, 0xe8, 0xe4, 0xe8, 0xe4, 0xe8, 0xe4, 0xe8, 0xe4, 0xe8, 0xe4, 0xe8, 0xe4, 0xe8, 0xe4, 0xe8, 0xe4, 0xe8, 0xe4, 0xe8, 0xe4,
  0xe8, 0xe4, 0xe8, 0xe4, 0xe8, 0xe4, 0xe8, 0xe4, 0xe8, 0xe4, 0xe8, 0xe4, 0xe8, 0xe4, 0xe8, 0xe4, 0xe8, 0xe4, 0xe8, 0xe4, 0xe8, 0xe4, 0xe8, 0xe4, 0xe8, 0xe4, 0xe8, 0xe4, 0xe8, 0xe4, 0xe8, 0xe4,
  0xe8, 0xe4, 0xe8, 0xe4, 0xe8, 0xe4, 0xe8, 0xe4, 0xe8, 0xe4, 0xe8, 0xe4, 0xe8, 0xe4, 0xe8, 0xe4, 0xe8, 0xe4, 0xe8, 0xe4, 0xe8, 0xe4, 0xe8, 0xe4, 0xe8, 0xe4, 0xe8, 0xe4, 0xe8, 0xe4, 0xe8, 0xe4,
  0xe8, 0xe4, 0xe8, 0xe4, 0xe8, 0xe4, 0xe8, 0xe4, 0xe8, 0xe4, 0xe8, 0xe4, 0xe8, 0xe4, 0xe8, 0xe4, 0xe8, 0xe4, 0xe8, 0xe4, 0xe8, 0xe4, 0xe8, 0xe4, 0xe8, 0xe4, 0xe8, 0xe4, 0xe8, 0xe4, 0xe8, 0xe4,
  0xe8, 0xe4, 0xe8, 0xe4, 0xe8, 0xe4, 0xe8, 0xe4, 0xe8, 0xe4, 0x62, 0x8a, 0x00, 0x00, 0x00, 0x00, 0x00, 0x00, 0x00, 0x00, 0x00, 0x00, 0x00, 0x00, 0x00, 0x00, 0x00, 0x00, 0x00, 0x00, 0x00, 0x00,
  0x00, 0x00, 0x00, 0x00, 0x00, 0x00, 0x00, 0x00, 0x00, 0x00, 0x00, 0x00, 0x00, 0x00, 0x00, 0x00, 0x00, 0x00, 0x00, 0x00, 0x00, 0x00, 0x00, 0x00, 0x00, 0x00, 0x00, 0x00, 0x00, 0x00, 0x21, 0x04,
  0xe9, 0x66, 0xe8, 0xa4, 0xe8, 0xe4, 0xe8, 0xe4, 0xe8, 0xe4, 0xe8, 0xe4, 0xe8, 0xe4, 0xe8, 0xe4, 0xe8, 0xe4, 0xe8, 0xe4, 0xe8, 0xe4, 0xe8, 0xc4, 0xe9, 0x66, 0x29, 0x24, 0x00, 0x00, 0x00, 0x00,
  0x00, 0x00, 0x00, 0x00, 0x00, 0x00, 0x00, 0x00, 0x00, 0x00, 0x00, 0x00, 0x00, 0x00, 0x00, 0x00, 0x00, 0x00, 0x00, 0x00, 0x00, 0x00, 0x00, 0x00, 0xf4, 0x51, 0xe8, 0x83, 0xe8, 0xe4, 0xe8, 0xe4,
  0xe8, 0xe4, 0xe8, 0xe4, 0xe8, 0xe4, 0xe8, 0xe4, 0xe8, 0xe4, 0xe8, 0xe4, 0xe8, 0xe4, 0xe8, 0xe4, 0xe8, 0x83, 0xf3, 0xcf, 0x00, 0x00, 0x00, 0x00, 0x00, 0x00, 0x00, 0x00, 0x00, 0x00, 0x00, 0x00,
  0x00, 0x00, 0x00, 0x00, 0x00, 0x00, 0x00, 0x00, 0x00, 0x00, 0x00, 0x00, 0x00, 0x00, 0x00, 0x00, 0x00, 0x00, 0x00, 0x00, 0x00, 0x00, 0x00, 0x00, 0x00, 0x00, 0x00, 0x00, 0x00, 0x00, 0x00, 0x00,
  0xf4, 0x31, 0xe8, 0x83, 0xe8, 0xe4, 0xe8, 0xe4, 0xe8, 0xe4, 0xe8, 0xe4, 0xe8, 0xe4, 0xe8, 0xe4, 0xe8, 0xe4, 0xe8, 0xe4, 0xe8, 0xe4, 0xe8, 0xe4, 0xe8, 0xc4, 0xe9, 0x66, 0x21, 0x04, 0x00, 0x00,
  0x00, 0x00, 0x00, 0x00, 0x00, 0x00, 0x00, 0x00, 0x00, 0x00, 0x00, 0x00, 0x00, 0x00, 0x00, 0x00, 0x00, 0x00, 0x00, 0x00, 0x00, 0x00, 0x00, 0x00, 0x00, 0x00, 0x00, 0x00, 0x00, 0x00, 0x00, 0x00,
  0x00, 0x00, 0x00, 0x00, 0x00, 0x00, 0x00, 0x00, 0xf3, 0x4e, 0xe8, 0x83, 0xe8, 0xe4, 0xe8, 0xe4, 0xe8, 0xe4, 0xe8, 0xe4, 0xe8, 0xe4, 0xe8, 0xe4, 0xe8, 0xe4, 0xe8, 0xe4, 0xe8, 0xe4, 0xe8, 0xe4,
  0xe8, 0xe4, 0xe8, 0xe4, 0xe8, 0xe4, 0xe8, 0xc4, 0x8b, 0x4d, 0x00, 0x00, 0x00, 0x00, 0x00, 0x00, 0x00, 0x00, 0x00, 0x00, 0x00, 0x00, 0x00, 0x00, 0x00, 0x00, 0x00, 0x00, 0x00, 0x00, 0x00, 0x00,
  0x00, 0x00, 0x00, 0x00, 0x00, 0x00, 0x00, 0x00, 0x00, 0x00, 0x00, 0x00, 0x00, 0x00, 0x00, 0x00, 0x00, 0x00, 0x00, 0x00, 0xbb, 0xf0, 0xe8, 0xa3, 0xe8, 0xe4, 0xe8, 0xe4, 0xe8, 0xe4, 0xe8, 0xe4,
  0xe8, 0xe4, 0xe8, 0xe4, 0xe8, 0xe4, 0xe8, 0xe4, 0xe8, 0xe4, 0xe8, 0xe4, 0xe8, 0xe4, 0xe8, 0xe4, 0xe8, 0xe4, 0xe8, 0xe4, 0x7a, 0xec, 0x00, 0x00, 0x00, 0x00, 0x00, 0x00, 0x00, 0x00, 0x00, 0x00,
  0x00, 0x00, 0x00, 0x00, 0x00, 0x00, 0x00, 0x00, 0x00, 0x00, 0x00, 0x00, 0x00, 0x00, 0x00, 0x00, 0x00, 0x00, 0x00, 0x00, 0x00, 0x00, 0x00, 0x00, 0x00, 0x00, 0x00, 0x00, 0x00, 0x00, 0x00, 0x00,
  0x00, 0x00, 0x00, 0x00, 0x00, 0x00, 0x00, 0x00, 0x00, 0x00, 0x00, 0x00, 0x00, 0x00, 0x00, 0x00, 0x00, 0x00, 0x00, 0x00, 0x00, 0x00, 0x00, 0x00, 0x00, 0x00, 0x00, 0x00, 0x00, 0x00, 0x00, 0x00,
  0x00, 0x00, 0x00, 0x00, 0x00, 0x00, 0x00, 0x00, 0x00, 0x00, 0x00, 0x00, 0x00, 0x00, 0x00, 0x00, 0x00, 0x00, 0x00, 0x00, 0x00, 0x00, 0x00, 0x00, 0x00, 0x00, 0x00, 0x00, 0x00, 0x00, 0x00, 0x00,
  0x00, 0x00, 0x00, 0x00, 0x00, 0x00, 0x00, 0x00, 0x00, 0x00, 0x00, 0x00, 0x00, 0x00, 0x00, 0x00, 0x00, 0x00, 0x00, 0x00, 0x00, 0x00, 0x00, 0x00, 0x00, 0x00, 0x00, 0x00, 0x00, 0x00, 0x00, 0x00,
  0x00, 0x00, 0x00, 0x00, 0x00, 0x00, 0x00, 0x00, 0x00, 0x00, 0x00, 0x00, 0x00, 0x00, 0x00, 0x00, 0x00, 0x00, 0x00, 0x00, 0x00, 0x00, 0x00, 0x00, 0x00, 0x00, 0x00, 0x00, 0x00, 0x00, 0x00, 0x00,
  0x00, 0x00, 0xf4, 0x92, 0xe9, 0xa7, 0xe8, 0x83, 0xe8, 0xa3, 0xe8, 0xe4, 0xe8, 0xe4, 0xe8, 0xe4, 0xe8, 0xe4, 0xe8, 0xe4, 0xe8, 0xe4, 0xe8, 0xe4, 0xe8, 0xe4, 0xe8, 0xe4, 0xe8, 0xe4, 0xe8, 0xe4,
  0xe8, 0xe4, 0xe8, 0xe4, 0xe8, 0xe4, 0xe8, 0xe4, 0xe8, 0xe4, 0xe8, 0xe4, 0xe8, 0xe4, 0xe8, 0xe4, 0xe8, 0xe4, 0xe8, 0xe4, 0xe8, 0xe4, 0xe8, 0xe4, 0xe8, 0xe4, 0xe8, 0xe4, 0xe8, 0xe4, 0xe8, 0xe4,
  0xe8, 0xe4, 0xe8, 0xe4, 0xe8, 0xe4, 0xe8, 0xe4, 0xe8, 0xe4, 0xe8, 0xe4, 0xe8, 0xe4, 0xe8, 0xe4, 0xe8, 0xe4, 0xe8, 0xe4, 0xe8, 0xe4, 0xe8, 0xe4, 0xe8, 0xe4, 0xe8, 0xe4, 0xe8, 0xe4, 0xe8, 0xe4,
  0xe8, 0xe4, 0xe8, 0xe4, 0xe8, 0xe4, 0xe8, 0xe4, 0xe8, 0xe4, 0xe8, 0xe4, 0xe8, 0xe4, 0xe8, 0xe4, 0xe8, 0xe4, 0xe8, 0xe4, 0xe8, 0xe4, 0xe8, 0xe4, 0xe8, 0xe4, 0xe8, 0xe4, 0xe8, 0xe4, 0xe8, 0xe4,
  0xe8, 0xe4, 0xe8, 0xe4, 0xe8, 0xe4, 0xe8, 0xe4, 0xe8, 0xe4, 0xe8, 0xe4, 0xe8, 0xe4, 0xe8, 0xe4, 0xe8, 0xe4, 0x62, 0x8a, 0x00, 0x00, 0x00, 0x00, 0x00, 0x00, 0x00, 0x00, 0x00, 0x00, 0x00, 0x00,
  0x00, 0x00, 0x00, 0x00, 0x00, 0x00, 0x00, 0x00, 0x00, 0x00, 0x00, 0x00, 0x00, 0x00, 0x00, 0x00, 0x00, 0x00, 0x00, 0x00, 0x00, 0x00, 0x00, 0x00, 0x00, 0x00, 0x00, 0x00, 0x00, 0x00, 0x00, 0x00,
  0x00, 0x00, 0x00, 0x00, 0x00, 0x00, 0x31, 0x65, 0xe9, 0x46, 0xe8, 0xc4, 0xe8, 0xe4, 0xe8, 0xe4, 0xe8, 0xe4, 0xe8, 0xe4, 0xe8, 0xe4, 0xe8, 0xe4, 0xe8, 0xe4, 0xe8, 0xe4, 0xe8, 0xe4, 0xe8, 0xa3,
  0xe9, 0x86, 0x18, 0xc3, 0x00, 0x00, 0x00, 0x00, 0x00, 0x00, 0x00, 0x00, 0x00, 0x00, 0x00, 0x00, 0x00, 0x00, 0x00, 0x00, 0x00, 0x00, 0x00, 0x00, 0x00, 0x00, 0x00, 0x00, 0x00, 0x00, 0x00, 0x00,
  0xf4, 0x51, 0xe8, 0x83, 0xe8, 0xe4, 0xe8, 0xe4, 0xe8, 0xe4, 0xe8, 0xe4, 0xe8, 0xe4, 0xe8, 0xe4, 0xe8, 0xe4, 0xe8, 0xe4, 0xe8, 0xe4, 0xe8, 0xe4, 0xe8, 0x83, 0xf3, 0xcf, 0x00, 0x00, 0x00, 0x00,
  0x00, 0x00, 0x00, 0x00, 0x00, 0x00, 0x00, 0x00, 0x00, 0x00, 0x00, 0x00, 0x00, 0x00, 0x00, 0x00, 0x00, 0x00, 0x00, 0x00, 0x00, 0x00, 0x00, 0x00, 0x00, 0x00, 0x00, 0x00, 0x00, 0x00, 0x00, 0x00,
  0x00, 0x00, 0x00, 0x00, 0x00, 0x00, 0x00, 0x00, 0xf4, 0x31, 0xe8, 0x83, 0xe8, 0xe4, 0xe8, 0xe4, 0xe8, 0xe4, 0xe8, 0xe4, 0xe8, 0xe4, 0xe8, 0xe4, 0xe8, 0xe4, 0xe8, 0xe4, 0xe8, 0xe4, 0xe8, 0xe4,
  0xe8, 0xc4, 0xe9, 0x66, 0x21, 0x04, 0x00, 0x00, 0x00, 0x00, 0x00, 0x00, 0x00, 0x00, 0x00, 0x00, 0x00, 0x00, 0x00, 0x00, 0x00, 0x00, 0x00, 0x00, 0x00, 0x00, 0x00, 0x00, 0x00, 0x00, 0x00, 0x00,
  0x00, 0x00, 0x00, 0x00, 0x00, 0x00, 0x00, 0x00, 0x00, 0x00, 0x00, 0x00, 0x00, 0x00, 0x5a, 0x49, 0xe9, 0x05, 0xe8, 0xc4, 0xe8, 0xe4, 0xe8, 0xe4, 0xe8, 0xe4, 0xe8, 0xe4, 0xe8, 0xe4, 0xe8, 0xe4,
  0xe8, 0xe4, 0xe8, 0xe4, 0xe8, 0xe4, 0xe8, 0xe4, 0xe8, 0xe4, 0xe8, 0xe4, 0xe8, 0x83, 0xf2, 0xcb, 0x00, 0x00, 0x00, 0x00, 0x00, 0x00, 0x00, 0x00, 0x00, 0x00, 0x00, 0x00, 0x00, 0x00, 0x00, 0x00,
  0x00, 0x00, 0x00, 0x00, 0x00, 0x00, 0x00, 0x00, 0x00, 0x00, 0x00, 0x00, 0x00, 0x00, 0x00, 0x00, 0x00, 0x00, 0x00, 0x00, 0x00, 0x00, 0x00, 0x00, 0x00, 0x00, 0x00, 0x00, 0xea, 0x29, 0xe8, 0xa3,
  0xe8, 0xe4, 0xe8, 0xe4, 0xe8, 0xe4, 0xe8, 0xe4, 0xe8, 0xe4, 0xe8, 0xe4, 0xe8, 0xe4, 0xe8, 0xe4, 0xe8, 0xe4, 0xe8, 0xe4, 0xe8, 0xe4, 0xe8, 0xe4, 0xe8, 0x83, 0xf3, 0x0d, 0x00, 0x00, 0x00, 0x00,
  0x00, 0x00, 0x00, 0x00, 0x00, 0x00, 0x00, 0x00, 0x00, 0x00, 0x00, 0x00, 0x00, 0x00, 0x00, 0x00, 0x00, 0x00, 0x00, 0x00, 0x00, 0x00, 0x00, 0x00, 0x00, 0x00, 0x00, 0x00, 0x00, 0x00, 0x00, 0x00,
  0x00, 0x00, 0x00, 0x00, 0x00, 0x00, 0x00, 0x00, 0x00, 0x00, 0x00, 0x00, 0x00, 0x00, 0x00, 0x00, 0x00, 0x00, 0x00, 0x00, 0x00, 0x00, 0x00, 0x00, 0x00, 0x00, 0x00, 0x00, 0x00, 0x00, 0x00, 0x00,
  0x00, 0x00, 0x00, 0x00, 0x00, 0x00, 0x00, 0x00, 0x00, 0x00, 0x00, 0x00, 0x00, 0x00, 0x00, 0x00, 0x00, 0x00, 0x00, 0x00, 0x00, 0x00, 0x00, 0x00, 0x00, 0x00, 0x00, 0x00, 0x00, 0x00, 0x00, 0x00,
  0x00, 0x00, 0x00, 0x00, 0x00, 0x00, 0x00, 0x00, 0x00, 0x00, 0x00, 0x00, 0x00, 0x00, 0x00, 0x00, 0x00, 0x00, 0x00, 0x00, 0x00, 0x00, 0x00, 0x00, 0x00, 0x00, 0x00, 0x00, 0x00, 0x00, 0x00, 0x00,
  0x00, 0x00, 0x00, 0x00, 0x00, 0x00, 0x00, 0x00, 0x00, 0x00, 0x00, 0x00, 0x00, 0x00, 0x00, 0x00, 0x00, 0x00, 0x00, 0x00, 0x00, 0x00, 0x00, 0x00, 0x00, 0x00, 0x00, 0x00, 0x00, 0x00, 0x00, 0x00,
  0x00, 0x00, 0x00, 0x00, 0x00, 0x00, 0x00, 0x00, 0x00, 0x00, 0x00, 0x00, 0x10, 0xa2, 0xf4, 0x92, 0xe9, 0xe8, 0xe8, 0xa3, 0xe8, 0x83, 0xe8, 0xc4, 0xe8, 0xe4, 0xe8, 0xe4, 0xe8, 0xe4, 0xe8, 0xe4,
  0xe8, 0xe4, 0xe8, 0xe4, 0xe8, 0xe4, 0xe8, 0xe4, 0xe8, 0xe4, 0xe8, 0xe4, 0xe8, 0xe4, 0xe8, 0xe4, 0xe8, 0xe4, 0xe8, 0xe4, 0xe8, 0xe4, 0xe8, 0xe4, 0xe8, 0xe4, 0xe8, 0xe4, 0xe8, 0xe4, 0xe8, 0xe4,
  0xe8, 0xe4, 0xe8, 0xe4, 0xe8, 0xe4, 0xe8, 0xe4, 0xe8, 0xe4, 0xe8, 0xe4, 0xe8, 0xe4, 0xe8, 0xe4, 0xe8, 0xe4, 0xe8, 0xe4, 0xe8, 0xe4, 0xe8, 0xe4, 0xe8, 0xe4, 0xe8, 0xe4, 0xe8, 0xe4, 0xe8, 0xe4,
  0xe8, 0xe4, 0xe8, 0xe4, 0xe8, 0xe4, 0xe8, 0xe4, 0xe8, 0xe4, 0xe8, 0xe4, 0xe8, 0xe4, 0xe8, 0xe4, 0xe8, 0xe4, 0xe8, 0xe4, 0xe8, 0xe4, 0xe8, 0xe4, 0xe8, 0xe4, 0xe8, 0xe4, 0xe8, 0xe4, 0xe8, 0xe4,
  0xe8, 0xe4, 0xe8, 0xe4, 0xe8, 0xe4, 0xe8, 0xe4, 0xe8, 0xe4, 0xe8, 0xe4, 0xe8, 0xe4, 0xe8, 0xe4, 0xe8, 0xe4, 0xe8, 0xe4, 0xe8, 0xe4, 0xe8, 0xe4, 0xe8, 0xe4, 0x5a, 0x49, 0x00, 0x00, 0x00, 0x00,
  0x00, 0x00, 0x00, 0x00, 0x00, 0x00, 0x00, 0x00, 0x00, 0x00, 0x00, 0x00, 0x00, 0x00, 0x00, 0x00, 0x00, 0x00, 0x00, 0x00, 0x00, 0x00, 0x00, 0x00, 0x00, 0x00, 0x00, 0x00, 0x00, 0x00, 0x00, 0x00,
  0x00, 0x00, 0x00, 0x00, 0x00, 0x00, 0x00, 0x00, 0x00, 0x00, 0x00, 0x00, 0x00, 0x00, 0x52, 0x28, 0xe9, 0x05, 0xe8, 0xc4, 0xe8, 0xe4, 0xe8, 0xe4, 0xe8, 0xe4, 0xe8, 0xe4, 0xe8, 0xe4, 0xe8, 0xe4,
  0xe8, 0xe4, 0xe8, 0xe4, 0xe8, 0xe4, 0xe8, 0xa3, 0xe9, 0xa7, 0x08, 0x61, 0x00, 0x00, 0x00, 0x00, 0x00, 0x00, 0x00, 0x00, 0x00, 0x00, 0x00, 0x00, 0x00, 0x00, 0x00, 0x00, 0x00, 0x00, 0x00, 0x00,
  0x00, 0x00, 0x00, 0x00, 0x00, 0x00, 0x00, 0x00, 0xf4, 0x51, 0xe8, 0x83, 0xe8, 0xe4, 0xe8, 0xe4, 0xe8, 0xe4, 0xe8, 0xe4, 0xe8, 0xe4, 0xe8, 0xe4, 0xe8, 0xe4, 0xe8, 0xe4, 0xe8, 0xe4, 0xe8, 0xe4,
  0xe8, 0x83, 0xf3, 0xcf, 0x00, 0x00, 0x00, 0x00, 0x00, 0x00, 0x00, 0x00, 0x00, 0x00, 0x00, 0x00, 0x00, 0x00, 0x00, 0x00, 0x00, 0x00, 0x00, 0x00, 0x00, 0x00, 0x00, 0x00, 0x00, 0x00, 0x00, 0x00,
  0x00, 0x00, 0x00, 0x00, 0x00, 0x00, 0x00, 0x00, 0x00, 0x00, 0x00, 0x00, 0x00, 0x00, 0x00, 0x00, 0xf4, 0x31, 0xe8, 0x83, 0xe8, 0xe4, 0xe8, 0xe4, 0xe8, 0xe4, 0xe8, 0xe4, 0xe8, 0xe4, 0xe8, 0xe4,
  0xe8, 0xe4, 0xe8, 0xe4, 0xe8, 0xe4, 0xe8, 0xe4, 0xe8, 0xc4, 0xe9, 0x66, 0x21, 0x04, 0x00, 0x00, 0x00, 0x00, 0x00, 0x00, 0x00, 0x00, 0x00, 0x00, 0x00, 0x00, 0x00, 0x00, 0x00, 0x00, 0x00, 0x00,
  0x00, 0x00, 0x00, 0x00, 0x00, 0x00, 0x00, 0x00, 0x00, 0x00, 0x00, 0x00, 0x00, 0x00, 0x00, 0x00, 0x00, 0x00, 0x00, 0x00, 0x00, 0x00, 0xf3, 0x2d, 0xe8, 0x83, 0xe8, 0xe4, 0xe8, 0xe4, 0xe8, 0xe4,
  0xe8, 0xe4, 0xe8, 0xe4, 0xe8, 0xe4, 0xe8, 0xe4, 0xe8, 0xe4, 0xe8, 0xe4, 0xe8, 0xe4, 0xe8, 0xe4, 0xe8, 0xe4, 0xe8, 0xe4, 0xe8, 0xe4, 0x83, 0x2c, 0x00, 0x00, 0x00, 0x00, 0x00, 0x00, 0x00, 0x00,
  0x00, 0x00, 0x00, 0x00, 0x00, 0x00, 0x00, 0x00, 0x00, 0x00, 0x00, 0x00, 0x00, 0x00, 0x00, 0x00, 0x00, 0x00, 0x00, 0x00, 0x00, 0x00, 0x00, 0x00, 0x00, 0x00, 0x00, 0x00, 0x00, 0x00, 0x00, 0x00,
  0x00, 0x00, 0xcc, 0x31, 0xe8, 0xa3, 0xe8, 0xe4, 0xe8, 0xe4, 0xe8, 0xe4, 0xe8, 0xe4, 0xe8, 0xe4, 0xe8, 0xe4, 0xe8, 0xe4, 0xe8, 0xe4, 0xe8, 0xe4, 0xe8, 0xe4, 0xe8, 0xe4, 0xe8, 0xe4, 0xe8, 0xc4,
  0xe9, 0x05, 0x62, 0x8a, 0x00, 0x00, 0x00, 0x00, 0x00, 0x00, 0x00, 0x00, 0x00, 0x00, 0x00, 0x00, 0x00, 0x00, 0x00, 0x00, 0x00, 0x00, 0x00, 0x00, 0x00, 0x00, 0x00, 0x00, 0x00, 0x00, 0x00, 0x00,
  0x00, 0x00, 0x00, 0x00, 0x00, 0x00, 0x00, 0x00, 0x00, 0x00, 0x00, 0x00, 0x00, 0x00, 0x00, 0x00, 0x00, 0x00, 0x00, 0x00, 0x00, 0x00, 0x00, 0x00, 0x00, 0x00, 0x00, 0x00, 0x00, 0x00, 0x00, 0x00,
  0x00, 0x00, 0x00, 0x00, 0x00, 0x00, 0x00, 0x00, 0x00, 0x00, 0x00, 0x00, 0x00, 0x00, 0x00, 0x00, 0x00, 0x00, 0x00, 0x00, 0x00, 0x00, 0x00, 0x00, 0x00, 0x00, 0x00, 0x00, 0x00, 0x00, 0x00, 0x00,
  0x00, 0x00, 0x00, 0x00, 0x00, 0x00, 0x00, 0x00, 0x00, 0x00, 0x00, 0x00, 0x00, 0x00, 0x00, 0x00, 0x00, 0x00, 0x00, 0x00, 0x00, 0x00, 0x00, 0x00, 0x00, 0x00, 0x00, 0x00, 0x00, 0x00, 0x00, 0x00,
  0x00, 0x00, 0x00, 0x00, 0x00, 0x00, 0x00, 0x00, 0x00, 0x00, 0x00, 0x00, 0x00, 0x00, 0x00, 0x00, 0x00, 0x00, 0x00, 0x00, 0x00, 0x00, 0x00, 0x00, 0x00, 0x00, 0x00, 0x00, 0x00, 0x00, 0x00, 0x00,
  0x00, 0x00, 0x00, 0x00, 0x00, 0x00, 0x00, 0x00, 0x00, 0x00, 0x00, 0x00, 0x00, 0x00, 0x00, 0x00, 0x00, 0x00, 0x00, 0x00, 0x00, 0x00, 0x00, 0x00, 0x00, 0x00, 0xb3, 0xcf, 0xf2, 0xec, 0xe9, 0x46,
  0xe8, 0xa3, 0xe8, 0x83, 0xe8, 0xa4, 0xe8, 0xe4, 0xe8, 0xe4, 0xe8, 0xe4, 0xe8, 0xe4, 0xe8, 0xe4, 0xe8, 0xe4, 0xe8, 0xe4, 0xe8, 0xe4, 0xe8, 0xe4, 0xe8, 0xe4, 0xe8, 0xe4, 0xe8, 0xe4, 0xe8, 0xe4,
  0xe8, 0xe4, 0xe8, 0xe4, 0xe8, 0xe4, 0xe8, 0xe4, 0xe8, 0xe4, 0xe8, 0xe4, 0xe8, 0xe4, 0xe8, 0xe4, 0xe8, 0xe4, 0xe8, 0xe4, 0xe8, 0xe4, 0xe8, 0xe4, 0xe8, 0xe4, 0xe8, 0xe4, 0xe8, 0xe4, 0xe8, 0xe4,
  0xe8, 0xe4, 0xe8, 0xe4, 0xe8, 0xe4, 0xe8, 0xe4, 0xe8, 0xe4, 0xe8, 0xe4, 0xe8, 0xe4, 0xe8, 0xe4, 0xe8, 0xe4, 0xe8, 0xe4, 0xe8, 0xe4, 0xe8, 0xe4, 0xe8, 0xe4, 0xe8, 0xe4, 0xe8, 0xe4, 0xe8, 0xe4,
  0xe8, 0xe4, 0xe8, 0xe4, 0xe8, 0xe4, 0xe8, 0xe4, 0xe8, 0xe4, 0xe8, 0xe4, 0xe8, 0xe4, 0xe8, 0xe4, 0xe8, 0xe4, 0xe8, 0xe4, 0xe8, 0xe4, 0xe8, 0xe4, 0xe8, 0xe4, 0xe8, 0xe4, 0xe8, 0xe4, 0xe8, 0xe4,
  0xe9, 0x05, 0x52, 0x28, 0x00, 0x00, 0x00, 0x00, 0x00, 0x00, 0x00, 0x00, 0x00, 0x00, 0x00, 0x00, 0x00, 0x00, 0x00, 0x00, 0x00, 0x00, 0x00, 0x00, 0x00, 0x00, 0x00, 0x00, 0x00, 0x00, 0x00, 0x00,
  0x00, 0x00, 0x00, 0x00, 0x00, 0x00, 0x00, 0x00, 0x00, 0x00, 0x00, 0x00, 0x00, 0x00, 0x00, 0x00, 0x00, 0x00, 0x00, 0x00, 0x00, 0x00, 0x83, 0x0c, 0xe8, 0xe4, 0xe8, 0xe4, 0xe8, 0xe4, 0xe8, 0xe4,
  0xe8, 0xe4, 0xe8, 0xe4, 0xe8, 0xe4, 0xe8, 0xe4, 0xe8, 0xe4, 0xe8, 0xe4, 0xe8, 0xe4, 0xe8, 0xa3, 0xe9, 0xe8, 0x00, 0x00, 0x00, 0x00, 0x00, 0x00, 0x00, 0x00, 0x00, 0x00, 0x00, 0x00, 0x00, 0x00,
  0x00, 0x00, 0x00, 0x00, 0x00, 0x00, 0x00, 0x00, 0x00, 0x00, 0x00, 0x00, 0x00, 0x00, 0x00, 0x00, 0xf4, 0x51, 0xe8, 0x83, 0xe8, 0xe4, 0xe8, 0xe4, 0xe8, 0xe4, 0xe8, 0xe4, 0xe8, 0xe4, 0xe8, 0xe4,
  0xe8, 0xe4, 0xe8, 0xe4, 0xe8, 0xe4, 0xe8, 0xe4, 0xe8, 0x83, 0xf3, 0xcf, 0x00, 0x00, 0x00, 0x00, 0x00, 0x00, 0x00, 0x00, 0x00, 0x00, 0x00, 0x00, 0x00, 0x00, 0x00, 0x00, 0x00, 0x00, 0x00, 0x00,
  0x00, 0x00, 0x00, 0x00, 0x00, 0x00, 0x00, 0x00, 0x00, 0x00, 0x00, 0x00, 0x00, 0x00, 0x00, 0x00, 0x00, 0x00, 0x00, 0x00, 0x00, 0x00, 0x00, 0x00, 0xf4, 0x31, 0xe8, 0x83, 0xe8, 0xe4, 0xe8, 0xe4,
  0xe8, 0xe4, 0xe8, 0xe4, 0xe8, 0xe4, 0xe8, 0xe4, 0xe8, 0xe4, 0xe8, 0xe4, 0xe8, 0xe4, 0xe8, 0xe4, 0xe8, 0xc4, 0xe9, 0x66, 0x21, 0x04, 0x00, 0x00, 0x00, 0x00, 0x00, 0x00, 0x00, 0x00, 0x00, 0x00,
  0x00, 0x00, 0x00, 0x00, 0x00, 0x00, 0x00, 0x00, 0x00, 0x00, 0x00, 0x00, 0x00, 0x00, 0x00, 0x00, 0x00, 0x00, 0x00, 0x00, 0x00, 0x00, 0x00, 0x00, 0x00, 0x00, 0x00, 0x00, 0x6a, 0xaa, 0xe8, 0xe4,
  0xe8, 0xc4, 0xe8, 0xe4, 0xe8, 0xe4, 0xe8, 0xe4, 0xe8, 0xe4, 0xe8, 0xe4, 0xe8, 0xe4, 0xe8, 0xe4, 0xe8, 0xe4, 0xe8, 0xe4, 0xe8, 0xe4, 0xe8, 0xe4, 0xe8, 0xe4, 0xe8, 0x83, 0xf2, 0xec, 0x00, 0x00,
  0x00, 0x00, 0x00, 0x00, 0x00, 0x00, 0x00, 0x00, 0x00, 0x00, 0x00, 0x00, 0x00, 0x00, 0x00, 0x00, 0x00, 0x00, 0x00, 0x00, 0x00, 0x00, 0x00, 0x00, 0x00, 0x00, 0x00, 0x00, 0x00, 0x00, 0x00, 0x00,
  0x00, 0x00, 0x00, 0x00, 0x00, 0x00, 0x00, 0x00, 0x00, 0x00, 0xea, 0x09, 0xe8, 0xa3, 0xe8, 0xe4, 0xe8, 0xe4, 0xe8, 0xe4, 0xe8, 0xe4, 0xe8, 0xe4, 0xe8, 0xe4, 0xe8, 0xe4, 0xe8, 0xe4, 0xe8, 0xe4,
  0xe8, 0xe4, 0xe8, 0xe4, 0xe8, 0xe4, 0xe8, 0x83, 0xf3, 0x4e, 0x00, 0x00, 0x00, 0x00, 0x00, 0x00, 0x00, 0x00, 0x00, 0x00, 0x00, 0x00, 0x00, 0x00, 0x00, 0x00, 0x00, 0x00, 0x00, 0x00, 0x00, 0x00,
  0x00, 0x00, 0x00, 0x00, 0x00, 0x00, 0x00, 0x00, 0x00, 0x00, 0x00, 0x00, 0x00, 0x00, 0x00, 0x00, 0x00, 0x00, 0x00, 0x00, 0x00, 0x00, 0x00, 0x00, 0x00, 0x00, 0x00, 0x00, 0x00, 0x00, 0x00, 0x00,
  0x00, 0x00, 0x00, 0x00, 0x00, 0x00, 0x00, 0x00, 0x00, 0x00, 0x00, 0x00, 0x00, 0x00, 0x00, 0x00, 0x00, 0x00, 0x00, 0x00, 0x00, 0x00, 0x00, 0x00, 0x00, 0x00, 0x00, 0x00, 0x00, 0x00, 0x00, 0x00,
  0x00, 0x00, 0x00, 0x00, 0x00, 0x00, 0x00, 0x00, 0x00, 0x00, 0x00, 0x00, 0x00, 0x00, 0x00, 0x00, 0x00, 0x00, 0x00, 0x00, 0x00, 0x00, 0x00, 0x00, 0x00, 0x00, 0x00, 0x00, 0x00, 0x00, 0x00, 0x00,
  0x00, 0x00, 0x00, 0x00, 0x00, 0x00, 0x00, 0x00, 0x00, 0x00, 0x00, 0x00, 0x00, 0x00, 0x00, 0x00, 0x00, 0x00, 0x00, 0x00, 0x00, 0x00, 0x00, 0x00, 0x00, 0x00, 0x00, 0x00, 0x00, 0x00, 0x00, 0x00,
  0x00, 0x00, 0x00, 0x00, 0x00, 0x00, 0x00, 0x00, 0x00, 0x00, 0x00, 0x00, 0x00, 0x00, 0x00, 0x00, 0x00, 0x00, 0x00, 0x00, 0x00, 0x00, 0x00, 0x00, 0x00, 0x00, 0x00, 0x00, 0x00, 0x00, 0x00, 0x00,
  0x00, 0x00, 0x00, 0x00, 0x00, 0x00, 0x31, 0x65, 0xd4, 0x51, 0xf3, 0x0d, 0xe9, 0xc7, 0xe8, 0xe4, 0xe8, 0xa3, 0xe8, 0x83, 0xe8, 0x83, 0xe8, 0x83, 0xe8, 0xa3, 0xe8, 0xa3, 0xe8, 0xa3, 0xe8, 0xa4,
  0xe8, 0xa4, 0xe8, 0xa4, 0xe8, 0xc4, 0xe8, 0xc4, 0xe8, 0xc4, 0xe8, 0xc4, 0xe8, 0xc4, 0xe8, 0xc4, 0xe8, 0xc4, 0xe8, 0xc4, 0xe8, 0xc4, 0xe8, 0xc4, 0xe8, 0xc4, 0xe8, 0xc4, 0xe8, 0xc4, 0xe8, 0xc4,
  0xe8, 0xc4, 0xe8, 0xc4, 0xe8, 0xc4, 0xe8, 0xc4, 0xe8, 0xc4, 0xe8, 0xc4, 0xe8, 0xe4, 0xe8, 0xe4, 0xe8, 0xe4, 0xe8, 0xe4, 0xe8, 0xe4, 0xe8, 0xe4, 0xe8, 0xe4, 0xe8, 0xe4, 0xe8, 0xe4, 0xe8, 0xe4,
  0xe8, 0xe4, 0xe8, 0xe4, 0xe8, 0xe4, 0xe8, 0xe4, 0xe8, 0xe4, 0xe8, 0xe4, 0xe8, 0xe4, 0xe8, 0xe4, 0xe8, 0xe4, 0xe8, 0xe4, 0xe8, 0xe4, 0xe8, 0xe4, 0xe8, 0xe4, 0xe8, 0xe4, 0xe8, 0xe4, 0xe8, 0xe4,
  0xe8, 0xe4, 0xe8, 0xe4, 0xe9, 0x05, 0xe8, 0xe4, 0xe9, 0x25, 0x49, 0xe7, 0x00, 0x00, 0x00, 0x00, 0x00, 0x00, 0x00, 0x00, 0x00, 0x00, 0x00, 0x00, 0x00, 0x00, 0x00, 0x00, 0x00, 0x00, 0x00, 0x00,
  0x00, 0x00, 0x00, 0x00, 0x00, 0x00, 0x00, 0x00, 0x00, 0x00, 0x00, 0x00, 0x00, 0x00, 0x00, 0x00, 0x00, 0x00, 0x00, 0x00, 0x00, 0x00, 0x00, 0x00, 0x00, 0x00, 0x00, 0x00, 0x00, 0x00, 0xc4, 0x10,
  0xe8, 0xa3, 0xe8, 0xe4, 0xe8, 0xe4, 0xe8, 0xe4, 0xe8, 0xe4, 0xe8, 0xe4, 0xe8, 0xe4, 0xe8, 0xe4, 0xe8, 0xe4, 0xe8, 0xe4, 0xe8, 0xe4, 0xe8, 0x83, 0xf2, 0x4a, 0x00, 0x00, 0x00, 0x00, 0x00, 0x00,
  0x00, 0x00, 0x00, 0x00, 0x00, 0x00, 0x00, 0x00, 0x00, 0x00, 0x00, 0x00, 0x00, 0x00, 0x00, 0x00, 0x00, 0x00, 0x00, 0x00, 0x00, 0x00, 0x00, 0x00, 0xf4, 0x51, 0xe8, 0x83, 0xe8, 0xe4, 0xe8, 0xe4,
  0xe8, 0xe4, 0xe8, 0xe4, 0xe8, 0xe4, 0xe8, 0xe4, 0xe8, 0xe4, 0xe8, 0xe4, 0xe8, 0xe4, 0xe8, 0xe4, 0xe8, 0x83, 0xf3, 0xcf, 0x00, 0x00, 0x00, 0x00, 0x00, 0x00, 0x00, 0x00, 0x00, 0x00, 0x00, 0x00,
  0x00, 0x00, 0x00, 0x00, 0x00, 0x00, 0x00, 0x00, 0x00, 0x00, 0x00, 0x00, 0x00, 0x00, 0x00, 0x00, 0x00, 0x00, 0x00, 0x00, 0x00, 0x00, 0x00, 0x00, 0x00, 0x00, 0x00, 0x00, 0x00, 0x00, 0x00, 0x00,
  0xf4, 0x31, 0xe8, 0x83, 0xe8, 0xe4, 0xe8, 0xe4, 0xe8, 0xe4, 0xe8, 0xe4, 0xe8, 0xe4, 0xe8, 0xe4, 0xe8, 0xe4, 0xe8, 0xe4, 0xe8, 0xe4, 0xe8, 0xe4, 0xe8, 0xc4, 0xe9, 0x66, 0x21, 0x04, 0x00, 0x00,
  0x00, 0x00, 0x00, 0x00, 0x00, 0x00, 0x00, 0x00, 0x00, 0x00, 0x00, 0x00, 0x00, 0x00, 0x00, 0x00, 0x00, 0x00, 0x00, 0x00, 0x00, 0x00, 0x00, 0x00, 0x00, 0x00, 0x00, 0x00, 0x00, 0x00, 0x00, 0x00,
  0x00, 0x00, 0x00, 0x00, 0xf3, 0x0c, 0xe8, 0x83, 0xe8, 0xe4, 0xe8, 0xe4, 0xe8, 0xe4, 0xe8, 0xe4, 0xe8, 0xe4, 0xe8, 0xe4, 0xe8, 0xe4, 0xe8, 0xe4, 0xe8, 0xe4, 0xe8, 0xe4, 0xe8, 0xe4, 0xe8, 0xe4,
  0xe8, 0xe4, 0xe8, 0xe4, 0x7a, 0xeb, 0x00, 0x00, 0x00, 0x00, 0x00, 0x00, 0x00, 0x00, 0x00, 0x00, 0x00, 0x00, 0x00, 0x00, 0x00, 0x00, 0x00, 0x00, 0x00, 0x00, 0x00, 0x00, 0x00, 0x00, 0x00, 0x00,
  0x00, 0x00, 0x00, 0x00, 0x00, 0x00, 0x00, 0x00, 0x00, 0x00, 0x00, 0x00, 0x00, 0x00, 0x00, 0x00, 0xdc, 0x51, 0xe8, 0x83, 0xe8, 0xe4, 0xe8, 0xe4, 0xe8, 0xe4, 0xe8, 0xe4, 0xe8, 0xe4, 0xe8, 0xe4,
  0xe8, 0xe4, 0xe8, 0xe4, 0xe8, 0xe4, 0xe8, 0xe4, 0xe8, 0xe4, 0xe8, 0xe4, 0xe8, 0xc4, 0xe9, 0x25, 0x4a, 0x08, 0x00, 0x00, 0x00, 0x00, 0x00, 0x00, 0x00, 0x00, 0x00, 0x00, 0x00, 0x00, 0x00, 0x00,
  0x00, 0x00, 0x00, 0x00, 0x00, 0x00, 0x00, 0x00, 0x00, 0x00, 0x00, 0x00, 0x00, 0x00, 0x00, 0x00, 0x00, 0x00, 0x00, 0x00, 0x00, 0x00, 0x00, 0x00, 0x00, 0x00, 0x00, 0x00, 0x00, 0x00, 0x00, 0x00,
  0x00, 0x00, 0x00, 0x00, 0x00, 0x00, 0x00, 0x00, 0x00, 0x00, 0x00, 0x00, 0x00, 0x00, 0x00, 0x00, 0x00, 0x00, 0x00, 0x00, 0x00, 0x00, 0x00, 0x00, 0x00, 0x00, 0x00, 0x00, 0x00, 0x00, 0x00, 0x00,
  0x00, 0x00, 0x00, 0x00, 0x00, 0x00, 0x00, 0x00, 0x00, 0x00, 0x00, 0x00, 0x00, 0x00, 0x00, 0x00, 0x00, 0x00, 0x00, 0x00, 0x00, 0x00, 0x00, 0x00, 0x00, 0x00, 0x00, 0x00, 0x00, 0x00, 0x00, 0x00,
  0x00, 0x00, 0x00, 0x00, 0x00, 0x00, 0x00, 0x00, 0x00, 0x00, 0x00, 0x00, 0x00, 0x00, 0x00, 0x00, 0x00, 0x00, 0x00, 0x00, 0x00, 0x00, 0x00, 0x00, 0x00, 0x00, 0x00, 0x00, 0x00, 0x00, 0x00, 0x00,
  0x00, 0x00, 0x00, 0x00, 0x00, 0x00, 0x00, 0x00, 0x00, 0x00, 0x00, 0x00, 0x00, 0x00, 0x00, 0x00, 0x00, 0x00, 0x00, 0x00, 0x00, 0x00, 0x00, 0x00, 0x00, 0x00, 0x00, 0x00, 0x00, 0x00, 0x00, 0x00,
  0x00, 0x00, 0x00, 0x00, 0x00, 0x00, 0x00, 0x00, 0x00, 0x00, 0x00, 0x00, 0x00, 0x00, 0x00, 0x00, 0x00, 0x00, 0x00, 0x00, 0x00, 0x00, 0x6a, 0xaa, 0xdc, 0x51, 0xf3, 0xcf, 0xf2, 0xec, 0xf2, 0x49,
  0xe9, 0xc8, 0xe9, 0xa7, 0xe9, 0x87, 0xe9, 0x86, 0xe9, 0x86, 0xe9, 0x86, 0xe9, 0x66, 0xe9, 0x66, 0xe9, 0x66, 0xe9, 0x66, 0xe9, 0x66, 0xe9, 0x46, 0xe9, 0x46, 0xe9, 0x46, 0xe9, 0x25, 0xe9, 0x25,
  0xe9, 0x25, 0xe9, 0x25, 0xe9, 0x05, 0xe9, 0x05, 0xe9, 0x05, 0xe9, 0x05, 0xe9, 0x05, 0xe9, 0x04, 0xe9, 0x04, 0xe9, 0x04, 0xe8, 0xe4, 0xe8, 0xe4, 0xe8, 0xe4, 0xe8, 0xe4, 0xe8, 0xc4, 0xe8, 0xc4,
  0xe8, 0xc4, 0xe8, 0xc4, 0xe8, 0xc4, 0xe8, 0xa3, 0xe8, 0xa3, 0xe8, 0xa3, 0xe8, 0xa3, 0xe8, 0xa3, 0xe8, 0xa3, 0xe8, 0xa3, 0xe8, 0xa3, 0xe8, 0xa3, 0xe8, 0xa3, 0xe8, 0xa3, 0xe8, 0x83, 0xe8, 0x83,
  0xe8, 0x83, 0xe8, 0x83, 0xe8, 0x83, 0xe8, 0x83, 0xe8, 0x83, 0xe8, 0x83, 0xe8, 0x83, 0xe8, 0x62, 0xe8, 0xc4, 0x4a, 0x08, 0x00, 0x00, 0x00, 0x00, 0x00, 0x00, 0x00, 0x00, 0x00, 0x00, 0x00, 0x00,
  0x00, 0x00, 0x00, 0x00, 0x00, 0x00, 0x00, 0x00, 0x00, 0x00, 0x00, 0x00, 0x00, 0x00, 0x00, 0x00, 0x00, 0x00, 0x00, 0x00, 0x00, 0x00, 0x00, 0x00, 0x00, 0x00, 0x00, 0x00, 0x00, 0x00, 0x00, 0x00,
  0x00, 0x00, 0x00, 0x00, 0x00, 0x00, 0xf4, 0x31, 0xe8, 0x83, 0xe8, 0xe4, 0xe8, 0xe4, 0xe8, 0xe4, 0xe8, 0xe4, 0xe8, 0xe4, 0xe8, 0xe4, 0xe8, 0xe4, 0xe8, 0xe4, 0xe8, 0xe4, 0xe8, 0xe4, 0xe8, 0x83,
  0xf2, 0xec, 0x00, 0x00, 0x00, 0x00, 0x00, 0x00, 0x00, 0x00, 0x00, 0x00, 0x00, 0x00, 0x00, 0x00, 0x00, 0x00, 0x00, 0x00, 0x00, 0x00, 0x00, 0x00, 0x00, 0x00, 0x00, 0x00, 0x00, 0x00, 0x00, 0x00,
  0xf4, 0x51, 0xe8, 0x83, 0xe8, 0xe4, 0xe8, 0xe4, 0xe8, 0xe4, 0xe8, 0xe4, 0xe8, 0xe4, 0xe8, 0xe4, 0xe8, 0xe4, 0xe8, 0xe4, 0xe8, 0xe4, 0xe8, 0xe4, 0xe8, 0x83, 0xf3, 0xcf, 0x00, 0x00, 0x00, 0x00,
  0x00, 0x00, 0x00, 0x00, 0x00, 0x00, 0x00, 0x00, 0x00, 0x00, 0x00, 0x00, 0x00, 0x00, 0x00, 0x00, 0x00, 0x00, 0x00, 0x00, 0x00, 0x00, 0x00, 0x00, 0x00, 0x00, 0x00, 0x00, 0x00, 0x00, 0x00, 0x00,
  0x00, 0x00, 0x00, 0x00, 0x00, 0x00, 0x00, 0x00, 0xf4, 0x31, 0xe8, 0x83, 0xe8, 0xe4, 0xe8, 0xe4, 0xe8, 0xe4, 0xe8, 0xe4, 0xe8, 0xe4, 0xe8, 0xe4, 0xe8, 0xe4, 0xe8, 0xe4, 0xe8, 0xe4, 0xe8, 0xe4,
  0xe8, 0xc4, 0xe9, 0x66, 0x21, 0x04, 0x00, 0x00, 0x00, 0x00, 0x00, 0x00, 0x00, 0x00, 0x00, 0x00, 0x00, 0x00, 0x00, 0x00, 0x00, 0x00, 0x00, 0x00, 0x00, 0x00, 0x00, 0x00, 0x00, 0x00, 0x00, 0x00,
  0x00, 0x00, 0x00, 0x00, 0x00, 0x00, 0x00, 0x00, 0x00, 0x00, 0x7a, 0xeb, 0xe8, 0xe4, 0xe8, 0xe4, 0xe8, 0xe4, 0xe8, 0xe4, 0xe8, 0xe4, 0xe8, 0xe4, 0xe8, 0xe4, 0xe8, 0xe4, 0xe8, 0xe4, 0xe8, 0xe4,
  0xe8, 0xe4, 0xe8, 0xe4, 0xe8, 0xe4, 0xe8, 0xe4, 0xe8, 0x83, 0xf3, 0x0c, 0x00, 0x00, 0x00, 0x00, 0x00, 0x00, 0x00, 0x00, 0x00, 0x00, 0x00, 0x00, 0x00, 0x00, 0x00, 0x00, 0x00, 0x00, 0x00, 0x00,
  0x00, 0x00, 0x00, 0x00, 0x00, 0x00, 0x00, 0x00, 0x00, 0x00, 0x00, 0x00, 0x00, 0x00, 0x00, 0x00, 0x00, 0x00, 0x00, 0x00, 0x00, 0x00, 0x00, 0x00, 0xe9, 0xe8, 0xe8, 0xa3, 0xe8, 0xe4, 0xe8, 0xe4,
  0xe8, 0xe4, 0xe8, 0xe4, 0xe8, 0xe4, 0xe8, 0xe4, 0xe8, 0xe4, 0xe8, 0xe4, 0xe8, 0xe4, 0xe8, 0xe4, 0xe8, 0xe4, 0xe8, 0xe4, 0xe8, 0x83, 0xf3, 0x8f, 0x00, 0x00, 0x00, 0x00, 0x00, 0x00, 0x00, 0x00,
  0x00, 0x00, 0x00, 0x00, 0x00, 0x00, 0x00, 0x00, 0x00, 0x00, 0x00, 0x00, 0x00, 0x00, 0x00, 0x00, 0x00, 0x00, 0x00, 0x00, 0x00, 0x00, 0x00, 0x00, 0x00, 0x00, 0x00, 0x00, 0x00, 0x00, 0x00, 0x00,
  0x00, 0x00, 0x00, 0x00, 0x00, 0x00, 0x00, 0x00, 0x00, 0x00, 0x00, 0x00, 0x00, 0x00, 0x00, 0x00, 0x00, 0x00, 0x00, 0x00, 0x00, 0x00, 0x00, 0x00, 0x00, 0x00, 0x00, 0x00, 0x00, 0x00, 0x00, 0x00,
  0x00, 0x00, 0x00, 0x00, 0x00, 0x00, 0x00, 0x00, 0x00, 0x00, 0x00, 0x00, 0x00, 0x00, 0x00, 0x00, 0x00, 0x00, 0x00, 0x00, 0x00, 0x00, 0x00, 0x00, 0x00, 0x00, 0x00, 0x00, 0x00, 0x00, 0x00, 0x00,
  0x00, 0x00, 0x00, 0x00, 0x00, 0x00, 0x00, 0x00, 0x00, 0x00, 0x00, 0x00, 0x00, 0x00, 0x00, 0x00, 0x00, 0x00, 0x00, 0x00, 0x00, 0x00, 0x00, 0x00, 0x00, 0x00, 0x00, 0x00, 0x00, 0x00, 0x00, 0x00,
  0x00, 0x00, 0x00, 0x00, 0x00, 0x00, 0x00, 0x00, 0x00, 0x00, 0x00, 0x00, 0x00, 0x00, 0x00, 0x00, 0x00, 0x00, 0x00, 0x00, 0x00, 0x00, 0x00, 0x00, 0x00, 0x00, 0x00, 0x00, 0x00, 0x00, 0x00, 0x00,
  0x00, 0x00, 0x00, 0x00, 0x00, 0x00, 0x00, 0x00, 0x00, 0x00, 0x00, 0x00, 0x00, 0x00, 0x00, 0x00, 0x00, 0x00, 0x00, 0x00, 0x00, 0x00, 0x00, 0x00, 0x00, 0x00, 0x00, 0x00, 0x00, 0x00, 0x00, 0x00,
  0x00, 0x00, 0x00, 0x00, 0x00, 0x00, 0x00, 0x00, 0x00, 0x00, 0x10, 0x61, 0x18, 0xa2, 0x18, 0xc3, 0x18, 0xc3, 0x18, 0xc3, 0x21, 0x04, 0x29, 0x24, 0x29, 0x24, 0x29, 0x24, 0x31, 0x45, 0x39, 0xa6,
  0x39, 0xa6, 0x39, 0x86, 0x41, 0xc7, 0x4a, 0x08, 0x4a, 0x08, 0x4a, 0x08, 0x52, 0x28, 0x5a, 0x49, 0x5a, 0x49, 0x5a, 0x49, 0x5a, 0x69, 0x62, 0x8a, 0x62, 0x8a, 0x62, 0x8a, 0x6a, 0xaa, 0x7a, 0xeb,
  0x7a, 0xeb, 0x7a, 0xeb, 0x83, 0x0c, 0x8b, 0x2c, 0x8b, 0x2d, 0x8b, 0x2d, 0x93, 0x6d, 0xa3, 0x8e, 0xa3, 0x8e, 0xa3, 0x8e, 0xa3, 0xae, 0xab, 0xcf, 0xab, 0xcf, 0xab, 0xcf, 0xb3, 0xef, 0xc4, 0x10,
  0xc4, 0x10, 0xc4, 0x10, 0xcc, 0x10, 0xd4, 0x31, 0xd4, 0x31, 0xd4, 0x31, 0xdc, 0x51, 0xe4, 0x72, 0xe4, 0x72, 0xe4, 0x72, 0xec, 0x72, 0xf4, 0x72, 0xec, 0x72, 0x00, 0x00, 0x00, 0x00, 0x00, 0x00,
  0x00, 0x00, 0x00, 0x00, 0x00, 0x00, 0x00, 0x00, 0x00, 0x00, 0x00, 0x00, 0x00, 0x00, 0x00, 0x00, 0x00, 0x00, 0x00, 0x00, 0x00, 0x00, 0x00, 0x00, 0x00, 0x00, 0x00, 0x00, 0x00, 0x00, 0x00, 0x00,
  0x00, 0x00, 0x00, 0x00, 0x00, 0x00, 0x00, 0x00, 0x00, 0x00, 0x00, 0x00, 0x00, 0x00, 0xf3, 0x0c, 0xe8, 0x83, 0xe8, 0xe4, 0xe8, 0xe4, 0xe8, 0xe4, 0xe8, 0xe4, 0xe8, 0xe4, 0xe8, 0xe4, 0xe8, 0xe4,
  0xe8, 0xe4, 0xe8, 0xe4, 0xe8, 0xe4, 0xe8, 0x83, 0xf3, 0xaf, 0x00, 0x00, 0x00, 0x00, 0x00, 0x00, 0x00, 0x00, 0x00, 0x00, 0x00, 0x00, 0x00, 0x00, 0x00, 0x00, 0x00, 0x00, 0x00, 0x00, 0x00, 0x00,
  0x00, 0x00, 0x00, 0x00, 0x00, 0x00, 0x00, 0x00, 0xf4, 0x51, 0xe8, 0x83, 0xe8, 0xe4, 0xe8, 0xe4, 0xe8, 0xe4, 0xe8, 0xe4, 0xe8, 0xe4, 0xe8, 0xe4, 0xe8, 0xe4, 0xe8, 0xe4, 0xe8, 0xe4, 0xe8, 0xe4,
  0xe8, 0x83, 0xf3, 0xcf, 0x00, 0x00, 0x00, 0x00, 0x00, 0x00, 0x00, 0x00, 0x00, 0x00, 0x00, 0x00, 0x00, 0x00, 0x00, 0x00, 0x00, 0x00, 0x00, 0x00, 0x00, 0x00, 0x00, 0x00, 0x00, 0x00, 0x00, 0x00,
  0x00, 0x00, 0x00, 0x00, 0x00, 0x00, 0x00, 0x00, 0x00, 0x00, 0x00, 0x00, 0x00, 0x00, 0x00, 0x00, 0xf4, 0x31, 0xe8, 0x83, 0xe8, 0xe4, 0xe8, 0xe4, 0xe8, 0xe4, 0xe8, 0xe4, 0xe8, 0xe4, 0xe8, 0xe4,
  0xe8, 0xe4, 0xe8, 0xe4, 0xe8, 0xe4, 0xe8, 0xe4, 0xe8, 0xc4, 0xe9, 0x66, 0x21, 0x04, 0x00, 0x00, 0x00, 0x00, 0x00, 0x00, 0x00, 0x00, 0x00, 0x00, 0x00, 0x00, 0x00, 0x00, 0x00, 0x00, 0x00, 0x00,
  0x00, 0x00, 0x00, 0x00, 0x00, 0x00, 0x00, 0x00, 0x00, 0x00, 0x00, 0x00, 0x00, 0x00, 0x00, 0x00, 0x00, 0x00, 0xf2, 0xcc, 0xe8, 0x83, 0xe8, 0xe4, 0xe8, 0xe4, 0xe8, 0xe4, 0xe8, 0xe4, 0xe8, 0xe4,
  0xe8, 0xe4, 0xe8, 0xe4, 0xe8, 0xe4, 0xe8, 0xe4, 0xe8, 0xe4, 0xe8, 0xe4, 0xe8, 0xe4, 0xe8, 0xe4, 0xe8, 0xe4, 0x72, 0xcb, 0x00, 0x00, 0x00, 0x00, 0x00, 0x00, 0x00, 0x00, 0x00, 0x00, 0x00, 0x00,
  0x00, 0x00, 0x00, 0x00, 0x00, 0x00, 0x00, 0x00, 0x00, 0x00, 0x00, 0x00, 0x00, 0x00, 0x00, 0x00, 0x00, 0x00, 0x00, 0x00, 0x00, 0x00, 0x00, 0x00, 0x00, 0x00, 0x00, 0x00, 0x00, 0x00, 0xe4, 0x72,
  0xe8, 0x83, 0xe8, 0xe4, 0xe8, 0xe4, 0xe8, 0xe4, 0xe8, 0xe4, 0xe8, 0xe4, 0xe8, 0xe4, 0xe8, 0xe4, 0xe8, 0xe4, 0xe8, 0xe4, 0xe8, 0xe4, 0xe8, 0xe4, 0xe8, 0xe4, 0xe8, 0xc4, 0xe9, 0x46, 0x39, 0x86,
  0x00, 0x00, 0x00, 0x00, 0x00, 0x00, 0x00, 0x00, 0x00, 0x00, 0x00, 0x00, 0x00, 0x00, 0x00, 0x00, 0x00, 0x00, 0x00, 0x00, 0x00, 0x00, 0x00, 0x00, 0x00, 0x00, 0x00, 0x00, 0x00, 0x00, 0x00, 0x00,
  0x00, 0x00, 0x00, 0x00, 0x00, 0x00, 0x00, 0x00, 0x00, 0x00, 0x00, 0x00, 0x00, 0x00, 0x00, 0x00, 0x00, 0x00, 0x00, 0x00, 0x00, 0x00, 0x00, 0x00, 0x00, 0x00, 0x00, 0x00, 0x00, 0x00, 0x00, 0x00,
  0x00, 0x00, 0x00, 0x00, 0x00, 0x00, 0x00, 0x00, 0x00, 0x00, 0x00, 0x00, 0x00, 0x00, 0x00, 0x00, 0x00, 0x00, 0x00, 0x00, 0x00, 0x00, 0x00, 0x00, 0x00, 0x00, 0x00, 0x00, 0x00, 0x00, 0x00, 0x00,
  0x00, 0x00, 0x00, 0x00, 0x00, 0x00, 0x00, 0x00, 0x00, 0x00, 0x00, 0x00, 0x00, 0x00, 0x00, 0x00, 0x00, 0x00, 0x00, 0x00, 0x00, 0x00, 0x00, 0x00, 0x00, 0x00, 0x00, 0x00, 0x00, 0x00, 0x00, 0x00,
  0x00, 0x00, 0x00, 0x00, 0x00, 0x00, 0x00, 0x00, 0x00, 0x00, 0x00, 0x00, 0x00, 0x00, 0x00, 0x00, 0x00, 0x00, 0x00, 0x00, 0x00, 0x00, 0x00, 0x00, 0x00, 0x00, 0x00, 0x00, 0x00, 0x00, 0x00, 0x00,
  0x00, 0x00, 0x00, 0x00, 0x00, 0x00, 0x00, 0x00, 0x00, 0x00, 0x00, 0x00, 0x00, 0x00, 0x00, 0x00, 0x00, 0x00, 0x00, 0x00, 0x00, 0x00, 0x00, 0x00, 0x00, 0x00, 0x00, 0x00, 0x00, 0x00, 0x00, 0x00,
  0x00, 0x00, 0x00, 0x00, 0x00, 0x00, 0x00, 0x00, 0x00, 0x00, 0x00, 0x00, 0x00, 0x00, 0x00, 0x00, 0x00, 0x00, 0x00, 0x00, 0x00, 0x00, 0x00, 0x00, 0x00, 0x00, 0x00, 0x00, 0x00, 0x00, 0x00, 0x00,
  0x00, 0x00, 0x00, 0x00, 0x00, 0x00, 0x00, 0x00, 0x00, 0x00, 0x00, 0x00, 0x00, 0x00, 0x00, 0x00, 0x00, 0x00, 0x00, 0x00, 0x00, 0x00, 0x00, 0x00, 0x00, 0x00, 0x00, 0x00, 0x00, 0x00, 0x00, 0x00,
  0x00, 0x00, 0x00, 0x00, 0x00, 0x00, 0x00, 0x00, 0x00, 0x00, 0x00, 0x00, 0x00, 0x00, 0x00, 0x00, 0x00, 0x00, 0x00, 0x00, 0x00, 0x00, 0x00, 0x00, 0x00, 0x00, 0x00, 0x00, 0x00, 0x00, 0x00, 0x00,
  0x00, 0x00, 0x00, 0x00, 0x00, 0x00, 0x00, 0x00, 0x00, 0x00, 0x00, 0x00, 0x00, 0x00, 0x00, 0x00, 0x00, 0x00, 0x00, 0x00, 0x00, 0x00, 0x00, 0x00, 0x00, 0x00, 0x00, 0x00, 0x00, 0x00, 0x00, 0x00,
  0x00, 0x00, 0x00, 0x00, 0x00, 0x00, 0x00, 0x00, 0x00, 0x00, 0x00, 0x00, 0x00, 0x00, 0x00, 0x00, 0x00, 0x00, 0x00, 0x00, 0x00, 0x00, 0x00, 0x00, 0x00, 0x00, 0x00, 0x00, 0x00, 0x00, 0x00, 0x00,
  0x00, 0x00, 0x00, 0x00, 0x00, 0x00, 0x00, 0x00, 0x00, 0x00, 0x00, 0x00, 0x00, 0x00, 0x00, 0x00, 0x00, 0x00, 0x00, 0x00, 0x00, 0x00, 0xe9, 0xc8, 0xe8, 0xa3, 0xe8, 0xe4, 0xe8, 0xe4, 0xe8, 0xe4,
  0xe8, 0xe4, 0xe8, 0xe4, 0xe8, 0xe4, 0xe8, 0xe4, 0xe8, 0xe4, 0xe8, 0xe4, 0xe8, 0xe4, 0xe8, 0x83, 0xf4, 0x92, 0x00, 0x00, 0x00, 0x00, 0x00, 0x00, 0x00, 0x00, 0x00, 0x00, 0x00, 0x00, 0x00, 0x00,
  0x00, 0x00, 0x00, 0x00, 0x00, 0x00, 0x00, 0x00, 0x00, 0x00, 0x00, 0x00, 0x00, 0x00, 0x00, 0x00, 0xf4, 0x51, 0xe8, 0x83, 0xe8, 0xe4, 0xe8, 0xe4, 0xe8, 0xe4, 0xe8, 0xe4, 0xe8, 0xe4, 0xe8, 0xe4,
  0xe8, 0xe4, 0xe8, 0xe4, 0xe8, 0xe4, 0xe8, 0xe4, 0xe8, 0x83, 0xf3, 0xcf, 0x00, 0x00, 0x00, 0x00, 0x00, 0x00, 0x00, 0x00, 0x00, 0x00, 0x00, 0x00, 0x00, 0x00, 0x00, 0x00, 0x00, 0x00, 0x00, 0x00,
  0x00, 0x00, 0x00, 0x00, 0x00, 0x00, 0x00, 0x00, 0x00, 0x00, 0x00, 0x00, 0x00, 0x00, 0x00, 0x00, 0x00, 0x00, 0x00, 0x00, 0x00, 0x00, 0x00, 0x00, 0xf4, 0x31, 0xe8, 0x83, 0xe8, 0xe4, 0xe8, 0xe4,
  0xe8, 0xe4, 0xe8, 0xe4, 0xe8, 0xe4, 0xe8, 0xe4, 0xe8, 0xe4, 0xe8, 0xe4, 0xe8, 0xe4, 0xe8, 0xe4, 0xe8, 0xc4, 0xe9, 0x66, 0x21, 0x04, 0x00, 0x00, 0x00, 0x00, 0x00, 0x00, 0x00, 0x00, 0x00, 0x00,
  0x00, 0x00, 0x00, 0x00, 0x00, 0x00, 0x00, 0x00, 0x00, 0x00, 0x00, 0x00, 0x00, 0x00, 0x00, 0x00, 0x00, 0x00, 0x00, 0x00, 0x00, 0x00, 0x00, 0x00, 0x83, 0x2c, 0xe8, 0xc4, 0xe8, 0xe4, 0xe8, 0xe4,
  0xe8, 0xe4, 0xe8, 0xe4, 0xe8, 0xe4, 0xe8, 0xe4, 0xe8, 0xe4, 0xe8, 0xe4, 0xe8, 0xe4, 0xe8, 0xe4, 0xe8, 0xe4, 0xe8, 0xe4, 0xe8, 0xe4, 0xe8, 0x83, 0xf3, 0x0d, 0x00, 0x00, 0x00, 0x00, 0x00, 0x00,
  0x00, 0x00, 0x00, 0x00, 0x00, 0x00, 0x00, 0x00, 0x00, 0x00, 0x00, 0x00, 0x00, 0x00, 0x00, 0x00, 0x00, 0x00, 0x00, 0x00, 0x00, 0x00, 0x00, 0x00, 0x00, 0x00, 0x00, 0x00, 0x00, 0x00, 0x00, 0x00,
  0x00, 0x00, 0x00, 0x00, 0x08, 0x41, 0xe9, 0xc8, 0xe8, 0xa3, 0xe8, 0xe4, 0xe8, 0xe4, 0xe8, 0xe4, 0xe8, 0xe4, 0xe8, 0xe4, 0xe8, 0xe4, 0xe8, 0xe4, 0xe8, 0xe4, 0xe8, 0xe4, 0xe8, 0xe4, 0xe8, 0xe4,
  0xe8, 0xe4, 0xe8, 0x83, 0xf3, 0xf0, 0x00, 0x00, 0x00, 0x00, 0x00, 0x00, 0x00, 0x00, 0x00, 0x00, 0x00, 0x00, 0x00, 0x00, 0x00, 0x00, 0x00, 0x00, 0x00, 0x00, 0x00, 0x00, 0x00, 0x00, 0x00, 0x00,
  0x00, 0x00, 0x00, 0x00, 0x00, 0x00, 0x00, 0x00, 0x00, 0x00, 0x00, 0x00, 0x00, 0x00, 0x00, 0x00, 0x00, 0x00, 0x00, 0x00, 0x00, 0x00, 0x00, 0x00, 0x00, 0x00, 0x00, 0x00, 0x00, 0x00, 0x00, 0x00,
  0x00, 0x00, 0x00, 0x00, 0x00, 0x00, 0x00, 0x00, 0x00, 0x00, 0x00, 0x00, 0x00, 0x00, 0x00, 0x00, 0x00, 0x00, 0x00, 0x00, 0x00, 0x00, 0x00, 0x00, 0x00, 0x00, 0x00, 0x00, 0x00, 0x00, 0x00, 0x00,
  0x00, 0x00, 0x00, 0x00, 0x00, 0x00, 0x00, 0x00, 0x00, 0x00, 0x00, 0x00, 0x00, 0x00, 0x00, 0x00, 0x00, 0x00, 0x00, 0x00, 0x00, 0x00, 0x00, 0x00, 0x00, 0x00, 0x00, 0x00, 0x00, 0x00, 0x00, 0x00,
  0x00, 0x00, 0x00, 0x00, 0x00, 0x00, 0x00, 0x00, 0x00, 0x00, 0x00, 0x00, 0x00, 0x00, 0x00, 0x00, 0x00, 0x00, 0x00, 0x00, 0x00, 0x00, 0x00, 0x00, 0x00, 0x00, 0x00, 0x00, 0x00, 0x00, 0x00, 0x00,
  0x00, 0x00, 0x00, 0x00, 0x00, 0x00, 0x00, 0x00, 0x00, 0x00, 0x00, 0x00, 0x00, 0x00, 0x00, 0x00, 0x00, 0x00, 0x00, 0x00, 0x00, 0x00, 0x00, 0x00, 0x00, 0x00, 0x00, 0x00, 0x00, 0x00, 0x00, 0x00,
  0x00, 0x00, 0x00, 0x00, 0x00, 0x00, 0x00, 0x00, 0x00, 0x00, 0x00, 0x00, 0x00, 0x00, 0x00, 0x00, 0x00, 0x00, 0x00, 0x00, 0x00, 0x00, 0x00, 0x00, 0x00, 0x00, 0x00, 0x00, 0x00, 0x00, 0x00, 0x00,
  0x00, 0x00, 0x00, 0x00, 0x00, 0x00, 0x00, 0x00, 0x00, 0x00, 0x00, 0x00, 0x00, 0x00, 0x00, 0x00, 0x00, 0x00, 0x00, 0x00, 0x00, 0x00, 0x00, 0x00, 0x00, 0x00, 0x00, 0x00, 0x00, 0x00, 0x00, 0x00,
  0x00, 0x00, 0x00, 0x00, 0x00, 0x00, 0x00, 0x00, 0x00, 0x00, 0x00, 0x00, 0x00, 0x00, 0x00, 0x00, 0x00, 0x00, 0x00, 0x00, 0x00, 0x00, 0x00, 0x00, 0x00, 0x00, 0x00, 0x00, 0x00, 0x00, 0x00, 0x00,
  0x00, 0x00, 0x00, 0x00, 0x00, 0x00, 0x00, 0x00, 0x00, 0x00, 0x00, 0x00, 0x00, 0x00, 0x00, 0x00, 0x00, 0x00, 0x00, 0x00, 0x00, 0x00, 0x00, 0x00, 0x00, 0x00, 0x00, 0x00, 0x00, 0x00, 0x00, 0x00,
  0x00, 0x00, 0x00, 0x00, 0x00, 0x00, 0x00, 0x00, 0x00, 0x00, 0x00, 0x00, 0x00, 0x00, 0x00, 0x00, 0x00, 0x00, 0x00, 0x00, 0x00, 0x00, 0x00, 0x00, 0x00, 0x00, 0x00, 0x00, 0x00, 0x00, 0x00, 0x00,
  0x00, 0x00, 0x00, 0x00, 0x00, 0x00, 0x00, 0x00, 0x00, 0x00, 0x00, 0x00, 0x00, 0x00, 0x00, 0x00, 0x00, 0x00, 0x00, 0x00, 0x00, 0x00, 0x00, 0x00, 0x00, 0x00, 0x00, 0x00, 0x6a, 0xab, 0xe8, 0xe4,
  0xe8, 0xe4, 0xe8, 0xe4, 0xe8, 0xe4, 0xe8, 0xe4, 0xe8, 0xe4, 0xe8, 0xe4, 0xe8, 0xe4, 0xe8, 0xe4, 0xe8, 0xe4, 0xe8, 0xe4, 0xe8, 0xe4, 0xe8, 0xa3, 0x9b, 0x8e, 0x00, 0x00, 0x00, 0x00, 0x00, 0x00,
  0x00, 0x00, 0x00, 0x00, 0x00, 0x00, 0x00, 0x00, 0x00, 0x00, 0x00, 0x00, 0x00, 0x00, 0x00, 0x00, 0x00, 0x00, 0x00, 0x00, 0x00, 0x00, 0x00, 0x00, 0xf4, 0x51, 0xe8, 0x83, 0xe8, 0xe4, 0xe8, 0xe4,
  0xe8, 0xe4, 0xe8, 0xe4, 0xe8, 0xe4, 0xe8, 0xe4, 0xe8, 0xe4, 0xe8, 0xe4, 0xe8, 0xe4, 0xe8, 0xe4, 0xe8, 0x83, 0xf3, 0xcf, 0x00, 0x00, 0x00, 0x00, 0x00, 0x00, 0x00, 0x00, 0x00, 0x00, 0x00, 0x00,
  0x00, 0x00, 0x00, 0x00, 0x00, 0x00, 0x00, 0x00, 0x00, 0x00, 0x00, 0x00, 0x00, 0x00, 0x00, 0x00, 0x00, 0x00, 0x00, 0x00, 0x00, 0x00, 0x00, 0x00, 0x00, 0x00, 0x00, 0x00, 0x00, 0x00, 0x00, 0x00,
  0xf4, 0x31, 0xe8, 0x83, 0xe8, 0xe4, 0xe8, 0xe4, 0xe8, 0xe4, 0xe8, 0xe4, 0xe8, 0xe4, 0xe8, 0xe4, 0xe8, 0xe4, 0xe8, 0xe4, 0xe8, 0xe4, 0xe8, 0xe4, 0xe8, 0xc4, 0xe9, 0x66, 0x21, 0x04, 0x00, 0x00,
  0x00, 0x00, 0x00, 0x00, 0x00, 0x00, 0x00, 0x00, 0x00, 0x00, 0x00, 0x00, 0x00, 0x00, 0x00, 0x00, 0x00, 0x00, 0x00, 0x00, 0x00, 0x00, 0x00, 0x00, 0x00, 0x00, 0x00, 0x00, 0x00, 0x00, 0x00, 0x00,
  0xf2, 0xab, 0xe8, 0x83, 0xe8, 0xe4, 0xe8, 0xe4, 0xe8, 0xe4, 0xe8, 0xe4, 0xe8, 0xe4, 0xe8, 0xe4, 0xe8, 0xe4, 0xe8, 0xe4, 0xe8, 0xe4, 0xe8, 0xe4, 0xe8, 0xe4, 0xe8, 0xe4, 0xe8, 0xc4, 0xe8, 0xe4,
  0x6a, 0x8a, 0x00, 0x00, 0x00, 0x00, 0x00, 0x00, 0x00, 0x00, 0x00, 0x00, 0x00, 0x00, 0x00, 0x00, 0x00, 0x00, 0x00, 0x00, 0x00, 0x00, 0x00, 0x00, 0x00, 0x00, 0x00, 0x00, 0x00, 0x00, 0x00, 0x00,
  0x00, 0x00, 0x00, 0x00, 0x00, 0x00, 0x00, 0x00, 0x00, 0x00, 0x00, 0x00, 0xf4, 0x92, 0xe8, 0x83, 0xe8, 0xe4, 0xe8, 0xe4, 0xe8, 0xe4, 0xe8, 0xe4, 0xe8, 0xe4, 0xe8, 0xe4, 0xe8, 0xe4, 0xe8, 0xe4,
  0xe8, 0xe4, 0xe8, 0xe4, 0xe8, 0xe4, 0xe8, 0xe4, 0xe8, 0xc4, 0xe9, 0x66, 0x21, 0x04, 0x00, 0x00, 0x00, 0x00, 0x00, 0x00, 0x00, 0x00, 0x00, 0x00, 0x00, 0x00, 0x00, 0x00, 0x00, 0x00, 0x00, 0x00,
  0x00, 0x00, 0x00, 0x00, 0x00, 0x00, 0x00, 0x00, 0x00, 0x00, 0x00, 0x00, 0x00, 0x00, 0x00, 0x00, 0x00, 0x00, 0x00, 0x00, 0x00, 0x00, 0x00, 0x00, 0x00, 0x00, 0x00, 0x00, 0x00, 0x00, 0x00, 0x00,
  0x00, 0x00, 0x00, 0x00, 0x00, 0x00, 0x00, 0x00, 0x00, 0x00, 0x00, 0x00, 0x00, 0x00, 0x00, 0x00, 0x00, 0x00, 0x00, 0x00, 0x00, 0x00, 0x00, 0x00, 0x00, 0x00, 0x00, 0x00, 0x00, 0x00, 0x00, 0x00,
  0x00, 0x00, 0x00, 0x00, 0x00, 0x00, 0x00, 0x00, 0x00, 0x00, 0x00, 0x00, 0x00, 0x00, 0x00, 0x00, 0x00, 0x00, 0x00, 0x00, 0x00, 0x00, 0x00, 0x00, 0x00, 0x00, 0x00, 0x00, 0x00, 0x00, 0x00, 0x00,
  0x00, 0x00, 0x00, 0x00, 0x00, 0x00, 0x00, 0x00, 0x00, 0x00, 0x00, 0x00, 0x00, 0x00, 0x00, 0x00, 0x00, 0x00, 0x00, 0x00, 0x00, 0x00, 0x00, 0x00, 0x00, 0x00, 0x00, 0x00, 0x00, 0x00, 0x00, 0x00,
  0x00, 0x00, 0x00, 0x00, 0x00, 0x00, 0x00, 0x00, 0x00, 0x00, 0x00, 0x00, 0x00, 0x00, 0x00, 0x00, 0x00, 0x00, 0x00, 0x00, 0x00, 0x00, 0x00, 0x00, 0x00, 0x00, 0x00, 0x00, 0x00, 0x00, 0x00, 0x00,
  0x00, 0x00, 0x00, 0x00, 0x00, 0x00, 0x00, 0x00, 0x00, 0x00, 0x00, 0x00, 0x00, 0x00, 0x00, 0x00, 0x00, 0x00, 0x00, 0x00, 0x00, 0x00, 0x00, 0x00, 0x00, 0x00, 0x00, 0x00, 0x00, 0x00, 0x00, 0x00,
  0x00, 0x00, 0x00, 0x00, 0x00, 0x00, 0x00, 0x00, 0x00, 0x00, 0x00, 0x00, 0x00, 0x00, 0x00, 0x00, 0x00, 0x00, 0x00, 0x00, 0x00, 0x00, 0x00, 0x00, 0x00, 0x00, 0x00, 0x00, 0x00, 0x00, 0x00, 0x00,
  0x00, 0x00, 0x00, 0x00, 0x00, 0x00, 0x00, 0x00, 0x00, 0x00, 0x00, 0x00, 0x00, 0x00, 0x00, 0x00, 0x00, 0x00, 0x00, 0x00, 0x00, 0x00, 0x00, 0x00, 0x00, 0x00, 0x00, 0x00, 0x00, 0x00, 0x00, 0x00,
  0x00, 0x00, 0x00, 0x00, 0x00, 0x00, 0x00, 0x00, 0x00, 0x00, 0x00, 0x00, 0x00, 0x00, 0x00, 0x00, 0x00, 0x00, 0x00, 0x00, 0x00, 0x00, 0x00, 0x00, 0x00, 0x00, 0x00, 0x00, 0x00, 0x00, 0x00, 0x00,
  0x00, 0x00, 0x00, 0x00, 0x00, 0x00, 0x00, 0x00, 0x00, 0x00, 0x00, 0x00, 0x00, 0x00, 0x00, 0x00, 0x00, 0x00, 0x00, 0x00, 0x00, 0x00, 0x00, 0x00, 0x00, 0x00, 0x00, 0x00, 0x00, 0x00, 0x00, 0x00,
  0x00, 0x00, 0x00, 0x00, 0x00, 0x00, 0x00, 0x00, 0x00, 0x00, 0x00, 0x00, 0x00, 0x00, 0x00, 0x00, 0x00, 0x00, 0x00, 0x00, 0x00, 0x00, 0x00, 0x00, 0x00, 0x00, 0x00, 0x00, 0x00, 0x00, 0x00, 0x00,
  0x00, 0x00, 0x00, 0x00, 0xf4, 0x31, 0xe8, 0x83, 0xe8, 0xe4, 0xe8, 0xe4, 0xe8, 0xe4, 0xe8, 0xe4, 0xe8, 0xe4, 0xe8, 0xe4, 0xe8, 0xe4, 0xe8, 0xe4, 0xe8, 0xe4, 0xe8, 0xe4, 0xe8, 0xc4, 0xe9, 0x25,
  0x49, 0xe7, 0x00, 0x00, 0x00, 0x00, 0x00, 0x00, 0x00, 0x00, 0x00, 0x00, 0x00, 0x00, 0x00, 0x00, 0x00, 0x00, 0x00, 0x00, 0x00, 0x00, 0x00, 0x00, 0x00, 0x00, 0x00, 0x00, 0x00, 0x00, 0x00, 0x00,
  0xf4, 0x51, 0xe8, 0x83, 0xe8, 0xe4, 0xe8, 0xe4, 0xe8, 0xe4, 0xe8, 0xe4, 0xe8, 0xe4, 0xe8, 0xe4, 0xe8, 0xe4, 0xe8, 0xe4, 0xe8, 0xe4, 0xe8, 0xe4, 0xe8, 0x83, 0xf3, 0xcf, 0x00, 0x00, 0x00, 0x00,
  0x00, 0x00, 0x00, 0x00, 0x00, 0x00, 0x00, 0x00, 0x00, 0x00, 0x00, 0x00, 0x00, 0x00, 0x00, 0x00, 0x00, 0x00, 0x00, 0x00, 0x00, 0x00, 0x00, 0x00, 0x00, 0x00, 0x00, 0x00, 0x00, 0x00, 0x00, 0x00,
  0x00, 0x00, 0x00, 0x00, 0x00, 0x00, 0x00, 0x00, 0xf4, 0x31, 0xe8, 0x83, 0xe8, 0xe4, 0xe8, 0xe4, 0xe8, 0xe4, 0xe8, 0xe4, 0xe8, 0xe4, 0xe8, 0xe4, 0xe8, 0xe4, 0xe8, 0xe4, 0xe8, 0xe4, 0xe8, 0xe4,
  0xe8, 0xc4, 0xe9, 0x66, 0x21, 0x04, 0x00, 0x00, 0x00, 0x00, 0x00, 0x00, 0x00, 0x00, 0x00, 0x00, 0x00, 0x00, 0x00, 0x00, 0x00, 0x00, 0x00, 0x00, 0x00, 0x00, 0x00, 0x00, 0x00, 0x00, 0x00, 0x00,
  0x00, 0x00, 0x00, 0x00, 0x00, 0x00, 0x9b, 0x6e, 0xe8, 0xc4, 0xe8, 0xe4, 0xe8, 0xe4, 0xe8, 0xe4, 0xe8, 0xe4, 0xe8, 0xe4, 0xe8, 0xe4, 0xe8, 0xe4, 0xe8, 0xe4, 0xe8, 0xe4, 0xe8, 0xe4, 0xe8, 0xe4,
  0xe8, 0xe4, 0xe8, 0xe4, 0xe8, 0x83, 0xf3, 0x2d, 0x00, 0x00, 0x00, 0x00, 0x00, 0x00, 0x00, 0x00, 0x00, 0x00, 0x00, 0x00, 0x00, 0x00, 0x00, 0x00, 0x00, 0x00, 0x00, 0x00, 0x00, 0x00, 0x00, 0x00,
  0x00, 0x00, 0x00, 0x00, 0x00, 0x00, 0x00, 0x00, 0x00, 0x00, 0x00, 0x00, 0x00, 0x00, 0x00, 0x00, 0x00, 0x00, 0x08, 0x61, 0xe9, 0xa7, 0xe8, 0xa3, 0xe8, 0xe4, 0xe8, 0xe4, 0xe8, 0xe4, 0xe8, 0xe4,
  0xe8, 0xe4, 0xe8, 0xe4, 0xe8, 0xe4, 0xe8, 0xe4, 0xe8, 0xe4, 0xe8, 0xe4, 0xe8, 0xe4, 0xe8, 0xe4, 0xe8, 0x83, 0xf4, 0x31, 0x00, 0x00, 0x00, 0x00, 0x00, 0x00, 0x00, 0x00, 0x00, 0x00, 0x00, 0x00,
  0x00, 0x00, 0x00, 0x00, 0x00, 0x00, 0x00, 0x00, 0x00, 0x00, 0x00, 0x00, 0x00, 0x00, 0x00, 0x00, 0x00, 0x00, 0x00, 0x00, 0x00, 0x00, 0x00, 0x00, 0x00, 0x00, 0x00, 0x00, 0x00, 0x00, 0x00, 0x00,
  0x00, 0x00, 0x00, 0x00, 0x00, 0x00, 0x00, 0x00, 0x00, 0x00, 0x00, 0x00, 0x00, 0x00, 0x00, 0x00, 0x00, 0x00, 0x00, 0x00, 0x00, 0x00, 0x00, 0x00, 0x00, 0x00, 0x00, 0x00, 0x00, 0x00, 0x00, 0x00,
  0x00, 0x00, 0x00, 0x00, 0x00, 0x00, 0x00, 0x00, 0x00, 0x00, 0x00, 0x00, 0x00, 0x00, 0x00, 0x00, 0x00, 0x00, 0x00, 0x00, 0x00, 0x00, 0x00, 0x00, 0x00, 0x00, 0x00, 0x00, 0x00, 0x00, 0x00, 0x00,
  0x00, 0x00, 0x00, 0x00, 0x00, 0x00, 0x00, 0x00, 0x00, 0x00, 0x00, 0x00, 0x00, 0x00, 0x00, 0x00, 0x00, 0x00, 0x00, 0x00, 0x00, 0x00, 0x00, 0x00, 0x00, 0x00, 0x00, 0x00, 0x00, 0x00, 0x00, 0x00,
  0x00, 0x00, 0x00, 0x00, 0x00, 0x00, 0x00, 0x00, 0x00, 0x00, 0x00, 0x00, 0x00, 0x00, 0x00, 0x00, 0x00, 0x00, 0x00, 0x00, 0x00, 0x00, 0x00, 0x00, 0x00, 0x00, 0x00, 0x00, 0x00, 0x00, 0x00, 0x00,
  0x00, 0x00, 0x00, 0x00, 0x00, 0x00, 0x00, 0x00, 0x00, 0x00, 0x00, 0x00, 0x00, 0x00, 0x00, 0x00, 0x00, 0x00, 0x00, 0x00, 0x00, 0x00, 0x00, 0x00, 0x00, 0x00, 0x00, 0x00, 0x00, 0x00, 0x00, 0x00,
  0x00, 0x00, 0x00, 0x00, 0x00, 0x00, 0x00, 0x00, 0x00, 0x00, 0x00, 0x00, 0x00, 0x00, 0x00, 0x00, 0x00, 0x00, 0x00, 0x00, 0x00, 0x00, 0x00, 0x00, 0x00, 0x00, 0x00, 0x00, 0x00, 0x00, 0x00, 0x00,
  0x00, 0x00, 0x00, 0x00, 0x00, 0x00, 0x00, 0x00, 0x00, 0x00, 0x00, 0x00, 0x00, 0x00, 0x00, 0x00, 0x00, 0x00, 0x00, 0x00, 0x00, 0x00, 0x00, 0x00, 0x00, 0x00, 0x00, 0x00, 0x00, 0x00, 0x00, 0x00,
  0x00, 0x00, 0x00, 0x00, 0x00, 0x00, 0x00, 0x00, 0x00, 0x00, 0x00, 0x00, 0x00, 0x00, 0x00, 0x00, 0x00, 0x00, 0x00, 0x00, 0x00, 0x00, 0x00, 0x00, 0x00, 0x00, 0x00, 0x00, 0x00, 0x00, 0x00, 0x00,
  0x00, 0x00, 0x00, 0x00, 0x00, 0x00, 0x00, 0x00, 0x00, 0x00, 0x00, 0x00, 0x00, 0x00, 0x00, 0x00, 0x00, 0x00, 0x00, 0x00, 0x00, 0x00, 0x00, 0x00, 0x00, 0x00, 0x00, 0x00, 0x00, 0x00, 0x00, 0x00,
  0x00, 0x00, 0x00, 0x00, 0x00, 0x00, 0x00, 0x00, 0x00, 0x00, 0x00, 0x00, 0x00, 0x00, 0x00, 0x00, 0x00, 0x00, 0x00, 0x00, 0x00, 0x00, 0x00, 0x00, 0x00, 0x00, 0x00, 0x00, 0x00, 0x00, 0x00, 0x00,
  0x00, 0x00, 0x00, 0x00, 0x00, 0x00, 0x00, 0x00, 0x00, 0x00, 0x00, 0x00, 0xf2, 0x29, 0xe8, 0xa3, 0xe8, 0xe4, 0xe8, 0xe4, 0xe8, 0xe4, 0xe8, 0xe4, 0xe8, 0xe4, 0xe8, 0xe4, 0xe8, 0xe4, 0xe8, 0xe4,
  0xe8, 0xe4, 0xe8, 0xe4, 0xe8, 0xa3, 0xe9, 0xe8, 0x00, 0x00, 0x00, 0x00, 0x00, 0x00, 0x00, 0x00, 0x00, 0x00, 0x00, 0x00, 0x00, 0x00, 0x00, 0x00, 0x00, 0x00, 0x00, 0x00, 0x00, 0x00, 0x00, 0x00,
  0x00, 0x00, 0x00, 0x00, 0x00, 0x00, 0x00, 0x00, 0xf4, 0x51, 0xe8, 0x83, 0xe8, 0xe4, 0xe8, 0xe4, 0xe8, 0xe4, 0xe8, 0xe4, 0xe8, 0xe4, 0xe8, 0xe4, 0xe8, 0xe4, 0xe8, 0xe4, 0xe8, 0xe4, 0xe8, 0xe4,
  0xe8, 0x83, 0xf3, 0xcf, 0x00, 0x00, 0x00, 0x00, 0x00, 0x00, 0x00, 0x00, 0x00, 0x00, 0x00, 0x00, 0x00, 0x00, 0x00, 0x00, 0x00, 0x00, 0x00, 0x00, 0x00, 0x00, 0x00, 0x00, 0x00, 0x00, 0x00, 0x00,
  0x00, 0x00, 0x00, 0x00, 0x00, 0x00, 0x00, 0x00, 0x00, 0x00, 0x00, 0x00, 0x00, 0x00, 0x00, 0x00, 0xf4, 0x31, 0xe8, 0x83, 0xe8, 0xe4, 0xe8, 0xe4, 0xe8, 0xe4, 0xe8, 0xe4, 0xe8, 0xe4, 0xe8, 0xe4,
  0xe8, 0xe4, 0xe8, 0xe4, 0xe8, 0xe4, 0xe8, 0xe4, 0xe8, 0xc4, 0xe9, 0x66, 0x21, 0x04, 0x00, 0x00, 0x00, 0x00, 0x00, 0x00, 0x00, 0x00, 0x00, 0x00, 0x00, 0x00, 0x00, 0x00, 0x00, 0x00, 0x00, 0x00,
  0x00, 0x00, 0x00, 0x00, 0x00, 0x00, 0x00, 0x00, 0x00, 0x00, 0x00, 0x00, 0x00, 0x00, 0xf2, 0x8b, 0xe8, 0x83, 0xe8, 0xe4, 0xe8, 0xe4, 0xe8, 0xe4, 0xe8, 0xe4, 0xe8, 0xe4, 0xe8, 0xe4, 0xe8, 0xe4,
  0xe8, 0xe4, 0xe8, 0xe4, 0xe8, 0xe4, 0xe8, 0xe4, 0xe8, 0xe4, 0xe8, 0xc4, 0xe9, 0x05, 0x62, 0x69, 0x00, 0x00, 0x00, 0x00, 0x00, 0x00, 0x00, 0x00, 0x00, 0x00, 0x00, 0x00, 0x00, 0x00, 0x00, 0x00,
  0x00, 0x00, 0x00, 0x00, 0x00, 0x00, 0x00, 0x00, 0x00, 0x00, 0x00, 0x00, 0x00, 0x00, 0x00, 0x00, 0x00, 0x00, 0x00, 0x00, 0x00, 0x00, 0x00, 0x00, 0x00, 0x00, 0xf4, 0x72, 0xe8, 0x83, 0xe8, 0xe4,
  0xe8, 0xe4, 0xe8, 0xe4, 0xe8, 0xe4, 0xe8, 0xe4, 0xe8, 0xe4, 0xe8, 0xe4, 0xe8, 0xe4, 0xe8, 0xe4, 0xe8, 0xe4, 0xe8, 0xe4, 0xe8, 0xe4, 0xe8, 0xa3, 0xe9, 0xa7, 0x10, 0x82, 0x00, 0x00, 0x00, 0x00,
  0x00, 0x00, 0x00, 0x00, 0x00, 0x00, 0x00, 0x00, 0x00, 0x00, 0x00, 0x00, 0x00, 0x00, 0x00, 0x00, 0x00, 0x00, 0x00, 0x00, 0x00, 0x00, 0x00, 0x00, 0x00, 0x00, 0x00, 0x00, 0x00, 0x00, 0x00, 0x00,
  0x00, 0x00, 0x00, 0x00, 0x00, 0x00, 0x00, 0x00, 0x00, 0x00, 0x00, 0x00, 0x00, 0x00, 0x00, 0x00, 0x00, 0x00, 0x00, 0x00, 0x00, 0x00, 0x00, 0x00, 0x00, 0x00, 0x00, 0x00, 0x00, 0x00, 0x00, 0x00,
  0x00, 0x00, 0x00, 0x00, 0x00, 0x00, 0x00, 0x00, 0x00, 0x00, 0x00, 0x00, 0x00, 0x00, 0x00, 0x00, 0x00, 0x00, 0x00, 0x00, 0x00, 0x00, 0x00, 0x00, 0x00, 0x00, 0x00, 0x00, 0x00, 0x00, 0x00, 0x00,
  0x00, 0x00, 0x00, 0x00, 0x00, 0x00, 0x00, 0x00, 0x00, 0x00, 0x00, 0x00, 0x00, 0x00, 0x00, 0x00, 0x00, 0x00, 0x00, 0x00, 0x00, 0x00, 0x00, 0x00, 0x00, 0x00, 0x00, 0x00, 0x00, 0x00, 0x00, 0x00,
  0x00, 0x00, 0x00, 0x00, 0x00, 0x00, 0x00, 0x00, 0x00, 0x00, 0x00, 0x00, 0x00, 0x00, 0x00, 0x00, 0x00, 0x00, 0x00, 0x00, 0x00, 0x00, 0x00, 0x00, 0x00, 0x00, 0x00, 0x00, 0x00, 0x00, 0x00, 0x00,
  0x00, 0x00, 0x00, 0x00, 0x00, 0x00, 0x00, 0x00, 0x00, 0x00, 0x00, 0x00, 0x00, 0x00, 0x00, 0x00, 0x00, 0x00, 0x00, 0x00, 0x00, 0x00, 0x00, 0x00, 0x00, 0x00, 0x00, 0x00, 0x00, 0x00, 0x00, 0x00,
  0x00, 0x00, 0x00, 0x00, 0x00, 0x00, 0x00, 0x00, 0x00, 0x00, 0x00, 0x00, 0x00, 0x00, 0x00, 0x00, 0x00, 0x00, 0x00, 0x00, 0x00, 0x00, 0x00, 0x00, 0x00, 0x00, 0x00, 0x00, 0x00, 0x00, 0x00, 0x00,
  0x00, 0x00, 0x00, 0x00, 0x00, 0x00, 0x00, 0x00, 0x00, 0x00, 0x00, 0x00, 0x00, 0x00, 0x00, 0x00, 0x00, 0x00, 0x00, 0x00, 0x00, 0x00, 0x00, 0x00, 0x00, 0x00, 0x00, 0x00, 0x00, 0x00, 0x00, 0x00,
  0x00, 0x00, 0x00, 0x00, 0x00, 0x00, 0x00, 0x00, 0x00, 0x00, 0x00, 0x00, 0x00, 0x00, 0x00, 0x00, 0x00, 0x00, 0x00, 0x00, 0x00, 0x00, 0x00, 0x00, 0x00, 0x00, 0x00, 0x00, 0x00, 0x00, 0x00, 0x00,
  0x00, 0x00, 0x00, 0x00, 0x00, 0x00, 0x00, 0x00, 0x00, 0x00, 0x00, 0x00, 0x00, 0x00, 0x00, 0x00, 0x00, 0x00, 0x00, 0x00, 0x00, 0x00, 0x00, 0x00, 0x00, 0x00, 0x00, 0x00, 0x00, 0x00, 0x00, 0x00,
  0x00, 0x00, 0x00, 0x00, 0x00, 0x00, 0x00, 0x00, 0x00, 0x00, 0x00, 0x00, 0x00, 0x00, 0x00, 0x00, 0x00, 0x00, 0x00, 0x00, 0x00, 0x00, 0x00, 0x00, 0x00, 0x00, 0x00, 0x00, 0x00, 0x00, 0x00, 0x00,
  0x00, 0x00, 0x00, 0x00, 0x00, 0x00, 0x00, 0x00, 0x00, 0x00, 0x00, 0x00, 0x00, 0x00, 0x00, 0x00, 0x00, 0x00, 0x8b, 0x4d, 0xe8, 0xc4, 0xe8, 0xe4, 0xe8, 0xe4, 0xe8, 0xe4, 0xe8, 0xe4, 0xe8, 0xe4,
  0xe8, 0xe4, 0xe8, 0xe4, 0xe8, 0xe4, 0xe8, 0xe4, 0xe8, 0xe4, 0xe8, 0xe4, 0xe8, 0x83, 0xf3, 0x2d, 0x00, 0x00, 0x00, 0x00, 0x00, 0x00, 0x00, 0x00, 0x00, 0x00, 0x00, 0x00, 0x00, 0x00, 0x00, 0x00,
  0x00, 0x00, 0x00, 0x00, 0x00, 0x00, 0x00, 0x00, 0x00, 0x00, 0x00, 0x00, 0x00, 0x00, 0x00, 0x00, 0xf4, 0x51, 0xe8, 0x83, 0xe8, 0xe4, 0xe8, 0xe4, 0xe8, 0xe4, 0xe8, 0xe4, 0xe8, 0xe4, 0xe8, 0xe4,
  0xe8, 0xe4, 0xe8, 0xe4, 0xe8, 0xe4, 0xe8, 0xe4, 0xe8, 0x83, 0xf3, 0xcf, 0x00, 0x00, 0x00, 0x00, 0x00, 0x00, 0x00, 0x00, 0x00, 0x00, 0x00, 0x00, 0x00, 0x00, 0x00, 0x00, 0x00, 0x00, 0x00, 0x00,
  0x00, 0x00, 0x00, 0x00, 0x00, 0x00, 0x00, 0x00, 0x00, 0x00, 0x00, 0x00, 0x00, 0x00, 0x00, 0x00, 0x00, 0x00, 0x00, 0x00, 0x00, 0x00, 0x00, 0x00, 0xf4, 0x31, 0xe8, 0x83, 0xe8, 0xe4, 0xe8, 0xe4,
  0xe8, 0xe4, 0xe8, 0xe4, 0xe8, 0xe4, 0xe8, 0xe4, 0xe8, 0xe4, 0xe8, 0xe4, 0xe8, 0xe4, 0xe8, 0xe4, 0xe8, 0xc4, 0xe9, 0x66, 0x21, 0x04, 0x00, 0x00, 0x00, 0x00, 0x00, 0x00, 0x00, 0x00, 0x00, 0x00,
  0x00, 0x00, 0x00, 0x00, 0x00, 0x00, 0x00, 0x00, 0x00, 0x00, 0x00, 0x00, 0x00, 0x00, 0x00, 0x00, 0x00, 0x00, 0x00, 0x00, 0xa3, 0xae, 0xe8, 0xc4, 0xe8, 0xe4, 0xe8, 0xe4, 0xe8, 0xe4, 0xe8, 0xe4,
  0xe8, 0xe4, 0xe8, 0xe4, 0xe8, 0xe4, 0xe8, 0xe4, 0xe8, 0xe4, 0xe8, 0xe4, 0xe8, 0xe4, 0xe8, 0xe4, 0xe8, 0xe4, 0xe8, 0x83, 0xf3, 0x4d, 0x00, 0x00, 0x00, 0x00, 0x00, 0x00, 0x00, 0x00, 0x00, 0x00,
  0x00, 0x00, 0x00, 0x00, 0x00, 0x00, 0x00, 0x00, 0x00, 0x00, 0x00, 0x00, 0x00, 0x00, 0x00, 0x00, 0x00, 0x00, 0x00, 0x00, 0x00, 0x00, 0x00, 0x00, 0x00, 0x00, 0x00, 0x00, 0x00, 0x00, 0x00, 0x00,
  0x10, 0xa2, 0xe9, 0xa7, 0xe8, 0xa3, 0xe8, 0xe4, 0xe8, 0xe4, 0xe8, 0xe4, 0xe8, 0xe4, 0xe8, 0xe4, 0xe8, 0xe4, 0xe8, 0xe4, 0xe8, 0xe4, 0xe8, 0xe4, 0xe8, 0xe4, 0xe8, 0xe4, 0xe8, 0xe4, 0xe8, 0x83,
  0xf4, 0x72, 0x00, 0x00, 0x00, 0x00, 0x00, 0x00, 0x00, 0x00, 0x00, 0x00, 0x00, 0x00, 0x00, 0x00, 0x00, 0x00, 0x00, 0x00, 0x00, 0x00, 0x00, 0x00, 0x00, 0x00, 0x00, 0x00, 0x00, 0x00, 0x00, 0x00,
  0x00, 0x00, 0x00, 0x00, 0x00, 0x00, 0x00, 0x00, 0x00, 0x00, 0x00, 0x00, 0x00, 0x00, 0x00, 0x00, 0x00, 0x00, 0x00, 0x00, 0x00, 0x00, 0x00, 0x00, 0x00, 0x00, 0x00, 0x00, 0x00, 0x00, 0x00, 0x00,
  0x00, 0x00, 0x00, 0x00, 0x00, 0x00, 0x00, 0x00, 0x00, 0x00, 0x00, 0x00, 0x00, 0x00, 0x00, 0x00, 0x00, 0x00, 0x00, 0x00, 0x00, 0x00, 0x00, 0x00, 0x00, 0x00, 0x00, 0x00, 0x00, 0x00, 0x00, 0x00,
  0x00, 0x00, 0x00, 0x00, 0x00, 0x00, 0x00, 0x00, 0x00, 0x00, 0x00, 0x00, 0x00, 0x00, 0x00, 0x00, 0x00, 0x00, 0x00, 0x00, 0x00, 0x00, 0x00, 0x00, 0x00, 0x00, 0x00, 0x00, 0x00, 0x00, 0x00, 0x00,
  0x00, 0x00, 0x00, 0x00, 0x00, 0x00, 0x00, 0x00, 0x00, 0x00, 0x00, 0x00, 0x00, 0x00, 0x00, 0x00, 0x00, 0x00, 0x00, 0x00, 0x00, 0x00, 0x00, 0x00, 0x00, 0x00, 0x00, 0x00, 0x00, 0x00, 0x00, 0x00,
  0x00, 0x00, 0x00, 0x00, 0x00, 0x00, 0x00, 0x00, 0x00, 0x00, 0x00, 0x00, 0x00, 0x00, 0x00, 0x00, 0x00, 0x00, 0x00, 0x00, 0x00, 0x00, 0x00, 0x00, 0x00, 0x00, 0x00, 0x00, 0x00, 0x00, 0x00, 0x00,
  0x00, 0x00, 0x00, 0x00, 0x00, 0x00, 0x00, 0x00, 0x00, 0x00, 0x00, 0x00, 0x00, 0x00, 0x00, 0x00, 0x00, 0x00, 0x00, 0x00, 0x00, 0x00, 0x00, 0x00, 0x00, 0x00, 0x00, 0x00, 0x00, 0x00, 0x00, 0x00,
  0x00, 0x00, 0x00, 0x00, 0x00, 0x00, 0x00, 0x00, 0x00, 0x00, 0x00, 0x00, 0x00, 0x00, 0x00, 0x00, 0x00, 0x00, 0x00, 0x00, 0x00, 0x00, 0x00, 0x00, 0x00, 0x00, 0x00, 0x00, 0x00, 0x00, 0x00, 0x00,
  0x00, 0x00, 0x00, 0x00, 0x00, 0x00, 0x00, 0x00, 0x00, 0x00, 0x00, 0x00, 0x00, 0x00, 0x00, 0x00, 0x00, 0x00, 0x00, 0x00, 0x00, 0x00, 0x00, 0x00, 0x00, 0x00, 0x00, 0x00, 0x00, 0x00, 0x00, 0x00,
  0x00, 0x00, 0x00, 0x00, 0x00, 0x00, 0x00, 0x00, 0x00, 0x00, 0x00, 0x00, 0x00, 0x00, 0x00, 0x00, 0x00, 0x00, 0x00, 0x00, 0x00, 0x00, 0x00, 0x00, 0x00, 0x00, 0x00, 0x00, 0x00, 0x00, 0x00, 0x00,
  0x00, 0x00, 0x00, 0x00, 0x00, 0x00, 0x00, 0x00, 0x00, 0x00, 0x00, 0x00, 0x00, 0x00, 0x00, 0x00, 0x00, 0x00, 0x00, 0x00, 0x00, 0x00, 0x00, 0x00, 0x00, 0x00, 0x00, 0x00, 0x00, 0x00, 0x00, 0x00,
  0x00, 0x00, 0x00, 0x00, 0x00, 0x00, 0x00, 0x00, 0x00, 0x00, 0x00, 0x00, 0x00, 0x00, 0x00, 0x00, 0x00, 0x00, 0x00, 0x00, 0x00, 0x00, 0x00, 0x00, 0x00, 0x00, 0xf2, 0xec, 0xe8, 0x83, 0xe8, 0xe4,
  0xe8, 0xe4, 0xe8, 0xe4, 0xe8, 0xe4, 0xe8, 0xe4, 0xe8, 0xe4, 0xe8, 0xe4, 0xe8, 0xe4, 0xe8, 0xe4, 0xe8, 0xe4, 0xe8, 0xe4, 0xe8, 0xa3, 0xec, 0x72, 0x00, 0x00, 0x00, 0x00, 0x00, 0x00, 0x00, 0x00,
  0x00, 0x00, 0x00, 0x00, 0x00, 0x00, 0x00, 0x00, 0x00, 0x00, 0x00, 0x00, 0x00, 0x00, 0x00, 0x00, 0x00, 0x00, 0x00, 0x00, 0x00, 0x00, 0x00, 0x00, 0xf4, 0x51, 0xe8, 0x83, 0xe8, 0xe4, 0xe8, 0xe4,
  0xe8, 0xe4, 0xe8, 0xe4, 0xe8, 0xe4, 0xe8, 0xe4, 0xe8, 0xe4, 0xe8, 0xe4, 0xe8, 0xe4, 0xe8, 0xe4, 0xe8, 0x83, 0xf3, 0xcf, 0x00, 0x00, 0x00, 0x00, 0x00, 0x00, 0x00, 0x00, 0x00, 0x00, 0x00, 0x00,
  0x00, 0x00, 0x00, 0x00, 0x00, 0x00, 0x00, 0x00, 0x00, 0x00, 0x00, 0x00, 0x00, 0x00, 0x00, 0x00, 0x00, 0x00, 0x00, 0x00, 0x00, 0x00, 0x00, 0x00, 0x00, 0x00, 0x00, 0x00, 0x00, 0x00, 0x00, 0x00,
  0xf4, 0x31, 0xe8, 0x83, 0xe8, 0xe4, 0xe8, 0xe4, 0xe8, 0xe4, 0xe8, 0xe4, 0xe8, 0xe4, 0xe8, 0xe4, 0xe8, 0xe4, 0xe8, 0xe4, 0xe8, 0xe4, 0xe8, 0xe4, 0xe8, 0xc4, 0xe9, 0x66, 0x21, 0x04, 0x00, 0x00,
  0x00, 0x00, 0x00, 0x00, 0x00, 0x00, 0x00, 0x00, 0x00, 0x00, 0x00, 0x00, 0x00, 0x00, 0x00, 0x00, 0x00, 0x00, 0x00, 0x00, 0x00, 0x00, 0x00, 0x00, 0x00, 0x00, 0x00, 0x00, 0xf2, 0x6a, 0xe8, 0x83,
  0xe8, 0xe4, 0xe8, 0xe4, 0xe8, 0xe4, 0xe8, 0xe4, 0xe8, 0xe4, 0xe8, 0xe4, 0xe8, 0xe4, 0xe8, 0xe4, 0xe8, 0xe4, 0xe8, 0xe4, 0xe8, 0xe4, 0xe8, 0xe4, 0xe8, 0xc4, 0xe9, 0x05, 0x5a, 0x49, 0x00, 0x00,
  0x00, 0x00, 0x00, 0x00, 0x00, 0x00, 0x00, 0x00, 0x00, 0x00, 0x00, 0x00, 0x00, 0x00, 0x00, 0x00, 0x00, 0x00, 0x00, 0x00, 0x00, 0x00, 0x00, 0x00, 0x00, 0x00, 0x00, 0x00, 0x00, 0x00, 0x00, 0x00,
  0x00, 0x00, 0x00, 0x00, 0x00, 0x00, 0x00, 0x00, 0xf4, 0x31, 0xe8, 0x83, 0xe8, 0xe4, 0xe8, 0xe4, 0xe8, 0xe4, 0xe8, 0xe4, 0xe8, 0xe4, 0xe8, 0xe4, 0xe8, 0xe4, 0xe8, 0xe4, 0xe8, 0xe4, 0xe8, 0xe4,
  0xe8, 0xe4, 0xe8, 0xe4, 0xe8, 0xa3, 0xe9, 0xc8, 0x00, 0x20, 0x00, 0x00, 0x00, 0x00, 0x00, 0x00, 0x00, 0x00, 0x00, 0x00, 0x00, 0x00, 0x00, 0x00, 0x00, 0x00, 0x00, 0x00, 0x00, 0x00, 0x00, 0x00,
  0x00, 0x00, 0x00, 0x00, 0x00, 0x00, 0x00, 0x00, 0x00, 0x00, 0x00, 0x00, 0x00, 0x00, 0x00, 0x00, 0x00, 0x00, 0x00, 0x00, 0x00, 0x00, 0x00, 0x00, 0x00, 0x00, 0x00, 0x00, 0x00, 0x00, 0x00, 0x00,
  0x00, 0x00, 0x00, 0x00, 0x00, 0x00, 0x00, 0x00, 0x00, 0x00, 0x00, 0x00, 0x00, 0x00, 0x00, 0x00, 0x00, 0x00, 0x00, 0x00, 0x00, 0x00, 0x00, 0x00, 0x00, 0x00, 0x00, 0x00, 0x00, 0x00, 0x00, 0x00,
  0x00, 0x00, 0x00, 0x00, 0x00, 0x00, 0x00, 0x00, 0x00, 0x00, 0x00, 0x00, 0x00, 0x00, 0x00, 0x00, 0x00, 0x00, 0x00, 0x00, 0x00, 0x00, 0x00, 0x00, 0x00, 0x00, 0x00, 0x00, 0x00, 0x00, 0x00, 0x00,
  0x00, 0x00, 0x00, 0x00, 0x00, 0x00, 0x00, 0x00, 0x00, 0x00, 0x00, 0x00, 0x00, 0x00, 0x00, 0x00, 0x00, 0x00, 0x00, 0x00, 0x00, 0x00, 0x00, 0x00, 0x00, 0x00, 0x00, 0x00, 0x00, 0x00, 0x00, 0x00,
  0x00, 0x00, 0x00, 0x00, 0x00, 0x00, 0x00, 0x00, 0x00, 0x00, 0x00, 0x00, 0x00, 0x00, 0x00, 0x00, 0x00, 0x00, 0x00, 0x00, 0x00, 0x00, 0x00, 0x00, 0x00, 0x00, 0x00, 0x00, 0x00, 0x00, 0x00, 0x00,
  0x00, 0x00, 0x00, 0x00, 0x00, 0x00, 0x00, 0x00, 0x00, 0x00, 0x00, 0x00, 0x00, 0x00, 0x00, 0x00, 0x00, 0x00, 0x00, 0x00, 0x00, 0x00, 0x00, 0x00, 0x00, 0x00, 0x00, 0x00, 0x00, 0x00, 0x00, 0x00,
  0x00, 0x00, 0x00, 0x00, 0x00, 0x00, 0x00, 0x00, 0x00, 0x00, 0x00, 0x00, 0x00, 0x00, 0x00, 0x00, 0x00, 0x00, 0x00, 0x00, 0x00, 0x00, 0x00, 0x00, 0x00, 0x00, 0x00, 0x00, 0x00, 0x00, 0x00, 0x00,
  0x00, 0x00, 0x00, 0x00, 0x00, 0x00, 0x00, 0x00, 0x00, 0x00, 0x00, 0x00, 0x00, 0x00, 0x00, 0x00, 0x00, 0x00, 0x00, 0x00, 0x00, 0x00, 0x00, 0x00, 0x00, 0x00, 0x00, 0x00, 0x00, 0x00, 0x00, 0x00,
  0x00, 0x00, 0x00, 0x00, 0x00, 0x00, 0x00, 0x00, 0x00, 0x00, 0x00, 0x00, 0x00, 0x00, 0x00, 0x00, 0x00, 0x00, 0x00, 0x00, 0x00, 0x00, 0x00, 0x00, 0x00, 0x00, 0x00, 0x00, 0x00, 0x00, 0x00, 0x00,
  0x00, 0x00, 0x00, 0x00, 0x00, 0x00, 0x00, 0x00, 0x00, 0x00, 0x00, 0x00, 0x00, 0x00, 0x00, 0x00, 0x00, 0x00, 0x00, 0x00, 0x00, 0x00, 0x00, 0x00, 0x00, 0x00, 0x00, 0x00, 0x00, 0x00, 0x00, 0x00,
  0x00, 0x00, 0x00, 0x00, 0x00, 0x00, 0x00, 0x00, 0x00, 0x00, 0x00, 0x00, 0x00, 0x00, 0x00, 0x00, 0x00, 0x00, 0x00, 0x00, 0x00, 0x00, 0x00, 0x00, 0x00, 0x00, 0x00, 0x00, 0x00, 0x00, 0x00, 0x00,
  0x8b, 0x2d, 0xe8, 0xe4, 0xe8, 0xe4, 0xe8, 0xe4, 0xe8, 0xe4, 0xe8, 0xe4, 0xe8, 0xe4, 0xe8, 0xe4, 0xe8, 0xe4, 0xe8, 0xe4, 0xe8, 0xe4, 0xe8, 0xe4, 0xe8, 0xe4, 0xe8, 0xc4, 0xe9, 0x05, 0x5a, 0x69,
  0x00, 0x00, 0x00, 0x00, 0x00, 0x00, 0x00, 0x00, 0x00, 0x00, 0x00, 0x00, 0x00, 0x00, 0x00, 0x00, 0x00, 0x00, 0x00, 0x00, 0x00, 0x00, 0x00, 0x00, 0x00, 0x00, 0x00, 0x00, 0x00, 0x00, 0x00, 0x00,
  0xf4, 0x51, 0xe8, 0x83, 0xe8, 0xe4, 0xe8, 0xe4, 0xe8, 0xe4, 0xe8, 0xe4, 0xe8, 0xe4, 0xe8, 0xe4, 0xe8, 0xe4, 0xe8, 0xe4, 0xe8, 0xe4, 0xe8, 0xe4, 0xe8, 0x83, 0xf3, 0xcf, 0x00, 0x00, 0x00, 0x00,
  0x00, 0x00, 0x00, 0x00, 0x00, 0x00, 0x00, 0x00, 0x00, 0x00, 0x00, 0x00, 0x00, 0x00, 0x00, 0x00, 0x00, 0x00, 0x00, 0x00, 0x00, 0x00, 0x00, 0x00, 0x00, 0x00, 0x00, 0x00, 0x00, 0x00, 0x00, 0x00,
  0x00, 0x00, 0x00, 0x00, 0x00, 0x00, 0x00, 0x00, 0xf4, 0x31, 0xe8, 0x83, 0xe8, 0xe4, 0xe8, 0xe4, 0xe8, 0xe4, 0xe8, 0xe4, 0xe8, 0xe4, 0xe8, 0xe4, 0xe8, 0xe4, 0xe8, 0xe4, 0xe8, 0xe4, 0xe8, 0xe4,
  0xe8, 0xc4, 0xe9, 0x66, 0x21, 0x04, 0x00, 0x00, 0x00, 0x00, 0x00, 0x00, 0x00, 0x00, 0x00, 0x00, 0x00, 0x00, 0x00, 0x00, 0x00, 0x00, 0x00, 0x00, 0x00, 0x00, 0x00, 0x00, 0x00, 0x00, 0x00, 0x00,
  0x00, 0x00, 0xb3, 0xef, 0xe8, 0xa3, 0xe8, 0xe4, 0xe8, 0xe4, 0xe8, 0xe4, 0xe8, 0xe4, 0xe8, 0xe4, 0xe8, 0xe4, 0xe8, 0xe4, 0xe8, 0xe4, 0xe8, 0xe4, 0xe8, 0xe4, 0xe8, 0xe4, 0xe8, 0xe4, 0xe8, 0xe4,
  0xe8, 0x83, 0xf3, 0x6e, 0x00, 0x00, 0x00, 0x00, 0x00, 0x00, 0x00, 0x00, 0x00, 0x00, 0x00, 0x00, 0x00, 0x00, 0x00, 0x00, 0x00, 0x00, 0x00, 0x00, 0x00, 0x00, 0x00, 0x00, 0x00, 0x00, 0x00, 0x00,
  0x00, 0x00, 0x00, 0x00, 0x00, 0x00, 0x00, 0x00, 0x00, 0x00, 0x00, 0x00, 0x00, 0x00, 0x20, 0xe3, 0xe9, 0x86, 0xe8, 0xc4, 0xe8, 0xe4, 0xe8, 0xe4, 0xe8, 0xe4, 0xe8, 0xe4, 0xe8, 0xe4, 0xe8, 0xe4,
  0xe8, 0xe4, 0xe8, 0xe4, 0xe8, 0xe4, 0xe8, 0xe4, 0xe8, 0xe4, 0xe8, 0xe4, 0xe8, 0xa3, 0xe4, 0x71, 0x00, 0x00, 0x00, 0x00, 0x00, 0x00, 0x00, 0x00, 0x00, 0x00, 0x00, 0x00, 0x00, 0x00, 0x00, 0x00,
  0x00, 0x00, 0x00, 0x00, 0x00, 0x00, 0x00, 0x00, 0x00, 0x00, 0x00, 0x00, 0x00, 0x00, 0x00, 0x00, 0x00, 0x00, 0x00, 0x00, 0x00, 0x00, 0x00, 0x00, 0x00, 0x00, 0x00, 0x00, 0x00, 0x00, 0x00, 0x00,
  0x00, 0x00, 0x00, 0x00, 0x00, 0x00, 0x00, 0x00, 0x00, 0x00, 0x00, 0x00, 0x00, 0x00, 0x00, 0x00, 0x00, 0x00, 0x00, 0x00, 0x00, 0x00, 0x00, 0x00, 0x00, 0x00, 0x00, 0x00, 0x00, 0x00, 0x00, 0x00,
  0x00, 0x00, 0x00, 0x00, 0x00, 0x00, 0x00, 0x00, 0x00, 0x00, 0x00, 0x00, 0x00, 0x00, 0x00, 0x00, 0x00, 0x00, 0x00, 0x00, 0x00, 0x00, 0x00, 0x00, 0x00, 0x00, 0x00, 0x00, 0x00, 0x00, 0x00, 0x00,
  0x00, 0x00, 0x00, 0x00, 0x00, 0x00, 0x00, 0x00, 0x00, 0x00, 0x00, 0x00, 0x00, 0x00, 0x00, 0x00, 0x00, 0x00, 0x00, 0x00, 0x00, 0x00, 0x00, 0x00, 0x00, 0x00, 0x00, 0x00, 0x00, 0x00, 0x00, 0x00,
  0x00, 0x00, 0x00, 0x00, 0x00, 0x00, 0x00, 0x00, 0x00, 0x00, 0x00, 0x00, 0x00, 0x00, 0x00, 0x00, 0x00, 0x00, 0x00, 0x00, 0x00, 0x00, 0x00, 0x00, 0x00, 0x00, 0x00, 0x00, 0x00, 0x00, 0x00, 0x00,
  0x00, 0x00, 0x00, 0x00, 0x00, 0x00, 0x00, 0x00, 0x00, 0x00, 0x00, 0x00, 0x00, 0x00, 0x00, 0x00, 0x00, 0x00, 0x00, 0x00, 0x00, 0x00, 0x00, 0x00, 0x00, 0x00, 0x00, 0x00, 0x00, 0x00, 0x00, 0x00,
  0x00, 0x00, 0x00, 0x00, 0x00, 0x00, 0x00, 0x00, 0x00, 0x00, 0x00, 0x00, 0x00, 0x00, 0x00, 0x00, 0x00, 0x00, 0x00, 0x00, 0x00, 0x00, 0x00, 0x00, 0x00, 0x00, 0x00, 0x00, 0x00, 0x00, 0x00, 0x00,
  0x00, 0x00, 0x00, 0x00, 0x00, 0x00, 0x00, 0x00, 0x00, 0x00, 0x00, 0x00, 0x00, 0x00, 0x00, 0x00, 0x00, 0x00, 0x00, 0x00, 0x00, 0x00, 0x00, 0x00, 0x00, 0x00, 0x00, 0x00, 0x00, 0x00, 0x00, 0x00,
  0x00, 0x00, 0x00, 0x00, 0x00, 0x00, 0x00, 0x00, 0x00, 0x00, 0x00, 0x00, 0x00, 0x00, 0x00, 0x00, 0x00, 0x00, 0x00, 0x00, 0x00, 0x00, 0x00, 0x00, 0x00, 0x00, 0x00, 0x00, 0x00, 0x00, 0x00, 0x00,
  0x00, 0x00, 0x00, 0x00, 0x00, 0x00, 0x00, 0x00, 0x00, 0x00, 0x00, 0x00, 0x00, 0x00, 0x00, 0x00, 0x00, 0x00, 0x00, 0x00, 0x00, 0x00, 0x00, 0x00, 0x00, 0x00, 0x00, 0x00, 0x00, 0x00, 0x00, 0x00,
  0x00, 0x00, 0x00, 0x00, 0x00, 0x00, 0x00, 0x00, 0x00, 0x00, 0x00, 0x00, 0x00, 0x00, 0x00, 0x00, 0x00, 0x00, 0x00, 0x00, 0x00, 0x00, 0x00, 0x00, 0x00, 0x00, 0x00, 0x00, 0x00, 0x00, 0x00, 0x00,
  0x00, 0x00, 0x00, 0x00, 0x00, 0x00, 0x00, 0x00, 0xf2, 0x4a, 0xe8, 0x83, 0xe8, 0xe4, 0xe8, 0xe4, 0xe8, 0xe4, 0xe8, 0xe4, 0xe8, 0xe4, 0xe8, 0xe4, 0xe8, 0xe4, 0xe8, 0xe4, 0xe8, 0xe4, 0xe8, 0xe4,
  0xe8, 0xe4, 0xe8, 0xa3, 0xea, 0x29, 0x00, 0x00, 0x00, 0x00, 0x00, 0x00, 0x00, 0x00, 0x00, 0x00, 0x00, 0x00, 0x00, 0x00, 0x00, 0x00, 0x00, 0x00, 0x00, 0x00, 0x00, 0x00, 0x00, 0x00, 0x00, 0x00,
  0x00, 0x00, 0x00, 0x00, 0x00, 0x00, 0x00, 0x00, 0xf4, 0x51, 0xe8, 0x83, 0xe8, 0xe4, 0xe8, 0xe4, 0xe8, 0xe4, 0xe8, 0xe4, 0xe8, 0xe4, 0xe8, 0xe4, 0xe8, 0xe4, 0xe8, 0xe4, 0xe8, 0xe4, 0xe8, 0xe4,
  0xe8, 0x83, 0xf3, 0xcf, 0x00, 0x00, 0x00, 0x00, 0x00, 0x00, 0x00, 0x00, 0x00, 0x00, 0x00, 0x00, 0x00, 0x00, 0x00, 0x00, 0x00, 0x00, 0x00, 0x00, 0x00, 0x00, 0x00, 0x00, 0x00, 0x00, 0x00, 0x00,
  0x00, 0x00, 0x00, 0x00, 0x00, 0x00, 0x00, 0x00, 0x00, 0x00, 0x00, 0x00, 0x00, 0x00, 0x00, 0x00, 0xf4, 0x31, 0xe8, 0x83, 0xe8, 0xe4, 0xe8, 0xe4, 0xe8, 0xe4, 0xe8, 0xe4, 0xe8, 0xe4, 0xe8, 0xe4,
  0xe8, 0xe4, 0xe8, 0xe4, 0xe8, 0xe4, 0xe8, 0xe4, 0xe8, 0xc4, 0xe9, 0x66, 0x21, 0x04, 0x00, 0x00, 0x00, 0x00, 0x00, 0x00, 0x00, 0x00, 0x00, 0x00, 0x00, 0x00, 0x00, 0x00, 0x00, 0x00, 0x00, 0x00,
  0x00, 0x00, 0x00, 0x00, 0x00, 0x00, 0x00, 0x00, 0x00, 0x00, 0xea, 0x49, 0xe8, 0x83, 0xe8, 0xe4, 0xe8, 0xe4, 0xe8, 0xe4, 0xe8, 0xe4, 0xe8, 0xe4, 0xe8, 0xe4, 0xe8, 0xe4, 0xe8, 0xe4, 0xe8, 0xe4,
  0xe8, 0xe4, 0xe8, 0xe4, 0xe8, 0xe4, 0xe8, 0xc4, 0xe9, 0x05, 0x52, 0x28, 0x00, 0x00, 0x00, 0x00, 0x00, 0x00, 0x00, 0x00, 0x00, 0x00, 0x00, 0x00, 0x00, 0x00, 0x00, 0x00, 0x00, 0x00, 0x00, 0x00,
  0x00, 0x00, 0x00, 0x00, 0x00, 0x00, 0x00, 0x00, 0x00, 0x00, 0x00, 0x00, 0x00, 0x00, 0x00, 0x00, 0x00, 0x00, 0x00, 0x00, 0x00, 0x00, 0xf4, 0x10, 0xe8, 0x83, 0xe8, 0xe4, 0xe8, 0xe4, 0xe8, 0xe4,
  0xe8, 0xe4, 0xe8, 0xe4, 0xe8, 0xe4, 0xe8, 0xe4, 0xe8, 0xe4, 0xe8, 0xe4, 0xe8, 0xe4, 0xe8, 0xe4, 0xe8, 0xe4, 0xe8, 0xa3, 0xea, 0x08, 0x00, 0x00, 0x00, 0x00, 0x00, 0x00, 0x00, 0x00, 0x00, 0x00,
  0x00, 0x00, 0x00, 0x00, 0x00, 0x00, 0x00, 0x00, 0x00, 0x00, 0x00, 0x00, 0x00, 0x00, 0x00, 0x00, 0x00, 0x00, 0x00, 0x00, 0x00, 0x00, 0x00, 0x00, 0x00, 0x00, 0x00, 0x00, 0x00, 0x00, 0x00, 0x00,
  0x00, 0x00, 0x00, 0x00, 0x00, 0x00, 0x00, 0x00, 0x00, 0x00, 0x00, 0x00, 0x00, 0x00, 0x00, 0x00, 0x00, 0x00, 0x00, 0x00, 0x00, 0x00, 0x00, 0x00, 0x00, 0x00, 0x00, 0x00, 0x00, 0x00, 0x00, 0x00,
  0x00, 0x00, 0x00, 0x00, 0x00, 0x00, 0x00, 0x00, 0x00, 0x00, 0x00, 0x00, 0x00, 0x00, 0x00, 0x00, 0x00, 0x00, 0x00, 0x00, 0x00, 0x00, 0x00, 0x00, 0x00, 0x00, 0x00, 0x00, 0x00, 0x00, 0x00, 0x00,
  0x00, 0x00, 0x00, 0x00, 0x00, 0x00, 0x00, 0x00, 0x00, 0x00, 0x00, 0x00, 0x00, 0x00, 0x00, 0x00, 0x00, 0x00, 0x00, 0x00, 0x00, 0x00, 0x00, 0x00, 0x00, 0x00, 0x00, 0x00, 0x00, 0x00, 0x00, 0x00,
  0x00, 0x00, 0x00, 0x00, 0x00, 0x00, 0x00, 0x00, 0x00, 0x00, 0x00, 0x00, 0x00, 0x00, 0x00, 0x00, 0x00, 0x00, 0x00, 0x00, 0x00, 0x00, 0x00, 0x00, 0x00, 0x00, 0x00, 0x00, 0x00, 0x00, 0x00, 0x00,
  0x00, 0x00, 0x00, 0x00, 0x00, 0x00, 0x00, 0x00, 0x00, 0x00, 0x00, 0x00, 0x00, 0x00, 0x00, 0x00, 0x00, 0x00, 0x00, 0x00, 0x00, 0x00, 0x00, 0x00, 0x00, 0x00, 0x00, 0x00, 0x00, 0x00, 0x00, 0x00,
  0x00, 0x00, 0x00, 0x00, 0x00, 0x00, 0x00, 0x00, 0x00, 0x00, 0x00, 0x00, 0x00, 0x00, 0x00, 0x00, 0x00, 0x00, 0x00, 0x00, 0x00, 0x00, 0x00, 0x00, 0x00, 0x00, 0x00, 0x00, 0x00, 0x00, 0x00, 0x00,
  0x00, 0x00, 0x00, 0x00, 0x00, 0x00, 0x00, 0x00, 0x00, 0x00, 0x00, 0x00, 0x00, 0x00, 0x00, 0x00, 0x00, 0x00, 0x00, 0x00, 0x00, 0x00, 0x00, 0x00, 0x00, 0x00, 0x00, 0x00, 0x00, 0x00, 0x00, 0x00,
  0x00, 0x00, 0x00, 0x00, 0x00, 0x00, 0x00, 0x00, 0x00, 0x00, 0x00, 0x00, 0x00, 0x00, 0x00, 0x00, 0x00, 0x00, 0x00, 0x00, 0x00, 0x00, 0x00, 0x00, 0x00, 0x00, 0x00, 0x00, 0x00, 0x00, 0x00, 0x00,
  0x00, 0x00, 0x00, 0x00, 0x00, 0x00, 0x00, 0x00, 0x00, 0x00, 0x00, 0x00, 0x00, 0x00, 0x00, 0x00, 0x00, 0x00, 0x00, 0x00, 0x00, 0x00, 0x00, 0x00, 0x00, 0x00, 0x00, 0x00, 0x00, 0x00, 0x00, 0x00,
  0x00, 0x00, 0x00, 0x00, 0x00, 0x00, 0x00, 0x00, 0x00, 0x00, 0x00, 0x00, 0x00, 0x00, 0x00, 0x00, 0x00, 0x00, 0x00, 0x00, 0x00, 0x00, 0x00, 0x00, 0x00, 0x00, 0x00, 0x00, 0x00, 0x00, 0x00, 0x00,
  0x00, 0x00, 0x00, 0x00, 0x00, 0x00, 0x00, 0x00, 0x00, 0x00, 0x00, 0x00, 0x00, 0x00, 0xf4, 0x31, 0xe8, 0x83, 0xe8, 0xe4, 0xe8, 0xe4, 0xe8, 0xe4, 0xe8, 0xe4, 0xe8, 0xe4, 0xe8, 0xe4, 0xe8, 0xe4,
  0xe8, 0xe4, 0xe8, 0xe4, 0xe8, 0xe4, 0xe8, 0xe4, 0xe8, 0xe4, 0xe8, 0x83, 0xf4, 0x31, 0x00, 0x00, 0x00, 0x00, 0x00, 0x00, 0x00, 0x00, 0x00, 0x00, 0x00, 0x00, 0x00, 0x00, 0x00, 0x00, 0x00, 0x00,
  0x00, 0x00, 0x00, 0x00, 0x00, 0x00, 0x00, 0x00, 0x00, 0x00, 0x00, 0x00, 0x00, 0x00, 0x00, 0x00, 0xf4, 0x51, 0xe8, 0x83, 0xe8, 0xe4, 0xe8, 0xe4, 0xe8, 0xe4, 0xe8, 0xe4, 0xe8, 0xe4, 0xe8, 0xe4,
  0xe8, 0xe4, 0xe8, 0xe4, 0xe8, 0xe4, 0xe8, 0xe4, 0xe8, 0x83, 0xf3, 0xcf, 0x00, 0x00, 0x00, 0x00, 0x00, 0x00, 0x00, 0x00, 0x00, 0x00, 0x00, 0x00, 0x00, 0x00, 0x00, 0x00, 0x00, 0x00, 0x00, 0x00,
  0x00, 0x00, 0x00, 0x00, 0x00, 0x00, 0x00, 0x00, 0x00, 0x00, 0x00, 0x00, 0x00, 0x00, 0x00, 0x00, 0x00, 0x00, 0x00, 0x00, 0x00, 0x00, 0x00, 0x00, 0xf4, 0x31, 0xe8, 0x83, 0xe8, 0xe4, 0xe8, 0xe4,
  0xe8, 0xe4, 0xe8, 0xe4, 0xe8, 0xe4, 0xe8, 0xe4, 0xe8, 0xe4, 0xe8, 0xe4, 0xe8, 0xe4, 0xe8, 0xe4, 0xe8, 0xc4, 0xe9, 0x66, 0x21, 0x04, 0x00, 0x00, 0x00, 0x00, 0x00, 0x00, 0x00, 0x00, 0x00, 0x00,
  0x00, 0x00, 0x00, 0x00, 0x00, 0x00, 0x00, 0x00, 0x00, 0x00, 0x00, 0x00, 0x00, 0x00, 0x00, 0x00, 0xc4, 0x10, 0xe8, 0xa3, 0xe8, 0xe4, 0xe8, 0xe4, 0xe8, 0xe4, 0xe8, 0xe4, 0xe8, 0xe4, 0xe8, 0xe4,
  0xe8, 0xe4, 0xe8, 0xe4, 0xe8, 0xe4, 0xe8, 0xe4, 0xe8, 0xe4, 0xe8, 0xe4, 0xe8, 0xe4, 0xe8, 0x83, 0xf3, 0x6e, 0x00, 0x00, 0x00, 0x00, 0x00, 0x00, 0x00, 0x00, 0x00, 0x00, 0x00, 0x00, 0x00, 0x00,
  0x00, 0x00, 0x00, 0x00, 0x00, 0x00, 0x00, 0x00, 0x00, 0x00, 0x00, 0x00, 0x00, 0x00, 0x00, 0x00, 0x00, 0x00, 0x00, 0x00, 0x00, 0x00, 0x00, 0x00, 0x00, 0x00, 0x00, 0x00, 0x29, 0x24, 0xe9, 0x66,
  0xe8, 0xc4, 0xe8, 0xe4, 0xe8, 0xe4, 0xe8, 0xe4, 0xe8, 0xe4, 0xe8, 0xe4, 0xe8, 0xe4, 0xe8, 0xe4, 0xe8, 0xe4, 0xe8, 0xe4, 0xe8, 0xe4, 0xe8, 0xe4, 0xe8, 0xe4, 0xe8, 0xa3, 0xcc, 0x30, 0x00, 0x00,
  0x00, 0x00, 0x00, 0x00, 0x00, 0x00, 0x00, 0x00, 0x00, 0x00, 0x00, 0x00, 0x00, 0x00, 0x00, 0x00, 0x00, 0x00, 0x00, 0x00, 0x00, 0x00, 0x00, 0x00, 0x00, 0x00, 0x00, 0x00, 0x00, 0x00, 0x00, 0x00,
  0x00, 0x00, 0x00, 0x00, 0x00, 0x00, 0x00, 0x00, 0x00, 0x00, 0x00, 0x00, 0x00, 0x00, 0x00, 0x00, 0x00, 0x00, 0x00, 0x00, 0x00, 0x00, 0x00, 0x00, 0x00, 0x00, 0x00, 0x00, 0x00, 0x00, 0x00, 0x00,
  0x00, 0x00, 0x00, 0x00, 0x00, 0x00, 0x00, 0x00, 0x00, 0x00, 0x00, 0x00, 0x00, 0x00, 0x00, 0x00, 0x00, 0x00, 0x00, 0x00, 0x00, 0x00, 0x00, 0x00, 0x00, 0x00, 0x00, 0x00, 0x00, 0x00, 0x00, 0x00,
  0x00, 0x00, 0x00, 0x00, 0x00, 0x00, 0x00, 0x00, 0x00, 0x00, 0x00, 0x00, 0x00, 0x00, 0x00, 0x00, 0x00, 0x00, 0x00, 0x00, 0x00, 0x00, 0x00, 0x00, 0x00, 0x00, 0x00, 0x00, 0x00, 0x00, 0x00, 0x00,
  0x00, 0x00, 0x00, 0x00, 0x00, 0x00, 0x00, 0x00, 0x00, 0x00, 0x00, 0x00, 0x00, 0x00, 0x00, 0x00, 0x00, 0x00, 0x00, 0x00, 0x00, 0x00, 0x00, 0x00, 0x00, 0x00, 0x00, 0x00, 0x00, 0x00, 0x00, 0x00,
  0x00, 0x00, 0x00, 0x00, 0x00, 0x00, 0x00, 0x00, 0x00, 0x00, 0x00, 0x00, 0x00, 0x00, 0x00, 0x00, 0x00, 0x00, 0x00, 0x00, 0x00, 0x00, 0x00, 0x00, 0x00, 0x00, 0x00, 0x00, 0x00, 0x00, 0x00, 0x00,
  0x00, 0x00, 0x00, 0x00, 0x00, 0x00, 0x00, 0x00, 0x00, 0x00, 0x00, 0x00, 0x00, 0x00, 0x00, 0x00, 0x00, 0x00, 0x00, 0x00, 0x00, 0x00, 0x00, 0x00, 0x00, 0x00, 0x00, 0x00, 0x00, 0x00, 0x00, 0x00,
  0x00, 0x00, 0x00, 0x00, 0x00, 0x00, 0x00, 0x00, 0x00, 0x00, 0x00, 0x00, 0x00, 0x00, 0x00, 0x00, 0x00, 0x00, 0x00, 0x00, 0x00, 0x00, 0x00, 0x00, 0x00, 0x00, 0x00, 0x00, 0x00, 0x00, 0x00, 0x00,
  0x00, 0x00, 0x00, 0x00, 0x00, 0x00, 0x00, 0x00, 0x00, 0x00, 0x00, 0x00, 0x00, 0x00, 0x00, 0x00, 0x00, 0x00, 0x00, 0x00, 0x00, 0x00, 0x00, 0x00, 0x00, 0x00, 0x00, 0x00, 0x00, 0x00, 0x00, 0x00,
  0x00, 0x00, 0x00, 0x00, 0x00, 0x00, 0x00, 0x00, 0x00, 0x00, 0x00, 0x00, 0x00, 0x00, 0x00, 0x00, 0x00, 0x00, 0x00, 0x00, 0x00, 0x00, 0x00, 0x00, 0x00, 0x00, 0x00, 0x00, 0x00, 0x00, 0x00, 0x00,
  0x00, 0x00, 0x00, 0x00, 0x00, 0x00, 0x00, 0x00, 0x00, 0x00, 0x00, 0x00, 0x00, 0x00, 0x00, 0x00, 0x00, 0x00, 0x00, 0x00, 0x00, 0x00, 0x00, 0x00, 0x00, 0x00, 0x00, 0x00, 0x00, 0x00, 0x00, 0x00,
  0x00, 0x00, 0x00, 0x00, 0x00, 0x00, 0x00, 0x00, 0x00, 0x00, 0x00, 0x00, 0x00, 0x00, 0x00, 0x00, 0x00, 0x00, 0x00, 0x00, 0xa3, 0x8e, 0xe8, 0xe4, 0xe8, 0xc4, 0xe8, 0xe4, 0xe8, 0xe4, 0xe8, 0xe4,
  0xe8, 0xe4, 0xe8, 0xe4, 0xe8, 0xe4, 0xe8, 0xe4, 0xe8, 0xe4, 0xe8, 0xe4, 0xe8, 0xe4, 0xe8, 0xe4, 0xe8, 0xc4, 0xe9, 0x05, 0x5a, 0x69, 0x00, 0x00, 0x00, 0x00, 0x00, 0x00, 0x00, 0x00, 0x00, 0x00,
  0x00, 0x00, 0x00, 0x00, 0x00, 0x00, 0x00, 0x00, 0x00, 0x00, 0x00, 0x00, 0x00, 0x00, 0x00, 0x00, 0x00, 0x00, 0x00, 0x00, 0x00, 0x00, 0x00, 0x00, 0xf4, 0x51, 0xe8, 0x83, 0xe8, 0xe4, 0xe8, 0xe4,
  0xe8, 0xe4, 0xe8, 0xe4, 0xe8, 0xe4, 0xe8, 0xe4, 0xe8, 0xe4, 0xe8, 0xe4, 0xe8, 0xe4, 0xe8, 0xe4, 0xe8, 0x83, 0xf3, 0xcf, 0x00, 0x00, 0x00, 0x00, 0x00, 0x00, 0x00, 0x00, 0x00, 0x00, 0x00, 0x00,
  0x00, 0x00, 0x00, 0x00, 0x00, 0x00, 0x00, 0x00, 0x00, 0x00, 0x00, 0x00, 0x00, 0x00, 0x00, 0x00, 0x00, 0x00, 0x00, 0x00, 0x00, 0x00, 0x00, 0x00, 0x00, 0x00, 0x00, 0x00, 0x00, 0x00, 0x00, 0x00,
  0xf4, 0x31, 0xe8, 0x83, 0xe8, 0xe4, 0xe8, 0xe4, 0xe8, 0xe4, 0xe8, 0xe4, 0xe8, 0xe4, 0xe8, 0xe4, 0xe8, 0xe4, 0xe8, 0xe4, 0xe8, 0xe4, 0xe8, 0xe4, 0xe8, 0xc4, 0xe9, 0x66, 0x21, 0x04, 0x00, 0x00,
  0x00, 0x00, 0x00, 0x00, 0x00, 0x00, 0x00, 0x00, 0x00, 0x00, 0x00, 0x00, 0x00, 0x00, 0x00, 0x00, 0x00, 0x00, 0x00, 0x00, 0x00, 0x00, 0x00, 0x00, 0xf2, 0x29, 0xe8, 0xa3, 0xe8, 0xe4, 0xe8, 0xe4,
  0xe8, 0xe4, 0xe8, 0xe4, 0xe8, 0xe4, 0xe8, 0xe4, 0xe8, 0xe4, 0xe8, 0xe4, 0xe8, 0xe4, 0xe8, 0xe4, 0xe8, 0xe4, 0xe8, 0xe4, 0xe8, 0xc4, 0xe9, 0x25, 0x49, 0xe7, 0x00, 0x00, 0x00, 0x00, 0x00, 0x00,
  0x00, 0x00, 0x00, 0x00, 0x00, 0x00, 0x00, 0x00, 0x00, 0x00, 0x00, 0x00, 0x00, 0x00, 0x00, 0x00, 0x00, 0x00, 0x00, 0x00, 0x00, 0x00, 0x00, 0x00, 0x00, 0x00, 0x00, 0x00, 0x00, 0x00, 0x00, 0x00,
  0x00, 0x00, 0x00, 0x00, 0xf3, 0xf0, 0xe8, 0x83, 0xe8, 0xe4, 0xe8, 0xe4, 0xe8, 0xe4, 0xe8, 0xe4, 0xe8, 0xe4, 0xe8, 0xe4, 0xe8, 0xe4, 0xe8, 0xe4, 0xe8, 0xe4, 0xe8, 0xe4, 0xe8, 0xe4, 0xe8, 0xe4,
  0xe8, 0xa3, 0xf2, 0x49, 0x00, 0x00, 0x00, 0x00, 0x00, 0x00, 0x00, 0x00, 0x00, 0x00, 0x00, 0x00, 0x00, 0x00, 0x00, 0x00, 0x00, 0x00, 0x00, 0x00, 0x00, 0x00, 0x00, 0x00, 0x00, 0x00, 0x00, 0x00,
  0x00, 0x00, 0x00, 0x00, 0x00, 0x00, 0x00, 0x00, 0x00, 0x00, 0x00, 0x00, 0x00, 0x00, 0x00, 0x00, 0x00, 0x00, 0x00, 0x00, 0x00, 0x00, 0x00, 0x00, 0x00, 0x00, 0x00, 0x00, 0x00, 0x00, 0x00, 0x00,
  0x00, 0x00, 0x00, 0x00, 0x00, 0x00, 0x00, 0x00, 0x00, 0x00, 0x00, 0x00, 0x00, 0x00, 0x00, 0x00, 0x00, 0x00, 0x00, 0x00, 0x00, 0x00, 0x00, 0x00, 0x00, 0x00, 0x00, 0x00, 0x00, 0x00, 0x00, 0x00,
  0x00, 0x00, 0x00, 0x00, 0x00, 0x00, 0x00, 0x00, 0x00, 0x00, 0x00, 0x00, 0x00, 0x00, 0x00, 0x00, 0x00, 0x00, 0x00, 0x00, 0x00, 0x00, 0x00, 0x00, 0x00, 0x00, 0x00, 0x00, 0x00, 0x00, 0x00, 0x00,
  0x00, 0x00, 0x00, 0x00, 0x00, 0x00, 0x00, 0x00, 0x00, 0x00, 0x00, 0x00, 0x00, 0x00, 0x00, 0x00, 0x00, 0x00, 0x00, 0x00, 0x00, 0x00, 0x00, 0x00, 0x00, 0x00, 0x00, 0x00, 0x00, 0x00, 0x00, 0x00,
  0x00, 0x00, 0x00, 0x00, 0x00, 0x00, 0x00, 0x00, 0x00, 0x00, 0x00, 0x00, 0x00, 0x00, 0x00, 0x00, 0x00, 0x00, 0x00, 0x00, 0x00, 0x00, 0x00, 0x00, 0x00, 0x00, 0x00, 0x00, 0x00, 0x00, 0x00, 0x00,
  0x00, 0x00, 0x00, 0x00, 0x00, 0x00, 0x00, 0x00, 0x00, 0x00, 0x00, 0x00, 0x00, 0x00, 0x00, 0x00, 0x00, 0x00, 0x00, 0x00, 0x00, 0x00, 0x00, 0x00, 0x00, 0x00, 0x00, 0x00, 0x00, 0x00, 0x00, 0x00,
  0x00, 0x00, 0x00, 0x00, 0x00, 0x00, 0x00, 0x00, 0x00, 0x00, 0x00, 0x00, 0x00, 0x00, 0x00, 0x00, 0x00, 0x00, 0x00, 0x00, 0x00, 0x00, 0x00, 0x00, 0x00, 0x00, 0x00, 0x00, 0x00, 0x00, 0x00, 0x00,
  0x00, 0x00, 0x00, 0x00, 0x00, 0x00, 0x00, 0x00, 0x00, 0x00, 0x00, 0x00, 0x00, 0x00, 0x00, 0x00, 0x00, 0x00, 0x00, 0x00, 0x00, 0x00, 0x00, 0x00, 0x00, 0x00, 0x00, 0x00, 0x00, 0x00, 0x00, 0x00,
  0x00, 0x00, 0x00, 0x00, 0x00, 0x00, 0x00, 0x00, 0x00, 0x00, 0x00, 0x00, 0x00, 0x00, 0x00, 0x00, 0x00, 0x00, 0x00, 0x00, 0x00, 0x00, 0x00, 0x00, 0x00, 0x00, 0x00, 0x00, 0x00, 0x00, 0x00, 0x00,
  0x00, 0x00, 0x00, 0x00, 0x00, 0x00, 0x00, 0x00, 0x00, 0x00, 0x00, 0x00, 0x00, 0x00, 0x00, 0x00, 0x00, 0x00, 0x00, 0x00, 0x00, 0x00, 0x00, 0x00, 0x00, 0x00, 0x00, 0x00, 0x00, 0x00, 0x00, 0x00,
  0x00, 0x00, 0x00, 0x00, 0x00, 0x00, 0x00, 0x00, 0x00, 0x00, 0x00, 0x00, 0x00, 0x00, 0x00, 0x00, 0x00, 0x00, 0x00, 0x00, 0x00, 0x00, 0x00, 0x00, 0x00, 0x00, 0x72, 0xeb, 0xe9, 0x46, 0xe8, 0xc4,
  0xe8, 0xe4, 0xe8, 0xe4, 0xe8, 0xe4, 0xe8, 0xe4, 0xe8, 0xe4, 0xe8, 0xe4, 0xe8, 0xe4, 0xe8, 0xe4, 0xe8, 0xe4, 0xe8, 0xe4, 0xe8, 0xe4, 0xe8, 0xe4, 0xe8, 0x83, 0xf2, 0xab, 0x00, 0x00, 0x00, 0x00,
  0x00, 0x00, 0x00, 0x00, 0x00, 0x00, 0x00, 0x00, 0x00, 0x00, 0x00, 0x00, 0x00, 0x00, 0x00, 0x00, 0x00, 0x00, 0x00, 0x00, 0x00, 0x00, 0x00, 0x00, 0x00, 0x00, 0x00, 0x00, 0x00, 0x00, 0x00, 0x00,
  0xf4, 0x51, 0xe8, 0x83, 0xe8, 0xe4, 0xe8, 0xe4, 0xe8, 0xe4, 0xe8, 0xe4, 0xe8, 0xe4, 0xe8, 0xe4, 0xe8, 0xe4, 0xe8, 0xe4, 0xe8, 0xe4, 0xe8, 0xe4, 0xe8, 0x83, 0xf3, 0xcf, 0x00, 0x00, 0x00, 0x00,
  0x00, 0x00, 0x00, 0x00, 0x00, 0x00, 0x00, 0x00, 0x00, 0x00, 0x00, 0x00, 0x00, 0x00, 0x00, 0x00, 0x00, 0x00, 0x00, 0x00, 0x00, 0x00, 0x00, 0x00, 0x00, 0x00, 0x00, 0x00, 0x00, 0x00, 0x00, 0x00,
  0x00, 0x00, 0x00, 0x00, 0x00, 0x00, 0x00, 0x00, 0xf4, 0x31, 0xe8, 0x83, 0xe8, 0xe4, 0xe8, 0xe4, 0xe8, 0xe4, 0xe8, 0xe4, 0xe8, 0xe4, 0xe8, 0xe4, 0xe8, 0xe4, 0xe8, 0xe4, 0xe8, 0xe4, 0xe8, 0xe4,
  0xe8, 0xc4, 0xe9, 0x66, 0x21, 0x04, 0x00, 0x00, 0x00, 0x00, 0x00, 0x00, 0x00, 0x00, 0x00, 0x00, 0x00, 0x00, 0x00, 0x00, 0x00, 0x00, 0x00, 0x00, 0x00, 0x00, 0x00, 0x00, 0x00, 0x00, 0xd4, 0x31,
  0xe8, 0xa3, 0xe8, 0xe4, 0xe8, 0xe4, 0xe8, 0xe4, 0xe8, 0xe4, 0xe8, 0xe4, 0xe8, 0xe4, 0xe8, 0xe4, 0xe8, 0xe4, 0xe8, 0xe4, 0xe8, 0xe4, 0xe8, 0xe4, 0xe8, 0xe4, 0xe8, 0xe4, 0xe8, 0x83, 0xf3, 0x8e,
  0x00, 0x00, 0x00, 0x00, 0x00, 0x00, 0x00, 0x00, 0x00, 0x00, 0x00, 0x00, 0x00, 0x00, 0x00, 0x00, 0x00, 0x00, 0x00, 0x00, 0x00, 0x00, 0x00, 0x00, 0x00, 0x00, 0x00, 0x00, 0x00, 0x00, 0x00, 0x00,
  0x00, 0x00, 0x00, 0x00, 0x00, 0x00, 0x00, 0x00, 0x00, 0x00, 0x39, 0x86, 0xe9, 0x46, 0xe8, 0xc4, 0xe8, 0xe4, 0xe8, 0xe4, 0xe8, 0xe4, 0xe8, 0xe4, 0xe8, 0xe4, 0xe8, 0xe4, 0xe8, 0xe4, 0xe8, 0xe4,
  0xe8, 0xe4, 0xe8, 0xe4, 0xe8, 0xe4, 0xe8, 0xe4, 0xe8, 0xa3, 0xb3, 0xcf, 0x00, 0x00, 0x00, 0x00, 0x00, 0x00, 0x00, 0x00, 0x00, 0x00, 0x00, 0x00, 0x00, 0x00, 0x00, 0x00, 0x00, 0x00, 0x00, 0x00,
  0x00, 0x00, 0x00, 0x00, 0x00, 0x00, 0x00, 0x00, 0x00, 0x00, 0x00, 0x00, 0x00, 0x00, 0x00, 0x00, 0x00, 0x00, 0x00, 0x00, 0x00, 0x00, 0x00, 0x00, 0x00, 0x00, 0x00, 0x00, 0x00, 0x00, 0x00, 0x00,
  0x00, 0x00, 0x00, 0x00, 0x00, 0x00, 0x00, 0x00, 0x00, 0x00, 0x00, 0x00, 0x00, 0x00, 0x00, 0x00, 0x00, 0x00, 0x00, 0x00, 0x00, 0x00, 0x00, 0x00, 0x00, 0x00, 0x00, 0x00, 0x00, 0x00, 0x00, 0x00,
  0x00, 0x00, 0x00, 0x00, 0x00, 0x00, 0x00, 0x00, 0x00, 0x00, 0x00, 0x00, 0x00, 0x00, 0x00, 0x00, 0x00, 0x00, 0x00, 0x00, 0x00, 0x00, 0x00, 0x00, 0x00, 0x00, 0x00, 0x00, 0x00, 0x00, 0x00, 0x00,
  0x00, 0x00, 0x00, 0x00, 0x00, 0x00, 0x00, 0x00, 0x00, 0x00, 0x00, 0x00, 0x00, 0x00, 0x00, 0x00, 0x00, 0x00, 0x00, 0x00, 0x00, 0x00, 0x00, 0x00, 0x00, 0x00, 0x00, 0x00, 0x00, 0x00, 0x00, 0x00,
  0x00, 0x00, 0x00, 0x00, 0x00, 0x00, 0x00, 0x00, 0x00, 0x00, 0x00, 0x00, 0x00, 0x00, 0x00, 0x00, 0x00, 0x00, 0x00, 0x00, 0x00, 0x00, 0x00, 0x00, 0x00, 0x00, 0x00, 0x00, 0x00, 0x00, 0x00, 0x00,
  0x00, 0x00, 0x00, 0x00, 0x00, 0x00, 0x00, 0x00, 0x00, 0x00, 0x00, 0x00, 0x00, 0x00, 0x00, 0x00, 0x00, 0x00, 0x00, 0x00, 0x00, 0x00, 0x00, 0x00, 0x00, 0x00, 0x00, 0x00, 0x00, 0x00, 0x00, 0x00,
  0x00, 0x00, 0x00, 0x00, 0x00, 0x00, 0x00, 0x00, 0x00, 0x00, 0x00, 0x00, 0x00, 0x00, 0x00, 0x00, 0x00, 0x00, 0x00, 0x00, 0x00, 0x00, 0x00, 0x00, 0x00, 0x00, 0x00, 0x00, 0x00, 0x00, 0x00, 0x00,
  0x00, 0x00, 0x00, 0x00, 0x00, 0x00, 0x00, 0x00, 0x00, 0x00, 0x00, 0x00, 0x00, 0x00, 0x00, 0x00, 0x00, 0x00, 0x00, 0x00, 0x00, 0x00, 0x00, 0x00, 0x00, 0x00, 0x00, 0x00, 0x00, 0x00, 0x00, 0x00,
  0x00, 0x00, 0x00, 0x00, 0x00, 0x00, 0x00, 0x00, 0x00, 0x00, 0x00, 0x00, 0x00, 0x00, 0x00, 0x00, 0x00, 0x00, 0x00, 0x00, 0x00, 0x00, 0x00, 0x00, 0x00, 0x00, 0x00, 0x00, 0x00, 0x00, 0x00, 0x00,
  0x00, 0x00, 0x00, 0x00, 0x00, 0x00, 0x00, 0x00, 0x00, 0x00, 0x00, 0x00, 0x00, 0x00, 0x00, 0x00, 0x00, 0x00, 0x00, 0x00, 0x00, 0x00, 0x00, 0x00, 0x00, 0x00, 0x00, 0x00, 0x00, 0x00, 0x00, 0x00,
  0x00, 0x00, 0x00, 0x00, 0x00, 0x00, 0x00, 0x00, 0x00, 0x00, 0x00, 0x00, 0x00, 0x00, 0x00, 0x00, 0x00, 0x00, 0x00, 0x00, 0x00, 0x00, 0x00, 0x00, 0x00, 0x00, 0x00, 0x00, 0x00, 0x00, 0x00, 0x00,
  0x83, 0x0c, 0xe9, 0x66, 0xe8, 0xa3, 0xe8, 0xe4, 0xe8, 0xe4, 0xe8, 0xe4, 0xe8, 0xe4, 0xe8, 0xe4, 0xe8, 0xe4, 0xe8, 0xe4, 0xe8, 0xe4, 0xe8, 0xe4, 0xe8, 0xe4, 0xe8, 0xe4, 0xe8, 0xe4, 0xe8, 0xe4,
  0xe8, 0xa3, 0xbb, 0xef, 0x00, 0x00, 0x00, 0x00, 0x00, 0x00, 0x00, 0x00, 0x00, 0x00, 0x00, 0x00, 0x00, 0x00, 0x00, 0x00, 0x00, 0x00, 0x00, 0x00, 0x00, 0x00, 0x00, 0x00, 0x00, 0x00, 0x00, 0x00,
  0x00, 0x00, 0x00, 0x00, 0x00, 0x00, 0x00, 0x00, 0xf4, 0x51, 0xe8, 0x83, 0xe8, 0xe4, 0xe8, 0xe4, 0xe8, 0xe4, 0xe8, 0xe4, 0xe8, 0xe4, 0xe8, 0xe4, 0xe8, 0xe4, 0xe8, 0xe4, 0xe8, 0xe4, 0xe8, 0xe4,
  0xe8, 0x83, 0xf3, 0xcf, 0x00, 0x00, 0x00, 0x00, 0x00, 0x00, 0x00, 0x00, 0x00, 0x00, 0x00, 0x00, 0x00, 0x00, 0x00, 0x00, 0x00, 0x00, 0x00, 0x00, 0x00, 0x00, 0x00, 0x00, 0x00, 0x00, 0x00, 0x00,
  0x00, 0x00, 0x00, 0x00, 0x00, 0x00, 0x00, 0x00, 0x00, 0x00, 0x00, 0x00, 0x00, 0x00, 0x00, 0x00, 0xf4, 0x31, 0xe8, 0x83, 0xe8, 0xe4, 0xe8, 0xe4, 0xe8, 0xe4, 0xe8, 0xe4, 0xe8, 0xe4, 0xe8, 0xe4,
  0xe8, 0xe4, 0xe8, 0xe4, 0xe8, 0xe4, 0xe8, 0xe4, 0xe8, 0xc4, 0xe9, 0x66, 0x21, 0x04, 0x00, 0x00, 0x00, 0x00, 0x00, 0x00, 0x00, 0x00, 0x00, 0x00, 0x00, 0x00, 0x00, 0x00, 0x00, 0x00, 0x00, 0x00,
  0x00, 0x00, 0x00, 0x00, 0x00, 0x00, 0xea, 0x08, 0xe8, 0xa3, 0xe8, 0xe4, 0xe8, 0xe4, 0xe8, 0xe4, 0xe8, 0xe4, 0xe8, 0xe4, 0xe8, 0xe4, 0xe8, 0xe4, 0xe8, 0xe4, 0xe8, 0xe4, 0xe8, 0xe4, 0xe8, 0xe4,
  0xe8, 0xe4, 0xe8, 0xc4, 0xe9, 0x25, 0x41, 0xc7, 0x00, 0x00, 0x00, 0x00, 0x00, 0x00, 0x00, 0x00, 0x00, 0x00, 0x00, 0x00, 0x00, 0x00, 0x00, 0x00, 0x00, 0x00, 0x00, 0x00, 0x00, 0x00, 0x00, 0x00,
  0x00, 0x00, 0x00, 0x00, 0x00, 0x00, 0x00, 0x00, 0x00, 0x00, 0x00, 0x00, 0x00, 0x00, 0x00, 0x00, 0x00, 0x00, 0xf3, 0xaf, 0xe8, 0x83, 0xe8, 0xe4, 0xe8, 0xe4, 0xe8, 0xe4, 0xe8, 0xe4, 0xe8, 0xe4,
  0xe8, 0xe4, 0xe8, 0xe4, 0xe8, 0xe4, 0xe8, 0xe4, 0xe8, 0xe4, 0xe8, 0xe4, 0xe8, 0xe4, 0xe8, 0xa3, 0xf2, 0x6a, 0x00, 0x00, 0x00, 0x00, 0x00, 0x00, 0x00, 0x00, 0x00, 0x00, 0x00, 0x00, 0x00, 0x00,
  0x00, 0x00, 0x00, 0x00, 0x00, 0x00, 0x00, 0x00, 0x00, 0x00, 0x00, 0x00, 0x00, 0x00, 0x00, 0x00, 0x00, 0x00, 0x00, 0x00, 0x00, 0x00, 0x00, 0x00, 0x00, 0x00, 0x00, 0x00, 0x00, 0x00, 0x00, 0x00,
  0x00, 0x00, 0x00, 0x00, 0x00, 0x00, 0x00, 0x00, 0x00, 0x00, 0x00, 0x00, 0x00, 0x00, 0x00, 0x00, 0x00, 0x00, 0x00, 0x00, 0x00, 0x00, 0x00, 0x00, 0x00, 0x00, 0x00, 0x00, 0x00, 0x00, 0x00, 0x00,
  0x00, 0x00, 0x00, 0x00, 0x00, 0x00, 0x00, 0x00, 0x00, 0x00, 0x00, 0x00, 0x00, 0x00, 0x00, 0x00, 0x00, 0x00, 0x00, 0x00, 0x00, 0x00, 0x00, 0x00, 0x00, 0x00, 0x00, 0x00, 0x00, 0x00, 0x00, 0x00,
  0x00, 0x00, 0x00, 0x00, 0x00, 0x00, 0x00, 0x00, 0x00, 0x00, 0x00, 0x00, 0x00, 0x00, 0x00, 0x00, 0x00, 0x00, 0x00, 0x00, 0x00, 0x00, 0x00, 0x00, 0x00, 0x00, 0x00, 0x00, 0x00, 0x00, 0x00, 0x00,
  0x00, 0x00, 0x00, 0x00, 0x00, 0x00, 0x00, 0x00, 0x00, 0x00, 0x00, 0x00, 0x00, 0x00, 0x00, 0x00, 0x00, 0x00, 0x00, 0x00, 0x00, 0x00, 0x00, 0x00, 0x00, 0x00, 0x00, 0x00, 0x00, 0x00, 0x00, 0x00,
  0x00, 0x00, 0x00, 0x00, 0x00, 0x00, 0x00, 0x00, 0x00, 0x00, 0x00, 0x00, 0x00, 0x00, 0x00, 0x00, 0x00, 0x00, 0x00, 0x00, 0x00, 0x00, 0x00, 0x00, 0x00, 0x00, 0x00, 0x00, 0x00, 0x00, 0x00, 0x00,
  0x00, 0x00, 0x00, 0x00, 0x00, 0x00, 0x00, 0x00, 0x00, 0x00, 0x00, 0x00, 0x00, 0x00, 0x00, 0x00, 0x00, 0x00, 0x00, 0x00, 0x00, 0x00, 0x00, 0x00, 0x00, 0x00, 0x00, 0x00, 0x00, 0x00, 0x00, 0x00,
  0x00, 0x00, 0x00, 0x00, 0x00, 0x00, 0x00, 0x00, 0x00, 0x00, 0x00, 0x00, 0x00, 0x00, 0x00, 0x00, 0x00, 0x00, 0x00, 0x00, 0x00, 0x00, 0x00, 0x00, 0x00, 0x00, 0x00, 0x00, 0x00, 0x00, 0x00, 0x00,
  0x00, 0x00, 0x00, 0x00, 0x00, 0x00, 0x00, 0x00, 0x00, 0x00, 0x00, 0x00, 0x00, 0x00, 0x00, 0x00, 0x00, 0x00, 0x00, 0x00, 0x00, 0x00, 0x00, 0x00, 0x00, 0x00, 0x00, 0x00, 0x00, 0x00, 0x00, 0x00,
  0x00, 0x00, 0x00, 0x00, 0x00, 0x00, 0x00, 0x00, 0x00, 0x00, 0x00, 0x00, 0x00, 0x00, 0x00, 0x00, 0x00, 0x00, 0x00, 0x00, 0x00, 0x00, 0x00, 0x00, 0x00, 0x00, 0x00, 0x00, 0x00, 0x00, 0x00, 0x00,
  0x00, 0x00, 0x00, 0x00, 0x00, 0x00, 0x00, 0x00, 0x00, 0x00, 0x00, 0x00, 0x00, 0x00, 0x00, 0x00, 0x00, 0x00, 0x00, 0x00, 0x00, 0x00, 0x00, 0x00, 0x00, 0x00, 0x00, 0x00, 0x00, 0x00, 0x00, 0x00,
  0x00, 0x00, 0x00, 0x00, 0x00, 0x00, 0xd4, 0x31, 0xe9, 0x25, 0xe8, 0xa3, 0xe8, 0xe4, 0xe8, 0xe4, 0xe8, 0xe4, 0xe8, 0xe4, 0xe8, 0xe4, 0xe8, 0xe4, 0xe8, 0xe4, 0xe8, 0xe4, 0xe8, 0xe4, 0xe8, 0xe4,
  0xe8, 0xe4, 0xe8, 0xe4, 0xe8, 0xe4, 0xe8, 0xa3, 0xf2, 0x09, 0x00, 0x00, 0x00, 0x00, 0x00, 0x00, 0x00, 0x00, 0x00, 0x00, 0x00, 0x00, 0x00, 0x00, 0x00, 0x00, 0x00, 0x00, 0x00, 0x00, 0x00, 0x00,
  0x00, 0x00, 0x00, 0x00, 0x00, 0x00, 0x00, 0x00, 0x00, 0x00, 0x00, 0x00, 0x00, 0x00, 0x00, 0x00, 0xf4, 0x51, 0xe8, 0x83, 0xe8, 0xe4, 0xe8, 0xe4, 0xe8, 0xe4, 0xe8, 0xe4, 0xe8, 0xe4, 0xe8, 0xe4,
  0xe8, 0xe4, 0xe8, 0xe4, 0xe8, 0xe4, 0xe8, 0xe4, 0xe8, 0x83, 0xf3, 0xcf, 0x00, 0x00, 0x00, 0x00, 0x00, 0x00, 0x00, 0x00, 0x00, 0x00, 0x00, 0x00, 0x00, 0x00, 0x00, 0x00, 0x00, 0x00, 0x00, 0x00,
  0x00, 0x00, 0x00, 0x00, 0x00, 0x00, 0x00, 0x00, 0x00, 0x00, 0x00, 0x00, 0x00, 0x00, 0x00, 0x00, 0x00, 0x00, 0x00, 0x00, 0x00, 0x00, 0x00, 0x00, 0xf4, 0x31, 0xe8, 0x83, 0xe8, 0xe4, 0xe8, 0xe4,
  0xe8, 0xe4, 0xe8, 0xe4, 0xe8, 0xe4, 0xe8, 0xe4, 0xe8, 0xe4, 0xe8, 0xe4, 0xe8, 0xe4, 0xe8, 0xe4, 0xe8, 0xc4, 0xe9, 0x66, 0x21, 0x04, 0x00, 0x00, 0x00, 0x00, 0x00, 0x00, 0x00, 0x00, 0x00, 0x00,
  0x00, 0x00, 0x00, 0x00, 0x00, 0x00, 0x00, 0x00, 0x00, 0x00, 0x00, 0x00, 0xdc, 0x51, 0xe8, 0x83, 0xe8, 0xe4, 0xe8, 0xe4, 0xe8, 0xe4, 0xe8, 0xe4, 0xe8, 0xe4, 0xe8, 0xe4, 0xe8, 0xe4, 0xe8, 0xe4,
  0xe8, 0xe4, 0xe8, 0xe4, 0xe8, 0xe4, 0xe8, 0xe4, 0xe8, 0xe4, 0xe8, 0x83, 0xf3, 0xaf, 0x00, 0x00, 0x00, 0x00, 0x00, 0x00, 0x00, 0x00, 0x00, 0x00, 0x00, 0x00, 0x00, 0x00, 0x00, 0x00, 0x00, 0x00,
  0x00, 0x00, 0x00, 0x00, 0x00, 0x00, 0x00, 0x00, 0x00, 0x00, 0x00, 0x00, 0x00, 0x00, 0x00, 0x00, 0x00, 0x00, 0x00, 0x00, 0x00, 0x00, 0x00, 0x00, 0x41, 0xc7, 0xe9, 0x25, 0xe8, 0xc4, 0xe8, 0xe4,
  0xe8, 0xe4, 0xe8, 0xe4, 0xe8, 0xe4, 0xe8, 0xe4, 0xe8, 0xe4, 0xe8, 0xe4, 0xe8, 0xe4, 0xe8, 0xe4, 0xe8, 0xe4, 0xe8, 0xe4, 0xe8, 0xe4, 0xe8, 0xc4, 0x9b, 0x6e, 0x00, 0x00, 0x00, 0x00, 0x00, 0x00,
  0x00, 0x00, 0x00, 0x00, 0x00, 0x00, 0x00, 0x00, 0x00, 0x00, 0x00, 0x00, 0x00, 0x00, 0x00, 0x00, 0x00, 0x00, 0x00, 0x00, 0x00, 0x00, 0x00, 0x00, 0x00, 0x00, 0x00, 0x00, 0x00, 0x00, 0x00, 0x00,
  0x00, 0x00, 0x00, 0x00, 0x00, 0x00, 0x00, 0x00, 0x00, 0x00, 0x00, 0x00, 0x00, 0x00, 0x00, 0x00, 0x00, 0x00, 0x00, 0x00, 0x00, 0x00, 0x00, 0x00, 0x00, 0x00, 0x00, 0x00, 0x00, 0x00, 0x00, 0x00,
  0x00, 0x00, 0x00, 0x00, 0x00, 0x00, 0x00, 0x00, 0x00, 0x00, 0x00, 0x00, 0x00, 0x00, 0x00, 0x00, 0x00, 0x00, 0x00, 0x00, 0x00, 0x00, 0x00, 0x00, 0x00, 0x00, 0x00, 0x00, 0x00, 0x00, 0x00, 0x00,
  0x00, 0x00, 0x00, 0x00, 0x00, 0x00, 0x00, 0x00, 0x00, 0x00, 0x00, 0x00, 0x00, 0x00, 0x00, 0x00, 0x00, 0x00, 0x00, 0x00, 0x00, 0x00, 0x00, 0x00, 0x00, 0x00, 0x00, 0x00, 0x00, 0x00, 0x00, 0x00,
  0x00, 0x00, 0x00, 0x00, 0x00, 0x00, 0x00, 0x00, 0x00, 0x00, 0x00, 0x00, 0x00, 0x00, 0x00, 0x00, 0x00, 0x00, 0x00, 0x00, 0x00, 0x00, 0x00, 0x00, 0x00, 0x00, 0x00, 0x00, 0x00, 0x00, 0x00, 0x00,
  0x00, 0x00, 0x00, 0x00, 0x00, 0x00, 0x00, 0x00, 0x00, 0x00, 0x00, 0x00, 0x00, 0x00, 0x00, 0x00, 0x00, 0x00, 0x00, 0x00, 0x00, 0x00, 0x00, 0x00, 0x00, 0x00, 0x00, 0x00, 0x00, 0x00, 0x00, 0x00,
  0x00, 0x00, 0x00, 0x00, 0x00, 0x00, 0x00, 0x00, 0x00, 0x00, 0x00, 0x00, 0x00, 0x00, 0x00, 0x00, 0x00, 0x00, 0x00, 0x00, 0x00, 0x00, 0x00, 0x00, 0x00, 0x00, 0x00, 0x00, 0x00, 0x00, 0x00, 0x00,
  0x00, 0x00, 0x00, 0x00, 0x00, 0x00, 0x00, 0x00, 0x00, 0x00, 0x00, 0x00, 0x00, 0x00, 0x00, 0x00, 0x00, 0x00, 0x00, 0x00, 0x00, 0x00, 0x00, 0x00, 0x00, 0x00, 0x00, 0x00, 0x00, 0x00, 0x00, 0x00,
  0x00, 0x00, 0x00, 0x00, 0x00, 0x00, 0x00, 0x00, 0x00, 0x00, 0x00, 0x00, 0x00, 0x00, 0x00, 0x00, 0x00, 0x00, 0x00, 0x00, 0x00, 0x00, 0x00, 0x00, 0x00, 0x00, 0x00, 0x00, 0x00, 0x00, 0x00, 0x00,
  0x00, 0x00, 0x00, 0x00, 0x00, 0x00, 0x00, 0x00, 0x00, 0x00, 0x00, 0x00, 0x00, 0x00, 0x00, 0x00, 0x00, 0x00, 0x00, 0x00, 0x00, 0x00, 0x00, 0x00, 0x00, 0x00, 0x00, 0x00, 0x00, 0x00, 0x00, 0x00,
  0x00, 0x00, 0x00, 0x00, 0x00, 0x00, 0x00, 0x00, 0x00, 0x00, 0x00, 0x00, 0x00, 0x00, 0x00, 0x00, 0x00, 0x00, 0x00, 0x00, 0x00, 0x00, 0x00, 0x00, 0x00, 0x00, 0x00, 0x00, 0x00, 0x00, 0x00, 0x00,
  0x00, 0x00, 0x00, 0x00, 0x00, 0x00, 0x00, 0x00, 0x00, 0x00, 0x18, 0xc3, 0xf3, 0x6e, 0xe8, 0xa4, 0xe8, 0xc4, 0xe8, 0xe4, 0xe8, 0xe4, 0xe8, 0xe4, 0xe8, 0xe4, 0xe8, 0xe4, 0xe8, 0xe4, 0xe8, 0xe4,
  0xe8, 0xe4, 0xe8, 0xe4, 0xe8, 0xe4, 0xe8, 0xe4, 0xe8, 0xe4, 0xe8, 0xe4, 0xe8, 0xe4, 0xe8, 0xa3, 0xcc, 0x31, 0x00, 0x00, 0x00, 0x00, 0x00, 0x00, 0x00, 0x00, 0x00, 0x00, 0x00, 0x00, 0x00, 0x00,
  0x00, 0x00, 0x00, 0x00, 0x00, 0x00, 0x00, 0x00, 0x00, 0x00, 0x00, 0x00, 0x00, 0x00, 0x00, 0x00, 0x00, 0x00, 0x00, 0x00, 0x00, 0x00, 0x00, 0x00, 0xf4, 0x51, 0xe8, 0x83, 0xe8, 0xe4, 0xe8, 0xe4,
  0xe8, 0xe4, 0xe8, 0xe4, 0xe8, 0xe4, 0xe8, 0xe4, 0xe8, 0xe4, 0xe8, 0xe4, 0xe8, 0xe4, 0xe8, 0xe4, 0xe8, 0x83, 0xf3, 0xcf, 0x00, 0x00, 0x00, 0x00, 0x00, 0x00, 0x00, 0x00, 0x00, 0x00, 0x00, 0x00,
  0x00, 0x00, 0x00, 0x00, 0x00, 0x00, 0x00, 0x00, 0x00, 0x00, 0x00, 0x00, 0x00, 0x00, 0x00, 0x00, 0x00, 0x00, 0x00, 0x00, 0x00, 0x00, 0x00, 0x00, 0x00, 0x00, 0x00, 0x00, 0x00, 0x00, 0x00, 0x00,
  0xf4, 0x31, 0xe8, 0x83, 0xe8, 0xe4, 0xe8, 0xe4, 0xe8, 0xe4, 0xe8, 0xe4, 0xe8, 0xe4, 0xe8, 0xe4, 0xe8, 0xe4, 0xe8, 0xe4, 0xe8, 0xe4, 0xe8, 0xe4, 0xe8, 0xc4, 0xe9, 0x66, 0x21, 0x04, 0x00, 0x00,
  0x00, 0x00, 0x00, 0x00, 0x00, 0x00, 0x00, 0x00, 0x00, 0x00, 0x00, 0x00, 0x00, 0x00, 0x00, 0x00, 0x00, 0x00, 0x00, 0x00, 0xe9, 0xe8, 0xe8, 0xa3, 0xe8, 0xe4, 0xe8, 0xe4, 0xe8, 0xe4, 0xe8, 0xe4,
  0xe8, 0xe4, 0xe8, 0xe4, 0xe8, 0xe4, 0xe8, 0xe4, 0xe8, 0xe4, 0xe8, 0xe4, 0xe8, 0xe4, 0xe8, 0xe4, 0xe8, 0xc4, 0xe9, 0x46, 0x39, 0xa6, 0x00, 0x00, 0x00, 0x00, 0x00, 0x00, 0x00, 0x00, 0x00, 0x00,
  0x00, 0x00, 0x00, 0x00, 0x00, 0x00, 0x00, 0x00, 0x00, 0x00, 0x00, 0x00, 0x00, 0x00, 0x00, 0x00, 0x00, 0x00, 0x00, 0x00, 0x00, 0x00, 0x00, 0x00, 0x00, 0x00, 0x00, 0x00, 0x00, 0x00, 0x00, 0x00,
  0xf3, 0x8e, 0xe8, 0x83, 0xe8, 0xe4, 0xe8, 0xe4, 0xe8, 0xe4, 0xe8, 0xe4, 0xe8, 0xe4, 0xe8, 0xe4, 0xe8, 0xe4, 0xe8, 0xe4, 0xe8, 0xe4, 0xe8, 0xe4, 0xe8, 0xe4, 0xe8, 0xe4, 0xe8, 0x83, 0xf2, 0xab,
  0x00, 0x00, 0x00, 0x00, 0x00, 0x00, 0x00, 0x00, 0x00, 0x00, 0x00, 0x00, 0x00, 0x00, 0x00, 0x00, 0x00, 0x00, 0x00, 0x00, 0x00, 0x00, 0x00, 0x00, 0x00, 0x00, 0x00, 0x00, 0x00, 0x00, 0x00, 0x00,
  0x00, 0x00, 0x00, 0x00, 0x00, 0x00, 0x00, 0x00, 0x00, 0x00, 0x00, 0x00, 0x00, 0x00, 0x00, 0x00, 0x00, 0x00, 0x00, 0x00, 0x00, 0x00, 0x00, 0x00, 0x00, 0x00, 0x00, 0x00, 0x00, 0x00, 0x00, 0x00,
  0x00, 0x00, 0x00, 0x00, 0x00, 0x00, 0x00, 0x00, 0x00, 0x00, 0x00, 0x00, 0x00, 0x00, 0x00, 0x00, 0x00, 0x00, 0x00, 0x00, 0x00, 0x00, 0x00, 0x00, 0x00, 0x00, 0x00, 0x00, 0x00, 0x00, 0x00, 0x00,
  0x00, 0x00, 0x00, 0x00, 0x00, 0x00, 0x00, 0x00, 0x00, 0x00, 0x00, 0x00, 0x00, 0x00, 0x00, 0x00, 0x00, 0x00, 0x00, 0x00, 0x00, 0x00, 0x00, 0x00, 0x00, 0x00, 0x00, 0x00, 0x00, 0x00, 0x00, 0x00,
  0x00, 0x00, 0x00, 0x00, 0x00, 0x00, 0x00, 0x00, 0x00, 0x00, 0x00, 0x00, 0x00, 0x00, 0x00, 0x00, 0x00, 0x00, 0x00, 0x00, 0x00, 0x00, 0x00, 0x00, 0x00, 0x00, 0x00, 0x00, 0x00, 0x00, 0x00, 0x00,
  0x00, 0x00, 0x00, 0x00, 0x00, 0x00, 0x00, 0x00, 0x00, 0x00, 0x00, 0x00, 0x00, 0x00, 0x00, 0x00, 0x00, 0x00, 0x00, 0x00, 0x00, 0x00, 0x00, 0x00, 0x00, 0x00, 0x00, 0x00, 0x00, 0x00, 0x00, 0x00,
  0x00, 0x00, 0x00, 0x00, 0x00, 0x00, 0x00, 0x00, 0x00, 0x00, 0x00, 0x00, 0x00, 0x00, 0x00, 0x00, 0x00, 0x00, 0x00, 0x00, 0x00, 0x00, 0x00, 0x00, 0x00, 0x00, 0x00, 0x00, 0x00, 0x00, 0x00, 0x00,
  0x00, 0x00, 0x00, 0x00, 0x00, 0x00, 0x00, 0x00, 0x00, 0x00, 0x00, 0x00, 0x00, 0x00, 0x00, 0x00, 0x00, 0x00, 0x00, 0x00, 0x00, 0x00, 0x00, 0x00, 0x00, 0x00, 0x00, 0x00, 0x00, 0x00, 0x00, 0x00,
  0x00, 0x00, 0x00, 0x00, 0x00, 0x00, 0x00, 0x00, 0x00, 0x00, 0x00, 0x00, 0x00, 0x00, 0x00, 0x00, 0x00, 0x00, 0x00, 0x00, 0x00, 0x00, 0x00, 0x00, 0x00, 0x00, 0x00, 0x00, 0x00, 0x00, 0x00, 0x00,
  0x00, 0x00, 0x00, 0x00, 0x00, 0x00, 0x00, 0x00, 0x00, 0x00, 0x00, 0x00, 0x00, 0x00, 0x00, 0x00, 0x00, 0x00, 0x00, 0x00, 0x00, 0x00, 0x00, 0x00, 0x00, 0x00, 0x00, 0x00, 0x00, 0x00, 0x00, 0x00,
  0x00, 0x00, 0x00, 0x00, 0x00, 0x00, 0x00, 0x00, 0x00, 0x00, 0x00, 0x00, 0x00, 0x00, 0x00, 0x00, 0x00, 0x00, 0x00, 0x00, 0x00, 0x00, 0x00, 0x00, 0x00, 0x00, 0x00, 0x00, 0x00, 0x00, 0x00, 0x00,
  0x00, 0x00, 0x00, 0x00, 0x00, 0x00, 0x00, 0x00, 0x00, 0x00, 0x00, 0x00, 0x00, 0x00, 0x00, 0x00, 0xe4, 0x72, 0xe9, 0xa7, 0xe8, 0x83, 0xe8, 0xe4, 0xe8, 0xe4, 0xe8, 0xe4, 0xe8, 0xe4, 0xe8, 0xe4,
  0xe8, 0xe4, 0xe8, 0xe4, 0xe8, 0xe4, 0xe8, 0xe4, 0xe8, 0xe4, 0xe8, 0xe4, 0xe8, 0xe4, 0xe8, 0xe4, 0xe8, 0xe4, 0xe8, 0xe4, 0xe8, 0xa3, 0xf2, 0x4a, 0x00, 0x00, 0x00, 0x00, 0x00, 0x00, 0x00, 0x00,
  0x00, 0x00, 0x00, 0x00, 0x00, 0x00, 0x00, 0x00, 0x00, 0x00, 0x00, 0x00, 0x00, 0x00, 0x00, 0x00, 0x00, 0x00, 0x00, 0x00, 0x00, 0x00, 0x00, 0x00, 0x00, 0x00, 0x00, 0x00, 0x00, 0x00, 0x00, 0x00,
  0xf4, 0x51, 0xe8, 0x83, 0xe8, 0xe4, 0xe8, 0xe4, 0xe8, 0xe4, 0xe8, 0xe4, 0xe8, 0xe4, 0xe8, 0xe4, 0xe8, 0xe4, 0xe8, 0xe4, 0xe8, 0xe4, 0xe8, 0xe4, 0xe8, 0x83, 0xf3, 0xcf, 0x00, 0x00, 0x00, 0x00,
  0x00, 0x00, 0x00, 0x00, 0x00, 0x00, 0x00, 0x00, 0x00, 0x00, 0x00, 0x00, 0x00, 0x00, 0x00, 0x00, 0x00, 0x00, 0x00, 0x00, 0x00, 0x00, 0x00, 0x00, 0x00, 0x00, 0x00, 0x00, 0x00, 0x00, 0x00, 0x00,
  0x00, 0x00, 0x00, 0x00, 0x00, 0x00, 0x00, 0x00, 0xf4, 0x31, 0xe8, 0x83, 0xe8, 0xe4, 0xe8, 0xe4, 0xe8, 0xe4, 0xe8, 0xe4, 0xe8, 0xe4, 0xe8, 0xe4, 0xe8, 0xe4, 0xe8, 0xe4, 0xe8, 0xe4, 0xe8, 0xe4,
  0xe8, 0xc4, 0xe9, 0x66, 0x21, 0x04, 0x00, 0x00, 0x00, 0x00, 0x00, 0x00, 0x00, 0x00, 0x00, 0x00, 0x00, 0x00, 0x00, 0x00, 0x00, 0x00, 0x00, 0x00, 0x00, 0x00, 0xec, 0x72, 0xe8, 0x83, 0xe8, 0xe4,
  0xe8, 0xe4, 0xe8, 0xe4, 0xe8, 0xe4, 0xe8, 0xe4, 0xe8, 0xe4, 0xe8, 0xe4, 0xe8, 0xe4, 0xe8, 0xe4, 0xe8, 0xe4, 0xe8, 0xe4, 0xe8, 0xe4, 0xe8, 0xe4, 0xe8, 0x83, 0xf3, 0xaf, 0x00, 0x00, 0x00, 0x00,
  0x00, 0x00, 0x00, 0x00, 0x00, 0x00, 0x00, 0x00, 0x00, 0x00, 0x00, 0x00, 0x00, 0x00, 0x00, 0x00, 0x00, 0x00, 0x00, 0x00, 0x00, 0x00, 0x00, 0x00, 0x00, 0x00, 0x00, 0x00, 0x00, 0x00, 0x00, 0x00,
  0x00, 0x00, 0x00, 0x00, 0x00, 0x00, 0x4a, 0x08, 0xe9, 0x25, 0xe8, 0xc4, 0xe8, 0xe4, 0xe8, 0xe4, 0xe8, 0xe4, 0xe8, 0xe4, 0xe8, 0xe4, 0xe8, 0xe4, 0xe8, 0xe4, 0xe8, 0xe4, 0xe8, 0xe4, 0xe8, 0xe4,
  0xe8, 0xe4, 0xe8, 0xe4, 0xe8, 0xc4, 0x83, 0x0c, 0x00, 0x00, 0x00, 0x00, 0x00, 0x00, 0x00, 0x00, 0x00, 0x00, 0x00, 0x00, 0x00, 0x00, 0x00, 0x00, 0x00, 0x00, 0x00, 0x00, 0x00, 0x00, 0x00, 0x00,
  0x00, 0x00, 0x00, 0x00, 0x00, 0x00, 0x00, 0x00, 0x00, 0x00, 0x00, 0x00, 0x00, 0x00, 0x00, 0x00, 0x00, 0x00, 0x00, 0x00, 0x00, 0x00, 0x00, 0x00, 0x00, 0x00, 0x00, 0x00, 0x00, 0x00, 0x00, 0x00,
  0x00, 0x00, 0x00, 0x00, 0x00, 0x00, 0x00, 0x00, 0x00, 0x00, 0x00, 0x00, 0x00, 0x00, 0x00, 0x00, 0x00, 0x00, 0x00, 0x00, 0x00, 0x00, 0x00, 0x00, 0x00, 0x00, 0x00, 0x00, 0x00, 0x00, 0x00, 0x00,
  0x00, 0x00, 0x00, 0x00, 0x00, 0x00, 0x00, 0x00, 0x00, 0x00, 0x00, 0x00, 0x00, 0x00, 0x00, 0x00, 0x00, 0x00, 0x00, 0x00, 0x00, 0x00, 0x00, 0x00, 0x00, 0x00, 0x00, 0x00, 0x00, 0x00, 0x00, 0x00,
  0x00, 0x00, 0x00, 0x00, 0x00, 0x00, 0x00, 0x00, 0x00, 0x00, 0x00, 0x00, 0x00, 0x00, 0x00, 0x00, 0x00, 0x00, 0x00, 0x00, 0x00, 0x00, 0x00, 0x00, 0x00, 0x00, 0x00, 0x00, 0x00, 0x00, 0x00, 0x00,
  0x00, 0x00, 0x00, 0x00, 0x00, 0x00, 0x00, 0x00, 0x00, 0x00, 0x00, 0x00, 0x00, 0x00, 0x00, 0x00, 0x00, 0x00, 0x00, 0x00, 0x00, 0x00, 0x00, 0x00, 0x00, 0x00, 0x00, 0x00, 0x00, 0x00, 0x00, 0x00,
  0x00, 0x00, 0x00, 0x00, 0x00, 0x00, 0x00, 0x00, 0x00, 0x00, 0x00, 0x00, 0x00, 0x00, 0x00, 0x00, 0x00, 0x00, 0x00, 0x00, 0x00, 0x00, 0x00, 0x00, 0x00, 0x00, 0x00, 0x00, 0x00, 0x00, 0x00, 0x00,
  0x00, 0x00, 0x00, 0x00, 0x00, 0x00, 0x00, 0x00, 0x00, 0x00, 0x00, 0x00, 0x00, 0x00, 0x00, 0x00, 0x00, 0x00, 0x00, 0x00, 0x00, 0x00, 0x00, 0x00, 0x00, 0x00, 0x00, 0x00, 0x00, 0x00, 0x00, 0x00,
  0x00, 0x00, 0x00, 0x00, 0x00, 0x00, 0x00, 0x00, 0x00, 0x00, 0x00, 0x00, 0x00, 0x00, 0x00, 0x00, 0x00, 0x00, 0x00, 0x00, 0x00, 0x00, 0x00, 0x00, 0x00, 0x00, 0x00, 0x00, 0x00, 0x00, 0x00, 0x00,
  0x00, 0x00, 0x00, 0x00, 0x00, 0x00, 0x00, 0x00, 0x00, 0x00, 0x00, 0x00, 0x00, 0x00, 0x00, 0x00, 0x00, 0x00, 0x00, 0x00, 0x00, 0x00, 0x00, 0x00, 0x00, 0x00, 0x00, 0x00, 0x00, 0x00, 0x00, 0x00,
  0x00, 0x00, 0x00, 0x00, 0x00, 0x00, 0x00, 0x00, 0x00, 0x00, 0x00, 0x00, 0x00, 0x00, 0x00, 0x00, 0x00, 0x00, 0x00, 0x00, 0x00, 0x00, 0x00, 0x00, 0x00, 0x00, 0x00, 0x00, 0x00, 0x00, 0x00, 0x00,
  0x00, 0x00, 0x00, 0x00, 0x00, 0x00, 0x00, 0x00, 0x00, 0x00, 0x00, 0x00, 0x00, 0x00, 0x00, 0x00, 0x00, 0x00, 0x39, 0x86, 0xf4, 0x72, 0xe9, 0xe8, 0xe8, 0xa3, 0xe8, 0xa3, 0xe8, 0xe4, 0xe8, 0xe4,
  0xe8, 0xe4, 0xe8, 0xe4, 0xe8, 0xe4, 0xe8, 0xe4, 0xe8, 0xe4, 0xe8, 0xe4, 0xe8, 0xe4, 0xe8, 0xe4, 0xe8, 0xe4, 0xe8, 0xe4, 0xe8, 0xe4, 0xe8, 0xe4, 0xe8, 0xe4, 0xe8, 0xe4, 0xe8, 0xc4, 0x8b, 0x4d,
  0x00, 0x00, 0x00, 0x00, 0x00, 0x00, 0x00, 0x00, 0x00, 0x00, 0x00, 0x00, 0x00, 0x00, 0x00, 0x00, 0x00, 0x00, 0x00, 0x00, 0x00, 0x00, 0x00, 0x00, 0x00, 0x00, 0x00, 0x00, 0x00, 0x00, 0x00, 0x00,
  0x00, 0x00, 0x00, 0x00, 0x00, 0x00, 0x00, 0x00, 0xf4, 0x51, 0xe8, 0x83, 0xe8, 0xe4, 0xe8, 0xe4, 0xe8, 0xe4, 0xe8, 0xe4, 0xe8, 0xe4, 0xe8, 0xe4, 0xe8, 0xe4, 0xe8, 0xe4, 0xe8, 0xe4, 0xe8, 0xe4,
  0xe8, 0x83, 0xf3, 0xcf, 0x00, 0x00, 0x00, 0x00, 0x00, 0x00, 0x00, 0x00, 0x00, 0x00, 0x00, 0x00, 0x00, 0x00, 0x00, 0x00, 0x00, 0x00, 0x00, 0x00, 0x00, 0x00, 0x00, 0x00, 0x00, 0x00, 0x00, 0x00,
  0x00, 0x00, 0x00, 0x00, 0x00, 0x00, 0x00, 0x00, 0x00, 0x00, 0x00, 0x00, 0x00, 0x00, 0x00, 0x00, 0xf4, 0x31, 0xe8, 0x83, 0xe8, 0xe4, 0xe8, 0xe4, 0xe8, 0xe4, 0xe8, 0xe4, 0xe8, 0xe4, 0xe8, 0xe4,
  0xe8, 0xe4, 0xe8, 0xe4, 0xe8, 0xe4, 0xe8, 0xe4, 0xe8, 0xc4, 0xe9, 0x66, 0x21, 0x04, 0x00, 0x00, 0x00, 0x00, 0x00, 0x00, 0x00, 0x00, 0x00, 0x00, 0x00, 0x00, 0x00, 0x00, 0x00, 0x00, 0x00, 0x00,
  0x08, 0x41, 0xe9, 0xc7, 0xe8, 0xa3, 0xe8, 0xe4, 0xe8, 0xe4, 0xe8, 0xe4, 0xe8, 0xe4, 0xe8, 0xe4, 0xe8, 0xe4, 0xe8, 0xe4, 0xe8, 0xe4, 0xe8, 0xe4, 0xe8, 0xe4, 0xe8, 0xe4, 0xe8, 0xe4, 0xe8, 0xc4,
  0xe9, 0x46, 0x31, 0x65, 0x00, 0x00, 0x00, 0x00, 0x00, 0x00, 0x00, 0x00, 0x00, 0x00, 0x00, 0x00, 0x00, 0x00, 0x00, 0x00, 0x00, 0x00, 0x00, 0x00, 0x00, 0x00, 0x00, 0x00, 0x00, 0x00, 0x00, 0x00,
  0x00, 0x00, 0x00, 0x00, 0x00, 0x00, 0x00, 0x00, 0x00, 0x00, 0x00, 0x00, 0x00, 0x00, 0xf3, 0x6e, 0xe8, 0x83, 0xe8, 0xe4, 0xe8, 0xe4, 0xe8, 0xe4, 0xe8, 0xe4, 0xe8, 0xe4, 0xe8, 0xe4, 0xe8, 0xe4,
  0xe8, 0xe4, 0xe8, 0xe4, 0xe8, 0xe4, 0xe8, 0xe4, 0xe8, 0xe4, 0xe8, 0x83, 0xf2, 0xec, 0x00, 0x00, 0x00, 0x00, 0x00, 0x00, 0x00, 0x00, 0x00, 0x00, 0x00, 0x00, 0x00, 0x00, 0x00, 0x00, 0x00, 0x00,
  0x00, 0x00, 0x00, 0x00, 0x00, 0x00, 0x00, 0x00, 0x00, 0x00, 0x00, 0x00, 0x00, 0x00, 0x00, 0x00, 0x00, 0x00, 0x00, 0x00, 0x00, 0x00, 0x00, 0x00, 0x00, 0x00, 0x00, 0x00, 0x00, 0x00, 0x00, 0x00,
  0x00, 0x00, 0x00, 0x00, 0x00, 0x00, 0x00, 0x00, 0x00, 0x00, 0x00, 0x00, 0x00, 0x00, 0x00, 0x00, 0x00, 0x00, 0x00, 0x00, 0x00, 0x00, 0x00, 0x00, 0x00, 0x00, 0x00, 0x00, 0x00, 0x00, 0x00, 0x00,
  0x00, 0x00, 0x00, 0x00, 0x00, 0x00, 0x00, 0x00, 0x00, 0x00, 0x00, 0x00, 0x00, 0x00, 0x00, 0x00, 0x00, 0x00, 0x00, 0x00, 0x00, 0x00, 0x00, 0x00, 0x00, 0x00, 0x00, 0x00, 0x00, 0x00, 0x00, 0x00,
  0x00, 0x00, 0x00, 0x00, 0x00, 0x00, 0x00, 0x00, 0x00, 0x00, 0x00, 0x00, 0x00, 0x00, 0x00, 0x00, 0x00, 0x00, 0x00, 0x00, 0x00, 0x00, 0x00, 0x00, 0x00, 0x00, 0x00, 0x00, 0x00, 0x00, 0x00, 0x00,
  0x00, 0x00, 0x00, 0x00, 0x00, 0x00, 0x00, 0x00, 0x00, 0x00, 0x00, 0x00, 0x00, 0x00, 0x00, 0x00, 0x00, 0x00, 0x00, 0x00, 0x00, 0x00, 0x00, 0x00, 0x00, 0x00, 0x00, 0x00, 0x00, 0x00, 0x00, 0x00,
  0x00, 0x00, 0x00, 0x00, 0x00, 0x00, 0x00, 0x00, 0x00, 0x00, 0x00, 0x00, 0x00, 0x00, 0x00, 0x00, 0x00, 0x00, 0x00, 0x00, 0x00, 0x00, 0x00, 0x00, 0x00, 0x00, 0x00, 0x00, 0x00, 0x00, 0x00, 0x00,
  0x00, 0x00, 0x00, 0x00, 0x00, 0x00, 0x00, 0x00, 0x00, 0x00, 0x00, 0x00, 0x00, 0x00, 0x00, 0x00, 0x00, 0x00, 0x00, 0x00, 0x00, 0x00, 0x00, 0x00, 0x00, 0x00, 0x00, 0x00, 0x00, 0x00, 0x00, 0x00,
  0x00, 0x00, 0x00, 0x00, 0x00, 0x00, 0x00, 0x00, 0x00, 0x00, 0x00, 0x00, 0x00, 0x00, 0x00, 0x00, 0x00, 0x00, 0x00, 0x00, 0x00, 0x00, 0x00, 0x00, 0x00, 0x00, 0x00, 0x00, 0x00, 0x00, 0x00, 0x00,
  0x00, 0x00, 0x00, 0x00, 0x00, 0x00, 0x00, 0x00, 0x00, 0x00, 0x00, 0x00, 0x00, 0x00, 0x00, 0x00, 0x00, 0x00, 0x00, 0x00, 0x00, 0x00, 0x00, 0x00, 0x00, 0x00, 0x00, 0x00, 0x00, 0x00, 0x00, 0x00,
  0x00, 0x00, 0x00, 0x00, 0x00, 0x00, 0x00, 0x00, 0x00, 0x00, 0x00, 0x00, 0x00, 0x00, 0x00, 0x00, 0x00, 0x00, 0x00, 0x00, 0x00, 0x00, 0x00, 0x00, 0x00, 0x00, 0x00, 0x00, 0x00, 0x00, 0x00, 0x00,
  0x00, 0x00, 0x00, 0x00, 0x00, 0x00, 0x00, 0x00, 0x00, 0x00, 0x00, 0x00, 0x00, 0x00, 0x00, 0x00, 0x00, 0x00, 0x00, 0x00, 0x52, 0x28, 0xe4, 0x51, 0xf2, 0xec, 0xe9, 0x46, 0xe8, 0x83, 0xe8, 0xa3,
  0xe8, 0xe4, 0xe8, 0xe4, 0xe8, 0xe4, 0xe8, 0xe4, 0xe8, 0xe4, 0xe8, 0xe4, 0xe8, 0xe4, 0xe8, 0xe4, 0xe8, 0xe4, 0xe8, 0xe4, 0xe8, 0xe4, 0xe8, 0xe4, 0xe8, 0xe4, 0xe8, 0xe4, 0xe8, 0xe4, 0xe8, 0xe4,
  0xe8, 0xe4, 0xe8, 0x83, 0xf3, 0x8e, 0x00, 0x00, 0x00, 0x00, 0x00, 0x00, 0x00, 0x00, 0x00, 0x00, 0x00, 0x00, 0x00, 0x00, 0x00, 0x00, 0x00, 0x00, 0x00, 0x00, 0x00, 0x00, 0x00, 0x00, 0x00, 0x00,
  0x00, 0x00, 0x00, 0x00, 0x00, 0x00, 0x00, 0x00, 0x00, 0x00, 0x00, 0x00, 0x00, 0x00, 0x00, 0x00, 0xf4, 0x51, 0xe8, 0x83, 0xe8, 0xe4, 0xe8, 0xe4, 0xe8, 0xe4, 0xe8, 0xe4, 0xe8, 0xe4, 0xe8, 0xe4,
  0xe8, 0xe4, 0xe8, 0xe4, 0xe8, 0xe4, 0xe8, 0xe4, 0xe8, 0x83, 0xf3, 0xcf, 0x00, 0x00, 0x00, 0x00, 0x00, 0x00, 0x00, 0x00, 0x00, 0x00, 0x00, 0x00, 0x00, 0x00, 0x00, 0x00, 0x00, 0x00, 0x00, 0x00,
  0x00, 0x00, 0x00, 0x00, 0x00, 0x00, 0x00, 0x00, 0x00, 0x00, 0x00, 0x00, 0x00, 0x00, 0x00, 0x00, 0x00, 0x00, 0x00, 0x00, 0x00, 0x00, 0x00, 0x00, 0xf4, 0x31, 0xe8, 0x83, 0xe8, 0xe4, 0xe8, 0xe4,
  0xe8, 0xe4, 0xe8, 0xe4, 0xe8, 0xe4, 0xe8, 0xe4, 0xe8, 0xe4, 0xe8, 0xe4, 0xe8, 0xe4, 0xe8, 0xe4, 0xe8, 0xc4, 0xe9, 0x66, 0x21, 0x04, 0x00, 0x00, 0x00, 0x00, 0x00, 0x00, 0x00, 0x00, 0x00, 0x00,
  0x00, 0x00, 0x00, 0x00, 0x00, 0x00, 0x00, 0x00, 0xf4, 0x72, 0xe8, 0x83, 0xe8, 0xe4, 0xe8, 0xe4, 0xe8, 0xe4, 0xe8, 0xe4, 0xe8, 0xe4, 0xe8, 0xe4, 0xe8, 0xe4, 0xe8, 0xe4, 0xe8, 0xe4, 0xe8, 0xe4,
  0xe8, 0xe4, 0xe8, 0xe4, 0xe8, 0xe4, 0xe8, 0x83, 0xf3, 0xd0, 0x00, 0x00, 0x00, 0x00, 0x00, 0x00, 0x00, 0x00, 0x00, 0x00, 0x00, 0x00, 0x00, 0x00, 0x00, 0x00, 0x00, 0x00, 0x00, 0x00, 0x00, 0x00,
  0x00, 0x00, 0x00, 0x00, 0x00, 0x00, 0x00, 0x00, 0x00, 0x00, 0x00, 0x00, 0x00, 0x00, 0x00, 0x00, 0x00, 0x00, 0x00, 0x00, 0x5a, 0x49, 0xe9, 0x05, 0xe8, 0xc4, 0xe8, 0xe4, 0xe8, 0xe4, 0xe8, 0xe4,
  0xe8, 0xe4, 0xe8, 0xe4, 0xe8, 0xe4, 0xe8, 0xe4, 0xe8, 0xe4, 0xe8, 0xe4, 0xe8, 0xe4, 0xe8, 0xe4, 0xe8, 0xc4, 0xe8, 0xe4, 0x6a, 0xaa, 0x00, 0x00, 0x00, 0x00, 0x00, 0x00, 0x00, 0x00, 0x00, 0x00,
  0x00, 0x00, 0x00, 0x00, 0x00, 0x00, 0x00, 0x00, 0x00, 0x00, 0x00, 0x00, 0x00, 0x00, 0x00, 0x00, 0x00, 0x00, 0x00, 0x00, 0x00, 0x00, 0x00, 0x00, 0x00, 0x00, 0x00, 0x00, 0x00, 0x00, 0x00, 0x00,
  0x00, 0x00, 0x00, 0x00, 0x00, 0x00, 0x00, 0x00, 0x00, 0x00, 0x00, 0x00, 0x00, 0x00, 0x00, 0x00, 0x00, 0x00, 0x00, 0x00, 0x00, 0x00, 0x00, 0x00, 0x00, 0x00, 0x00, 0x00, 0x00, 0x00, 0x00, 0x00,
  0x00, 0x00, 0x00, 0x00, 0x00, 0x00, 0x00, 0x00, 0x00, 0x00, 0x00, 0x00, 0x00, 0x00, 0x00, 0x00, 0x00, 0x00, 0x00, 0x00, 0x00, 0x00, 0x00, 0x00, 0x00, 0x00, 0x00, 0x00, 0x00, 0x00, 0x00, 0x00,
  0x00, 0x00, 0x00, 0x00, 0x00, 0x00, 0x00, 0x00, 0x00, 0x00, 0x00, 0x00, 0x00, 0x00, 0x00, 0x00, 0x00, 0x00, 0x00, 0x00, 0x00, 0x00, 0x00, 0x00, 0x00, 0x00, 0x00, 0x00, 0x00, 0x00, 0x00, 0x00,
  0x00, 0x00, 0x00, 0x00, 0x00, 0x00, 0x8b, 0x4d, 0xb3, 0xcf, 0xab, 0xaf, 0xab, 0xaf, 0xab, 0xaf, 0xab, 0xaf, 0xab, 0xaf, 0xab, 0xaf, 0xab, 0xaf, 0xab, 0xaf, 0xab, 0xaf, 0xab, 0xaf, 0xab, 0xaf,
  0xab, 0xaf, 0xab, 0xaf, 0xab, 0xaf, 0xab, 0xaf, 0xab, 0xaf, 0xab, 0xaf, 0xab, 0xaf, 0xab, 0xaf, 0xab, 0xaf, 0xab, 0xaf, 0xab, 0xaf, 0xab, 0xaf, 0xab, 0xaf, 0xab, 0xaf, 0xab, 0xaf, 0xab, 0xaf,
  0xab, 0xaf, 0xab, 0xaf, 0xab, 0xaf, 0xab, 0xaf, 0xab, 0xaf, 0xab, 0xaf, 0xab, 0xaf, 0xab, 0xaf, 0xab, 0xaf, 0xab, 0xaf, 0xab, 0xaf, 0xab, 0xaf, 0xab, 0xaf, 0xab, 0xaf, 0xab, 0xaf, 0xab, 0xaf,
  0xab, 0xaf, 0xab, 0xaf, 0xab, 0xaf, 0xab, 0xaf, 0xab, 0xaf, 0xab, 0xaf, 0xab, 0xaf, 0xab, 0xaf, 0xab, 0xaf, 0xab, 0xaf, 0xab, 0xaf, 0xab, 0xaf, 0xab, 0xaf, 0xab, 0xaf, 0xab, 0xaf, 0xab, 0xaf,
  0xab, 0xaf, 0xab, 0xaf, 0xab, 0xaf, 0xab, 0xaf, 0xab, 0xaf, 0xab, 0xaf, 0xab, 0xaf, 0xab, 0xaf, 0xab, 0xaf, 0xab, 0xaf, 0xab, 0xaf, 0xab, 0xaf, 0xab, 0xaf, 0xab, 0xaf, 0xab, 0xaf, 0xab, 0xaf,
  0xab, 0xaf, 0xab, 0xaf, 0xab, 0xaf, 0xab, 0xaf, 0xab, 0xaf, 0xab, 0xaf, 0xab, 0xaf, 0xab, 0xaf, 0xab, 0xaf, 0xab, 0xaf, 0xab, 0xaf, 0xab, 0xaf, 0xab, 0xaf, 0xab, 0xaf, 0xab, 0xaf, 0xab, 0xaf,
  0xab, 0xaf, 0xab, 0xaf, 0xab, 0xaf, 0xab, 0xaf, 0xab, 0xaf, 0xab, 0xaf, 0xab, 0xaf, 0xab, 0xaf, 0xab, 0xcf, 0xcc, 0x10, 0xf4, 0x92, 0xf3, 0xcf, 0xf2, 0xcc, 0xe9, 0xe8, 0xe9, 0x05, 0xe8, 0x83,
  0xe8, 0x83, 0xe8, 0xc4, 0xe8, 0xe4, 0xe8, 0xe4, 0xe8, 0xe4, 0xe8, 0xe4, 0xe8, 0xe4, 0xe8, 0xe4, 0xe8, 0xe4, 0xe8, 0xe4, 0xe8, 0xe4, 0xe8, 0xe4, 0xe8, 0xe4, 0xe8, 0xe4, 0xe8, 0xe4, 0xe8, 0xe4,
  0xe8, 0xe4, 0xe8, 0xe4, 0xe8, 0xe4, 0xe8, 0xe4, 0xe8, 0xa3, 0xe9, 0xe8, 0x08, 0x41, 0x00, 0x00, 0x00, 0x00, 0x00, 0x00, 0x00, 0x00, 0x00, 0x00, 0x00, 0x00, 0x00, 0x00, 0x00, 0x00, 0x00, 0x00,
  0x00, 0x00, 0x00, 0x00, 0x00, 0x00, 0x00, 0x00, 0x00, 0x00, 0x00, 0x00, 0x00, 0x00, 0x00, 0x00, 0x00, 0x00, 0x00, 0x00, 0x00, 0x00, 0x00, 0x00, 0xf4, 0x51, 0xe8, 0x83, 0xe8, 0xe4, 0xe8, 0xe4,
  0xe8, 0xe4, 0xe8, 0xe4, 0xe8, 0xe4, 0xe8, 0xe4, 0xe8, 0xe4, 0xe8, 0xe4, 0xe8, 0xe4, 0xe8, 0xe4, 0xe8, 0x83, 0xf3, 0xcf, 0x00, 0x00, 0x00, 0x00, 0x00, 0x00, 0x00, 0x00, 0x00, 0x00, 0x00, 0x00,
  0x00, 0x00, 0x00, 0x00, 0x00, 0x00, 0x00, 0x00, 0x00, 0x00, 0x00, 0x00, 0x00, 0x00, 0x00, 0x00, 0x00, 0x00, 0x00, 0x00, 0x00, 0x00, 0x00, 0x00, 0x00, 0x00, 0x00, 0x00, 0x00, 0x00, 0x00, 0x00,
  0xf4, 0x31, 0xe8, 0x83, 0xe8, 0xe4, 0xe8, 0xe4, 0xe8, 0xe4, 0xe8, 0xe4, 0xe8, 0xe4, 0xe8, 0xe4, 0xe8, 0xe4, 0xe8, 0xe4, 0xe8, 0xe4, 0xe8, 0xe4, 0xe8, 0xc4, 0xe9, 0x66, 0x21, 0x04, 0x00, 0x00,
  0x00, 0x00, 0x00, 0x00, 0x00, 0x00, 0x00, 0x00, 0x00, 0x00, 0x00, 0x00, 0x00, 0x00, 0x10, 0xa2, 0xe9, 0xa7, 0xe8, 0xa3, 0xe8, 0xe4, 0xe8, 0xe4, 0xe8, 0xe4, 0xe8, 0xe4, 0xe8, 0xe4, 0xe8, 0xe4,
  0xe8, 0xe4, 0xe8, 0xe4, 0xe8, 0xe4, 0xe8, 0xe4, 0xe8, 0xe4, 0xe8, 0xe4, 0xe8, 0xc4, 0xe9, 0x66, 0x29, 0x45, 0x00, 0x00, 0x00, 0x00, 0x00, 0x00, 0x00, 0x00, 0x00, 0x00, 0x00, 0x00, 0x00, 0x00,
  0x00, 0x00, 0x00, 0x00, 0x00, 0x00, 0x00, 0x00, 0x00, 0x00, 0x00, 0x00, 0x00, 0x00, 0x00, 0x00, 0x00, 0x00, 0x00, 0x00, 0x00, 0x00, 0x00, 0x00, 0x00, 0x00, 0x00, 0x00, 0xf3, 0x2d, 0xe8, 0x83,
  0xe8, 0xe4, 0xe8, 0xe4, 0xe8, 0xe4, 0xe8, 0xe4, 0xe8, 0xe4, 0xe8, 0xe4, 0xe8, 0xe4, 0xe8, 0xe4, 0xe8, 0xe4, 0xe8, 0xe4, 0xe8, 0xe4, 0xe8, 0xe4, 0xe8, 0x83, 0xf3, 0x2d, 0x00, 0x00, 0x00, 0x00,
  0x00, 0x00, 0x00, 0x00, 0x00, 0x00, 0x00, 0x00, 0x00, 0x00, 0x00, 0x00, 0x00, 0x00, 0x00, 0x00, 0x00, 0x00, 0x00, 0x00, 0x00, 0x00, 0x00, 0x00, 0x00, 0x00, 0x00, 0x00, 0x00, 0x00, 0x00, 0x00,
  0x00, 0x00, 0x00, 0x00, 0x00, 0x00, 0x00, 0x00, 0x00, 0x00, 0x00, 0x00, 0x00, 0x00, 0x00, 0x00, 0x00, 0x00, 0x00, 0x00, 0x00, 0x00, 0x00, 0x00, 0x00, 0x00, 0x00, 0x00, 0x00, 0x00, 0x00, 0x00,
  0x00, 0x00, 0x00, 0x00, 0x00, 0x00, 0x00, 0x00, 0x00, 0x00, 0x00, 0x00, 0x00, 0x00, 0x00, 0x00, 0x00, 0x00, 0x00, 0x00, 0x00, 0x00, 0x00, 0x00, 0x00, 0x00, 0x00, 0x00, 0x00, 0x00, 0x00, 0x00,
  0x00, 0x00, 0x00, 0x00, 0x00, 0x00, 0x00, 0x00, 0x00, 0x00, 0x00, 0x00, 0x00, 0x00, 0x00, 0x00, 0x00, 0x00, 0x00, 0x00, 0x00, 0x00, 0x00, 0x00, 0x00, 0x00, 0x00, 0x00, 0x00, 0x00, 0x00, 0x00,
  0x00, 0x00, 0x00, 0x00, 0x00, 0x00, 0x00, 0x00, 0x00, 0x00, 0x00, 0x00, 0x8b, 0x2c, 0xe8, 0xc4, 0xe8, 0xa3, 0xe8, 0xa4, 0xe8, 0xa3, 0xe8, 0xa3, 0xe8, 0xa3, 0xe8, 0xa3, 0xe8, 0xa3, 0xe8, 0xa3,
  0xe8, 0xa3, 0xe8, 0xa3, 0xe8, 0xa3, 0xe8, 0xa3, 0xe8, 0xa3, 0xe8, 0xa3, 0xe8, 0xa3, 0xe8, 0xa3, 0xe8, 0xa3, 0xe8, 0xa3, 0xe8, 0xa3, 0xe8, 0xa3, 0xe8, 0xa3, 0xe8, 0xa3, 0xe8, 0xa3, 0xe8, 0xa3,
  0xe8, 0xa3, 0xe8, 0xa3, 0xe8, 0xa3, 0xe8, 0xa3, 0xe8, 0xa3, 0xe8, 0xa3, 0xe8, 0xa3, 0xe8, 0xa3, 0xe8, 0xa3, 0xe8, 0xa3, 0xe8, 0xa3, 0xe8, 0xa3, 0xe8, 0xa3, 0xe8, 0xa3, 0xe8, 0xa3, 0xe8, 0xa3,
  0xe8, 0xa3, 0xe8, 0xa3, 0xe8, 0xa3, 0xe8, 0xa3, 0xe8, 0xa3, 0xe8, 0xa3, 0xe8, 0xa3, 0xe8, 0xa3, 0xe8, 0xa3, 0xe8, 0xa3, 0xe8, 0xa3, 0xe8, 0xa3, 0xe8, 0xa3, 0xe8, 0xa3, 0xe8, 0xa3, 0xe8, 0xa3,
  0xe8, 0xa3, 0xe8, 0xa3, 0xe8, 0xa3, 0xe8, 0xa3, 0xe8, 0xa3, 0xe8, 0xa3, 0xe8, 0xa3, 0xe8, 0xa3, 0xe8, 0xa3, 0xe8, 0xa3, 0xe8, 0xa3, 0xe8, 0xa3, 0xe8, 0xa3, 0xe8, 0xa3, 0xe8, 0xa3, 0xe8, 0xa3,
  0xe8, 0xa3, 0xe8, 0xa3, 0xe8, 0xa3, 0xe8, 0xa3, 0xe8, 0xa3, 0xe8, 0xa3, 0xe8, 0xa3, 0xe8, 0xa3, 0xe8, 0xa3, 0xe8, 0xa3, 0xe8, 0xa3, 0xe8, 0xa3, 0xe8, 0xa3, 0xe8, 0xa3, 0xe8, 0xa3, 0xe8, 0xa3,
  0xe8, 0xa3, 0xe8, 0xa3, 0xe8, 0xa3, 0xe8, 0xa3, 0xe8, 0xa3, 0xe8, 0xa3, 0xe8, 0xa3, 0xe8, 0xa3, 0xe8, 0xa3, 0xe8, 0xa3, 0xe8, 0xa3, 0xe8, 0xa3, 0xe8, 0xa3, 0xe8, 0xa3, 0xe8, 0x83, 0xe8, 0x83,
  0xe8, 0x83, 0xe8, 0xa3, 0xe8, 0xc4, 0xe8, 0xe4, 0xe8, 0xe4, 0xe8, 0xe4, 0xe8, 0xe4, 0xe8, 0xe4, 0xe8, 0xe4, 0xe8, 0xe4, 0xe8, 0xe4, 0xe8, 0xe4, 0xe8, 0xe4, 0xe8, 0xe4, 0xe8, 0xe4, 0xe8, 0xe4,
  0xe8, 0xe4, 0xe8, 0xe4, 0xe8, 0xe4, 0xe8, 0xe4, 0xe8, 0xe4, 0xe8, 0xe4, 0xe8, 0xe4, 0xe8, 0xc4, 0xe9, 0x05, 0x7a, 0xeb, 0x00, 0x00, 0x00, 0x00, 0x00, 0x00, 0x00, 0x00, 0x00, 0x00, 0x00, 0x00,
  0x00, 0x00, 0x00, 0x00, 0x00, 0x00, 0x00, 0x00, 0x00, 0x00, 0x00, 0x00, 0x00, 0x00, 0x00, 0x00, 0x00, 0x00, 0x00, 0x00, 0x00, 0x00, 0x00, 0x00, 0x00, 0x00, 0x00, 0x00, 0x00, 0x00, 0x00, 0x00,
  0xf4, 0x51, 0xe8, 0x83, 0xe8, 0xe4, 0xe8, 0xe4, 0xe8, 0xe4, 0xe8, 0xe4, 0xe8, 0xe4, 0xe8, 0xe4, 0xe8, 0xe4, 0xe8, 0xe4, 0xe8, 0xe4, 0xe8, 0xe4, 0xe8, 0x83, 0xf3, 0xcf, 0x00, 0x00, 0x00, 0x00,
  0x00, 0x00, 0x00, 0x00, 0x00, 0x00, 0x00, 0x00, 0x00, 0x00, 0x00, 0x00, 0x00, 0x00, 0x00, 0x00, 0x00, 0x00, 0x00, 0x00, 0x00, 0x00, 0x00, 0x00, 0x00, 0x00, 0x00, 0x00, 0x00, 0x00, 0x00, 0x00,
  0x00, 0x00, 0x00, 0x00, 0x00, 0x00, 0x00, 0x00, 0xf4, 0x31, 0xe8, 0x83, 0xe8, 0xe4, 0xe8, 0xe4, 0xe8, 0xe4, 0xe8, 0xe4, 0xe8, 0xe4, 0xe8, 0xe4, 0xe8, 0xe4, 0xe8, 0xe4, 0xe8, 0xe4, 0xe8, 0xe4,
  0xe8, 0xc4, 0xe9, 0x66, 0x21, 0x04, 0x00, 0x00, 0x00, 0x00, 0x00, 0x00, 0x00, 0x00, 0x00, 0x00, 0x00, 0x00, 0x00, 0x00, 0x00, 0x00, 0xf4, 0x51, 0xe8, 0x83, 0xe8, 0xe4, 0xe8, 0xe4, 0xe8, 0xe4,
  0xe8, 0xe4, 0xe8, 0xe4, 0xe8, 0xe4, 0xe8, 0xe4, 0xe8, 0xe4, 0xe8, 0xe4, 0xe8, 0xe4, 0xe8, 0xe4, 0xe8, 0xe4, 0xe8, 0xe4, 0xe8, 0x83, 0xf3, 0xf0, 0x00, 0x00, 0x00, 0x00, 0x00, 0x00, 0x00, 0x00,
  0x00, 0x00, 0x00, 0x00, 0x00, 0x00, 0x00, 0x00, 0x00, 0x00, 0x00, 0x00, 0x00, 0x00, 0x00, 0x00, 0x00, 0x00, 0x00, 0x00, 0x00, 0x00, 0x00, 0x00, 0x00, 0x00, 0x00, 0x00, 0x00, 0x00, 0x00, 0x00,
  0x00, 0x00, 0x62, 0x8a, 0xe9, 0x05, 0xe8, 0xc4, 0xe8, 0xe4, 0xe8, 0xe4, 0xe8, 0xe4, 0xe8, 0xe4, 0xe8, 0xe4, 0xe8, 0xe4, 0xe8, 0xe4, 0xe8, 0xe4, 0xe8, 0xe4, 0xe8, 0xe4, 0xe8, 0xe4, 0xe8, 0xc4,
  0xe9, 0x05, 0x52, 0x28, 0x00, 0x00, 0x00, 0x00, 0x00, 0x00, 0x00, 0x00, 0x00, 0x00, 0x00, 0x00, 0x00, 0x00, 0x00, 0x00, 0x00, 0x00, 0x00, 0x00, 0x00, 0x00, 0x00, 0x00, 0x00, 0x00, 0x00, 0x00,
  0x00, 0x00, 0x00, 0x00, 0x00, 0x00, 0x00, 0x00, 0x00, 0x00, 0x00, 0x00, 0x00, 0x00, 0x00, 0x00, 0x00, 0x00, 0x00, 0x00, 0x00, 0x00, 0x00, 0x00, 0x00, 0x00, 0x00, 0x00, 0x00, 0x00, 0x00, 0x00,
  0x00, 0x00, 0x00, 0x00, 0x00, 0x00, 0x00, 0x00, 0x00, 0x00, 0x00, 0x00, 0x00, 0x00, 0x00, 0x00, 0x00, 0x00, 0x00, 0x00, 0x00, 0x00, 0x00, 0x00, 0x00, 0x00, 0x00, 0x00, 0x00, 0x00, 0x00, 0x00,
  0x00, 0x00, 0x00, 0x00, 0x00, 0x00, 0x00, 0x00, 0x00, 0x00, 0x00, 0x00, 0x00, 0x00, 0x00, 0x00, 0x00, 0x00, 0x00, 0x00, 0x00, 0x00, 0x00, 0x00, 0x00, 0x00, 0x00, 0x00, 0x00, 0x00, 0x00, 0x00,
  0x00, 0x00, 0x00, 0x00, 0x00, 0x00, 0x00, 0x00, 0x00, 0x00, 0x00, 0x00, 0x00, 0x00, 0x00, 0x00, 0x00, 0x00, 0x00, 0x00, 0xf2, 0xcc, 0xe8, 0x83, 0xe8, 0xe4, 0xe8, 0xe4, 0xe8, 0xe4, 0xe8, 0xe4,
  0xe8, 0xe4, 0xe8, 0xe4, 0xe8, 0xe4, 0xe8, 0xe4, 0xe8, 0xe4, 0xe8, 0xe4, 0xe8, 0xe4, 0xe8, 0xe4, 0xe8, 0xe4, 0xe8, 0xe4, 0xe8, 0xe4, 0xe8, 0xe4, 0xe8, 0xe4, 0xe8, 0xe4, 0xe8, 0xe4, 0xe8, 0xe4,
  0xe8, 0xe4, 0xe8, 0xe4, 0xe8, 0xe4, 0xe8, 0xe4, 0xe8, 0xe4, 0xe8, 0xe4, 0xe8, 0xe4, 0xe8, 0xe4, 0xe8, 0xe4, 0xe8, 0xe4, 0xe8, 0xe4, 0xe8, 0xe4, 0xe8, 0xe4, 0xe8, 0xe4, 0xe8, 0xe4, 0xe8, 0xe4,
  0xe8, 0xe4, 0xe8, 0xe4, 0xe8, 0xe4, 0xe8, 0xe4, 0xe8, 0xe4, 0xe8, 0xe4, 0xe8, 0xe4, 0xe8, 0xe4, 0xe8, 0xe4, 0xe8, 0xe4, 0xe8, 0xe4, 0xe8, 0xe4, 0xe8, 0xe4, 0xe8, 0xe4, 0xe8, 0xe4, 0xe8, 0xe4,
  0xe8, 0xe4, 0xe8, 0xe4, 0xe8, 0xe4, 0xe8, 0xe4, 0xe8, 0xe4, 0xe8, 0xe4, 0xe8, 0xe4, 0xe8, 0xe4, 0xe8, 0xe4, 0xe8, 0xe4, 0xe8, 0xe4, 0xe8, 0xe4, 0xe8, 0xe4, 0xe8, 0xe4, 0xe8, 0xe4, 0xe8, 0xe4,
  0xe8, 0xe4, 0xe8, 0xe4, 0xe8, 0xe4, 0xe8, 0xe4, 0xe8, 0xe4, 0xe8, 0xe4, 0xe8, 0xe4, 0xe8, 0xe4, 0xe8, 0xe4, 0xe8, 0xe4, 0xe8, 0xe4, 0xe8, 0xe4, 0xe8, 0xe4, 0xe8, 0xe4, 0xe8, 0xe4, 0xe8, 0xe4,
  0xe8, 0xe4, 0xe8, 0xe4, 0xe8, 0xe4, 0xe8, 0xe4, 0xe8, 0xe4, 0xe8, 0xe4, 0xe8, 0xe4, 0xe8, 0xe4, 0xe8, 0xe4, 0xe8, 0xe4, 0xe8, 0xe4, 0xe8, 0xe4, 0xe8, 0xe4, 0xe8, 0xe4, 0xe8, 0xe4, 0xe8, 0xe4,
  0xe8, 0xe4, 0xe8, 0xe4, 0xe8, 0xe4, 0xe8, 0xe4, 0xe8, 0xe4, 0xe8, 0xe4, 0xe8, 0xe4, 0xe8, 0xe4, 0xe8, 0xe4, 0xe8, 0xe4, 0xe8, 0xe4, 0xe8, 0xe4, 0xe8, 0xe4, 0xe8, 0xe4, 0xe8, 0xe4, 0xe8, 0xe4,
  0xe8, 0xe4, 0xe8, 0xe4, 0xe8, 0xe4, 0xe8, 0xe4, 0xe8, 0xe4, 0xe8, 0xe4, 0xe8, 0xe4, 0xe8, 0xe4, 0xe8, 0xe4, 0xe8, 0xe4, 0xe8, 0xe4, 0xe8, 0xa3, 0xdc, 0x51, 0x00, 0x00, 0x00, 0x00, 0x00, 0x00,
  0x00, 0x00, 0x00, 0x00, 0x00, 0x00, 0x00, 0x00, 0x00, 0x00, 0x00, 0x00, 0x00, 0x00, 0x00, 0x00, 0x00, 0x00, 0x00, 0x00, 0x00, 0x00, 0x00, 0x00, 0x00, 0x00, 0x00, 0x00, 0x00, 0x00, 0x00, 0x00,
  0x00, 0x00, 0x00, 0x00, 0x00, 0x00, 0x00, 0x00, 0xf4, 0x51, 0xe8, 0x83, 0xe8, 0xe4, 0xe8, 0xe4, 0xe8, 0xe4, 0xe8, 0xe4, 0xe8, 0xe4, 0xe8, 0xe4, 0xe8, 0xe4, 0xe8, 0xe4, 0xe8, 0xe4, 0xe8, 0xe4,
  0xe8, 0x83, 0xf3, 0xcf, 0x00, 0x00, 0x00, 0x00, 0x00, 0x00, 0x00, 0x00, 0x00, 0x00, 0x00, 0x00, 0x00, 0x00, 0x00, 0x00, 0x00, 0x00, 0x00, 0x00, 0x00, 0x00, 0x00, 0x00, 0x00, 0x00, 0x00, 0x00,
  0x00, 0x00, 0x00, 0x00, 0x00, 0x00, 0x00, 0x00, 0x00, 0x00, 0x00, 0x00, 0x00, 0x00, 0x00, 0x00, 0xf4, 0x31, 0xe8, 0x83, 0xe8, 0xe4, 0xe8, 0xe4, 0xe8, 0xe4, 0xe8, 0xe4, 0xe8, 0xe4, 0xe8, 0xe4,
  0xe8, 0xe4, 0xe8, 0xe4, 0xe8, 0xe4, 0xe8, 0xe4, 0xe8, 0xc4, 0xe9, 0x66, 0x21, 0x04, 0x00, 0x00, 0x00, 0x00, 0x00, 0x00, 0x00, 0x00, 0x00, 0x00, 0x00, 0x00, 0x00, 0x00, 0x18, 0xc3, 0xe9, 0x87,
  0xe8, 0xc4, 0xe8, 0xe4, 0xe8, 0xe4, 0xe8, 0xe4, 0xe8, 0xe4, 0xe8, 0xe4, 0xe8, 0xe4, 0xe8, 0xe4, 0xe8, 0xe4, 0xe8, 0xe4, 0xe8, 0xe4, 0xe8, 0xe4, 0xe8, 0xe4, 0xe8, 0xc4, 0xe9, 0x66, 0x29, 0x24,
  0x00, 0x00, 0x00, 0x00, 0x00, 0x00, 0x00, 0x00, 0x00, 0x00, 0x00, 0x00, 0x00, 0x00, 0x00, 0x00, 0x00, 0x00, 0x00, 0x00, 0x00, 0x00, 0x00, 0x00, 0x00, 0x00, 0x00, 0x00, 0x00, 0x00, 0x00, 0x00,
  0x00, 0x00, 0x00, 0x00, 0x00, 0x00, 0x00, 0x00, 0x00, 0x00, 0xf3, 0x0d, 0xe8, 0x83, 0xe8, 0xe4, 0xe8, 0xe4, 0xe8, 0xe4, 0xe8, 0xe4, 0xe8, 0xe4, 0xe8, 0xe4, 0xe8, 0xe4, 0xe8, 0xe4, 0xe8, 0xe4,
  0xe8, 0xe4, 0xe8, 0xe4, 0xe8, 0xe4, 0xe8, 0x83, 0xf3, 0x8e, 0x00, 0x00, 0x00, 0x00, 0x00, 0x00, 0x00, 0x00, 0x00, 0x00, 0x00, 0x00, 0x00, 0x00, 0x00, 0x00, 0x00, 0x00, 0x00, 0x00, 0x00, 0x00,
  0x00, 0x00, 0x00, 0x00, 0x00, 0x00, 0x00, 0x00, 0x00, 0x00, 0x00, 0x00, 0x00, 0x00, 0x00, 0x00, 0x00, 0x00, 0x00, 0x00, 0x00, 0x00, 0x00, 0x00, 0x00, 0x00, 0x00, 0x00, 0x00, 0x00, 0x00, 0x00,
  0x00, 0x00, 0x00, 0x00, 0x00, 0x00, 0x00, 0x00, 0x00, 0x00, 0x00, 0x00, 0x00, 0x00, 0x00, 0x00, 0x00, 0x00, 0x00, 0x00, 0x00, 0x00, 0x00, 0x00, 0x00, 0x00, 0x00, 0x00, 0x00, 0x00, 0x00, 0x00,
  0x00, 0x00, 0x00, 0x00, 0x00, 0x00, 0x00, 0x00, 0x00, 0x00, 0x00, 0x00, 0x00, 0x00, 0x00, 0x00, 0x00, 0x00, 0x00, 0x00, 0x00, 0x00, 0x00, 0x00, 0x00, 0x00, 0x00, 0x00, 0x00, 0x00, 0x00, 0x00,
  0x00, 0x00, 0x00, 0x00, 0x00, 0x00, 0x00, 0x00, 0x00, 0x00, 0x00, 0x00, 0x00, 0x00, 0x00, 0x00, 0x00, 0x00, 0x00, 0x00, 0x00, 0x00, 0x00, 0x00, 0x00, 0x00, 0x83, 0x0c, 0xe8, 0xe4, 0xe8, 0xe4,
  0xe8, 0xe4, 0xe8, 0xe4, 0xe8, 0xe4, 0xe8, 0xe4, 0xe8, 0xe4, 0xe8, 0xe4, 0xe8, 0xe4, 0xe8, 0xe4, 0xe8, 0xe4, 0xe8, 0xe4, 0xe8, 0xe4, 0xe8, 0xe4, 0xe8, 0xe4, 0xe8, 0xe4, 0xe8, 0xe4, 0xe8, 0xe4,
  0xe8, 0xe4, 0xe8, 0xe4, 0xe8, 0xe4, 0xe8, 0xe4, 0xe8, 0xe4, 0xe8, 0xe4, 0xe8, 0xe4, 0xe8, 0xe4, 0xe8, 0xe4, 0xe8, 0xe4, 0xe8, 0xe4, 0xe8, 0xe4, 0xe8, 0xe4, 0xe8, 0xe4, 0xe8, 0xe4, 0xe8, 0xe4,
  0xe8, 0xe4, 0xe8, 0xe4, 0xe8, 0xe4, 0xe8, 0xe4, 0xe8, 0xe4, 0xe8, 0xe4, 0xe8, 0xe4, 0xe8, 0xe4, 0xe8, 0xe4, 0xe8, 0xe4, 0xe8, 0xe4, 0xe8, 0xe4, 0xe8, 0xe4, 0xe8, 0xe4, 0xe8, 0xe4, 0xe8, 0xe4,
  0xe8, 0xe4, 0xe8, 0xe4, 0xe8, 0xe4, 0xe8, 0xe4, 0xe8, 0xe4, 0xe8, 0xe4, 0xe8, 0xe4, 0xe8, 0xe4, 0xe8, 0xe4, 0xe8, 0xe4, 0xe8, 0xe4, 0xe8, 0xe4, 0xe8, 0xe4, 0xe8, 0xe4, 0xe8, 0xe4, 0xe8, 0xe4,
  0xe8, 0xe4, 0xe8, 0xe4, 0xe8, 0xe4, 0xe8, 0xe4, 0xe8, 0xe4, 0xe8, 0xe4, 0xe8, 0xe4, 0xe8, 0xe4, 0xe8, 0xe4, 0xe8, 0xe4, 0xe8, 0xe4, 0xe8, 0xe4, 0xe8, 0xe4, 0xe8, 0xe4, 0xe8, 0xe4, 0xe8, 0xe4,
  0xe8, 0xe4, 0xe8, 0xe4, 0xe8, 0xe4, 0xe8, 0xe4, 0xe8, 0xe4, 0xe8, 0xe4, 0xe8, 0xe4, 0xe8, 0xe4, 0xe8, 0xe4, 0xe8, 0xe4, 0xe8, 0xe4, 0xe8, 0xe4, 0xe8, 0xe4, 0xe8, 0xe4, 0xe8, 0xe4, 0xe8, 0xe4,
  0xe8, 0xe4, 0xe8, 0xe4, 0xe8, 0xe4, 0xe8, 0xe4, 0xe8, 0xe4, 0xe8, 0xe4, 0xe8, 0xe4, 0xe8, 0xe4, 0xe8, 0xe4, 0xe8, 0xe4, 0xe8, 0xe4, 0xe8, 0xe4, 0xe8, 0xe4, 0xe8, 0xe4, 0xe8, 0xe4, 0xe8, 0xe4,
  0xe8, 0xe4, 0xe8, 0xe4, 0xe8, 0xe4, 0xe8, 0xe4, 0xe8, 0xe4, 0xe8, 0xe4, 0xe8, 0xe4, 0xe8, 0xe4, 0xe8, 0xe4, 0xe8, 0xe4, 0xe8, 0xe4, 0xe8, 0xe4, 0xe8, 0xe4, 0xe8, 0xe4, 0xe8, 0x83, 0xf4, 0x10,
  0x00, 0x00, 0x00, 0x00, 0x00, 0x00, 0x00, 0x00, 0x00, 0x00, 0x00, 0x00, 0x00, 0x00, 0x00, 0x00, 0x00, 0x00, 0x00, 0x00, 0x00, 0x00, 0x00, 0x00, 0x00, 0x00, 0x00, 0x00, 0x00, 0x00, 0x00, 0x00,
  0x00, 0x00, 0x00, 0x00, 0x00, 0x00, 0x00, 0x00, 0x00, 0x00, 0x00, 0x00, 0x00, 0x00, 0x00, 0x00, 0xf4, 0x51, 0xe8, 0x83, 0xe8, 0xe4, 0xe8, 0xe4, 0xe8, 0xe4, 0xe8, 0xe4, 0xe8, 0xe4, 0xe8, 0xe4,
  0xe8, 0xe4, 0xe8, 0xe4, 0xe8, 0xe4, 0xe8, 0xe4, 0xe8, 0x83, 0xf3, 0xcf, 0x00, 0x00, 0x00, 0x00, 0x00, 0x00, 0x00, 0x00, 0x00, 0x00, 0x00, 0x00, 0x00, 0x00, 0x00, 0x00, 0x00, 0x00, 0x00, 0x00,
  0x00, 0x00, 0x00, 0x00, 0x00, 0x00, 0x00, 0x00, 0x00, 0x00, 0x00, 0x00, 0x00, 0x00, 0x00, 0x00, 0x00, 0x00, 0x00, 0x00, 0x00, 0x00, 0x00, 0x00, 0xf4, 0x31, 0xe8, 0x83, 0xe8, 0xe4, 0xe8, 0xe4,
  0xe8, 0xe4, 0xe8, 0xe4, 0xe8, 0xe4, 0xe8, 0xe4, 0xe8, 0xe4, 0xe8, 0xe4, 0xe8, 0xe4, 0xe8, 0xe4, 0xe8, 0xc4, 0xe9, 0x66, 0x21, 0x04, 0x00, 0x00, 0x00, 0x00, 0x00, 0x00, 0x00, 0x00, 0x00, 0x00,
  0x00, 0x00, 0x00, 0x00, 0xf4, 0x10, 0xe8, 0x83, 0xe8, 0xe4, 0xe8, 0xe4, 0xe8, 0xe4, 0xe8, 0xe4, 0xe8, 0xe4, 0xe8, 0xe4, 0xe8, 0xe4, 0xe8, 0xe4, 0xe8, 0xe4, 0xe8, 0xe4, 0xe8, 0xe4, 0xe8, 0xe4,
  0xe8, 0xe4, 0xe8, 0x83, 0xf4, 0x10, 0x00, 0x00, 0x00, 0x00, 0x00, 0x00, 0x00, 0x00, 0x00, 0x00, 0x00, 0x00, 0x00, 0x00, 0x00, 0x00, 0x00, 0x00, 0x00, 0x00, 0x00, 0x00, 0x00, 0x00, 0x00, 0x00,
  0x00, 0x00, 0x00, 0x00, 0x00, 0x00, 0x00, 0x00, 0x00, 0x00, 0x00, 0x00, 0x00, 0x00, 0x00, 0x00, 0x72, 0xcb, 0xe8, 0xe4, 0xe8, 0xe4, 0xe8, 0xe4, 0xe8, 0xe4, 0xe8, 0xe4, 0xe8, 0xe4, 0xe8, 0xe4,
  0xe8, 0xe4, 0xe8, 0xe4, 0xe8, 0xe4, 0xe8, 0xe4, 0xe8, 0xe4, 0xe8, 0xe4, 0xe8, 0xc4, 0xe9, 0x25, 0x41, 0xa6, 0x00, 0x00, 0x00, 0x00, 0x00, 0x00, 0x00, 0x00, 0x00, 0x00, 0x00, 0x00, 0x00, 0x00,
  0x00, 0x00, 0x00, 0x00, 0x00, 0x00, 0x00, 0x00, 0x00, 0x00, 0x00, 0x00, 0x00, 0x00, 0x00, 0x00, 0x00, 0x00, 0x00, 0x00, 0x00, 0x00, 0x00, 0x00, 0x00, 0x00, 0x00, 0x00, 0x00, 0x00, 0x00, 0x00,
  0x00, 0x00, 0x00, 0x00, 0x00, 0x00, 0x00, 0x00, 0x00, 0x00, 0x00, 0x00, 0x00, 0x00, 0x00, 0x00, 0x00, 0x00, 0x00, 0x00, 0x00, 0x00, 0x00, 0x00, 0x00, 0x00, 0x00, 0x00, 0x00, 0x00, 0x00, 0x00,
  0x00, 0x00, 0x00, 0x00, 0x00, 0x00, 0x00, 0x00, 0x00, 0x00, 0x00, 0x00, 0x00, 0x00, 0x00, 0x00, 0x00, 0x00, 0x00, 0x00, 0x00, 0x00, 0x00, 0x00, 0x00, 0x00, 0x00, 0x00, 0x00, 0x00, 0x00, 0x00,
  0x00, 0x00, 0x00, 0x00, 0x00, 0x00, 0x00, 0x00, 0x00, 0x00, 0x00, 0x00, 0x00, 0x00, 0x00, 0x00, 0x00, 0x00, 0x00, 0x00, 0x00, 0x00, 0x00, 0x00, 0x00, 0x00, 0x00, 0x00, 0x00, 0x00, 0x00, 0x00,
  0x00, 0x00, 0xf2, 0xec, 0xe8, 0x83, 0xe8, 0xe4, 0xe8, 0xe4, 0xe8, 0xe4, 0xe8, 0xe4, 0xe8, 0xe4, 0xe8, 0xe4, 0xe8, 0xe4, 0xe8, 0xe4, 0xe8, 0xe4, 0xe8, 0xe4, 0xe8, 0xe4, 0xe8, 0xe4, 0xe8, 0xe4,
  0xe8, 0xe4, 0xe8, 0xe4, 0xe8, 0xe4, 0xe8, 0xe4, 0xe8, 0xe4, 0xe8, 0xe4, 0xe8, 0xe4, 0xe8, 0xe4, 0xe8, 0xe4, 0xe8, 0xe4, 0xe8, 0xe4, 0xe8, 0xe4, 0xe8, 0xe4, 0xe8, 0xe4, 0xe8, 0xe4, 0xe8, 0xe4,
  0xe8, 0xe4, 0xe8, 0xe4, 0xe8, 0xe4, 0xe8, 0xe4, 0xe8, 0xe4, 0xe8, 0xe4, 0xe8, 0xe4, 0xe8, 0xe4, 0xe8, 0xe4, 0xe8, 0xe4, 0xe8, 0xe4, 0xe8, 0xe4, 0xe8, 0xe4, 0xe8, 0xe4, 0xe8, 0xe4, 0xe8, 0xe4,
  0xe8, 0xe4, 0xe8, 0xe4, 0xe8, 0xe4, 0xe8, 0xe4, 0xe8, 0xe4, 0xe8, 0xe4, 0xe8, 0xe4, 0xe8, 0xe4, 0xe8, 0xe4, 0xe8, 0xe4, 0xe8, 0xe4, 0xe8, 0xe4, 0xe8, 0xe4, 0xe8, 0xe4, 0xe8, 0xe4, 0xe8, 0xe4,
  0xe8, 0xe4, 0xe8, 0xe4, 0xe8, 0xe4, 0xe8, 0xe4, 0xe8, 0xe4, 0xe8, 0xe4, 0xe8, 0xe4, 0xe8, 0xe4, 0xe8, 0xe4, 0xe8, 0xe4, 0xe8, 0xe4, 0xe8, 0xe4, 0xe8, 0xe4, 0xe8, 0xe4, 0xe8, 0xe4, 0xe8, 0xe4,
  0xe8, 0xe4, 0xe8, 0xe4, 0xe8, 0xe4, 0xe8, 0xe4, 0xe8, 0xe4, 0xe8, 0xe4, 0xe8, 0xe4, 0xe8, 0xe4, 0xe8, 0xe4, 0xe8, 0xe4, 0xe8, 0xe4, 0xe8, 0xe4, 0xe8, 0xe4, 0xe8, 0xe4, 0xe8, 0xe4, 0xe8, 0xe4,
  0xe8, 0xe4, 0xe8, 0xe4, 0xe8, 0xe4, 0xe8, 0xe4, 0xe8, 0xe4, 0xe8, 0xe4, 0xe8, 0xe4, 0xe8, 0xe4, 0xe8, 0xe4, 0xe8, 0xe4, 0xe8, 0xe4, 0xe8, 0xe4, 0xe8, 0xe4, 0xe8, 0xe4, 0xe8, 0xe4, 0xe8, 0xe4,
  0xe8, 0xe4, 0xe8, 0xe4, 0xe8, 0xe4, 0xe8, 0xe4, 0xe8, 0xe4, 0xe8, 0xe4, 0xe8, 0xe4, 0xe8, 0xe4, 0xe8, 0xe4, 0xe8, 0xe4, 0xe8, 0xe4, 0xe8, 0xe4, 0xe8, 0xe4, 0xe8, 0xe4, 0xe8, 0xe4, 0xe8, 0xe4,
  0xe8, 0xe4, 0xe8, 0x83, 0xf3, 0xaf, 0x00, 0x00, 0x00, 0x00, 0x00, 0x00, 0x00, 0x00, 0x00, 0x00, 0x00, 0x00, 0x00, 0x00, 0x00, 0x00, 0x00, 0x00, 0x00, 0x00, 0x00, 0x00, 0x00, 0x00, 0x00, 0x00,
  0x00, 0x00, 0x00, 0x00, 0x00, 0x00, 0x00, 0x00, 0x00, 0x00, 0x00, 0x00, 0x00, 0x00, 0x00, 0x00, 0x00, 0x00, 0x00, 0x00, 0x00, 0x00, 0x00, 0x00, 0xf4, 0x51, 0xe8, 0x83, 0xe8, 0xe4, 0xe8, 0xe4,
  0xe8, 0xe4, 0xe8, 0xe4, 0xe8, 0xe4, 0xe8, 0xe4, 0xe8, 0xe4, 0xe8, 0xe4, 0xe8, 0xe4, 0xe8, 0xe4, 0xe8, 0x83, 0xf3, 0xcf, 0x00, 0x00, 0x00, 0x00, 0x00, 0x00, 0x00, 0x00, 0x00, 0x00, 0x00, 0x00,
  0x00, 0x00, 0x00, 0x00, 0x00, 0x00, 0x00, 0x00, 0x00, 0x00, 0x00, 0x00, 0x00, 0x00, 0x00, 0x00, 0x00, 0x00, 0x00, 0x00, 0x00, 0x00, 0x00, 0x00, 0x00, 0x00, 0x00, 0x00, 0x00, 0x00, 0x00, 0x00,
  0xf4, 0x31, 0xe8, 0x83, 0xe8, 0xe4, 0xe8, 0xe4, 0xe8, 0xe4, 0xe8, 0xe4, 0xe8, 0xe4, 0xe8, 0xe4, 0xe8, 0xe4, 0xe8, 0xe4, 0xe8, 0xe4, 0xe8, 0xe4, 0xe8, 0xc4, 0xe9, 0x66, 0x21, 0x04, 0x00, 0x00,
  0x00, 0x00, 0x00, 0x00, 0x00, 0x00, 0x00, 0x00, 0x00, 0x00, 0x21, 0x04, 0xe9, 0x66, 0xe8, 0xc4, 0xe8, 0xe4, 0xe8, 0xe4, 0xe8, 0xe4, 0xe8, 0xe4, 0xe8, 0xe4, 0xe8, 0xe4, 0xe8, 0xe4, 0xe8, 0xe4,
  0xe8, 0xe4, 0xe8, 0xe4, 0xe8, 0xe4, 0xe8, 0xe4, 0xe8, 0xc4, 0xe9, 0x66, 0x21, 0x04, 0x00, 0x00, 0x00, 0x00, 0x00, 0x00, 0x00, 0x00, 0x00, 0x00, 0x00, 0x00, 0x00, 0x00, 0x00, 0x00, 0x00, 0x00,
  0x00, 0x00, 0x00, 0x00, 0x00, 0x00, 0x00, 0x00, 0x00, 0x00, 0x00, 0x00, 0x00, 0x00, 0x00, 0x00, 0x00, 0x00, 0x00, 0x00, 0x00, 0x00, 0x00, 0x00, 0xf2, 0xec, 0xe8, 0x83, 0xe8, 0xe4, 0xe8, 0xe4,
  0xe8, 0xe4, 0xe8, 0xe4, 0xe8, 0xe4, 0xe8, 0xe4, 0xe8, 0xe4, 0xe8, 0xe4, 0xe8, 0xe4, 0xe8, 0xe4, 0xe8, 0xe4, 0xe8, 0xe4, 0xe8, 0x83, 0xf3, 0xcf, 0x00, 0x00, 0x00, 0x00, 0x00, 0x00, 0x00, 0x00,
  0x00, 0x00, 0x00, 0x00, 0x00, 0x00, 0x00, 0x00, 0x00, 0x00, 0x00, 0x00, 0x00, 0x00, 0x00, 0x00, 0x00, 0x00, 0x00, 0x00, 0x00, 0x00, 0x00, 0x00, 0x00, 0x00, 0x00, 0x00, 0x00, 0x00, 0x00, 0x00,
  0x00, 0x00, 0x00, 0x00, 0x00, 0x00, 0x00, 0x00, 0x00, 0x00, 0x00, 0x00, 0x00, 0x00, 0x00, 0x00, 0x00, 0x00, 0x00, 0x00, 0x00, 0x00, 0x00, 0x00, 0x00, 0x00, 0x00, 0x00, 0x00, 0x00, 0x00, 0x00,
  0x00, 0x00, 0x00, 0x00, 0x00, 0x00, 0x00, 0x00, 0x00, 0x00, 0x00, 0x00, 0x00, 0x00, 0x00, 0x00, 0x00, 0x00, 0x00, 0x00, 0x00, 0x00, 0x00, 0x00, 0x00, 0x00, 0x00, 0x00, 0x00, 0x00, 0x00, 0x00,
  0x00, 0x00, 0x00, 0x00, 0x00, 0x00, 0x00, 0x00, 0x00, 0x00, 0x00, 0x00, 0x00, 0x00, 0x00, 0x00, 0x00, 0x00, 0x00, 0x00, 0x00, 0x00, 0x00, 0x00, 0x00, 0x00, 0x00, 0x00, 0x00, 0x00, 0x00, 0x00,
  0x00, 0x00, 0x00, 0x00, 0x00, 0x00, 0x00, 0x00, 0x72, 0xeb, 0xe8, 0xe4, 0xe8, 0xe4, 0xe8, 0xe4, 0xe8, 0xe4, 0xe8, 0xe4, 0xe8, 0xe4, 0xe8, 0xe4, 0xe8, 0xe4, 0xe8, 0xe4, 0xe8, 0xe4, 0xe8, 0xe4,
  0xe8, 0xe4, 0xe8, 0xe4, 0xe8, 0xe4, 0xe8, 0xe4, 0xe8, 0xe4, 0xe8, 0xe4, 0xe8, 0xe4, 0xe8, 0xe4, 0xe8, 0xe4, 0xe8, 0xe4, 0xe8, 0xe4, 0xe8, 0xe4, 0xe8, 0xe4, 0xe8, 0xe4, 0xe8, 0xe4, 0xe8, 0xe4,
  0xe8, 0xe4, 0xe8, 0xe4, 0xe8, 0xe4, 0xe8, 0xe4, 0xe8, 0xe4, 0xe8, 0xe4, 0xe8, 0xe4, 0xe8, 0xe4, 0xe8, 0xe4, 0xe8, 0xe4, 0xe8, 0xe4, 0xe8, 0xe4, 0xe8, 0xe4, 0xe8, 0xe4, 0xe8, 0xe4, 0xe8, 0xe4,
  0xe8, 0xe4, 0xe8, 0xe4, 0xe8, 0xe4, 0xe8, 0xe4, 0xe8, 0xe4, 0xe8, 0xe4, 0xe8, 0xe4, 0xe8, 0xe4, 0xe8, 0xe4, 0xe8, 0xe4, 0xe8, 0xe4, 0xe8, 0xe4, 0xe8, 0xe4, 0xe8, 0xe4, 0xe8, 0xe4, 0xe8, 0xe4,
  0xe8, 0xe4, 0xe8, 0xe4, 0xe8, 0xe4, 0xe8, 0xe4, 0xe8, 0xe4, 0xe8, 0xe4, 0xe8, 0xe4, 0xe8, 0xe4, 0xe8, 0xe4, 0xe8, 0xe4, 0xe8, 0xe4, 0xe8, 0xe4, 0xe8, 0xe4, 0xe8, 0xe4, 0xe8, 0xe4, 0xe8, 0xe4,
  0xe8, 0xe4, 0xe8, 0xe4, 0xe8, 0xe4, 0xe8, 0xe4, 0xe8, 0xe4, 0xe8, 0xe4, 0xe8, 0xe4, 0xe8, 0xe4, 0xe8, 0xe4, 0xe8, 0xe4, 0xe8, 0xe4, 0xe8, 0xe4, 0xe8, 0xe4, 0xe8, 0xe4, 0xe8, 0xe4, 0xe8, 0xe4,
  0xe8, 0xe4, 0xe8, 0xe4, 0xe8, 0xe4, 0xe8, 0xe4, 0xe8, 0xe4, 0xe8, 0xe4, 0xe8, 0xe4, 0xe8, 0xe4, 0xe8, 0xe4, 0xe8, 0xe4, 0xe8, 0xe4, 0xe8, 0xe4, 0xe8, 0xe4, 0xe8, 0xe4, 0xe8, 0xe4, 0xe8, 0xe4,
  0xe8, 0xe4, 0xe8, 0xe4, 0xe8, 0xe4, 0xe8, 0xe4, 0xe8, 0xe4, 0xe8, 0xe4, 0xe8, 0xe4, 0xe8, 0xe4, 0xe8, 0xe4, 0xe8, 0xe4, 0xe8, 0xe4, 0xe8, 0xe4, 0xe8, 0xe4, 0xe8, 0xe4, 0xe8, 0xe4, 0xe8, 0xe4,
  0xe8, 0xe4, 0xe8, 0xe4, 0xe8, 0xe4, 0xe8, 0xc4, 0xe8, 0x83, 0xf3, 0xf0, 0x00, 0x00, 0x00, 0x00, 0x00, 0x00, 0x00, 0x00, 0x00, 0x00, 0x00, 0x00, 0x00, 0x00, 0x00, 0x00, 0x00, 0x00, 0x00, 0x00,
  0x00, 0x00, 0x00, 0x00, 0x00, 0x00, 0x00, 0x00, 0x00, 0x00, 0x00, 0x00, 0x00, 0x00, 0x00, 0x00, 0x00, 0x00, 0x00, 0x00, 0x00, 0x00, 0x00, 0x00, 0x00, 0x00, 0x00, 0x00, 0x00, 0x00, 0x00, 0x00,
  0xf4, 0x51, 0xe8, 0x83, 0xe8, 0xe4, 0xe8, 0xe4, 0xe8, 0xe4, 0xe8, 0xe4, 0xe8, 0xe4, 0xe8, 0xe4, 0xe8, 0xe4, 0xe8, 0xe4, 0xe8, 0xe4, 0xe8, 0xe4, 0xe8, 0x83, 0xf3, 0xcf, 0x00, 0x00, 0x00, 0x00,
  0x00, 0x00, 0x00, 0x00, 0x00, 0x00, 0x00, 0x00, 0x00, 0x00, 0x00, 0x00, 0x00, 0x00, 0x00, 0x00, 0x00, 0x00, 0x00, 0x00, 0x00, 0x00, 0x00, 0x00, 0x00, 0x00, 0x00, 0x00, 0x00, 0x00, 0x00, 0x00,
  0x00, 0x00, 0x00, 0x00, 0x00, 0x00, 0x00, 0x00, 0xf4, 0x31, 0xe8, 0x83, 0xe8, 0xe4, 0xe8, 0xe4, 0xe8, 0xe4, 0xe8, 0xe4, 0xe8, 0xe4, 0xe8, 0xe4, 0xe8, 0xe4, 0xe8, 0xe4, 0xe8, 0xe4, 0xe8, 0xe4,
  0xe8, 0xc4, 0xe9, 0x66, 0x21, 0x04, 0x00, 0x00, 0x00, 0x00, 0x00, 0x00, 0x00, 0x00, 0x00, 0x00, 0x00, 0x00, 0xf3, 0xf0, 0xe8, 0x83, 0xe8, 0xe4, 0xe8, 0xe4, 0xe8, 0xe4, 0xe8, 0xe4, 0xe8, 0xe4,
  0xe8, 0xe4, 0xe8, 0xe4, 0xe8, 0xe4, 0xe8, 0xe4, 0xe8, 0xe4, 0xe8, 0xe4, 0xe8, 0xe4, 0xe8, 0xe4, 0xe8, 0x83, 0xf4, 0x31, 0x00, 0x00, 0x00, 0x00, 0x00, 0x00, 0x00, 0x00, 0x00, 0x00, 0x00, 0x00,
  0x00, 0x00, 0x00, 0x00, 0x00, 0x00, 0x00, 0x00, 0x00, 0x00, 0x00, 0x00, 0x00, 0x00, 0x00, 0x00, 0x00, 0x00, 0x00, 0x00, 0x00, 0x00, 0x00, 0x00, 0x00, 0x00, 0x00, 0x00, 0x00, 0x00, 0x83, 0x0c,
  0xe8, 0xe4, 0xe8, 0xe4, 0xe8, 0xe4, 0xe8, 0xe4, 0xe8, 0xe4, 0xe8, 0xe4, 0xe8, 0xe4, 0xe8, 0xe4, 0xe8, 0xe4, 0xe8, 0xe4, 0xe8, 0xe4, 0xe8, 0xe4, 0xe8, 0xe4, 0xe8, 0xc4, 0xe9, 0x66, 0x31, 0x45,
  0x00, 0x00, 0x00, 0x00, 0x00, 0x00, 0x00, 0x00, 0x00, 0x00, 0x00, 0x00, 0x00, 0x00, 0x00, 0x00, 0x00, 0x00, 0x00, 0x00, 0x00, 0x00, 0x00, 0x00, 0x00, 0x00, 0x00, 0x00, 0x00, 0x00, 0x00, 0x00,
  0x00, 0x00, 0x00, 0x00, 0x00, 0x00, 0x00, 0x00, 0x00, 0x00, 0x00, 0x00, 0x00, 0x00, 0x00, 0x00, 0x00, 0x00, 0x00, 0x00, 0x00, 0x00, 0x00, 0x00, 0x00, 0x00, 0x00, 0x00, 0x00, 0x00, 0x00, 0x00,
  0x00, 0x00, 0x00, 0x00, 0x00, 0x00, 0x00, 0x00, 0x00, 0x00, 0x00, 0x00, 0x00, 0x00, 0x00, 0x00, 0x00, 0x00, 0x00, 0x00, 0x00, 0x00, 0x00, 0x00, 0x00, 0x00, 0x00, 0x00, 0x00, 0x00, 0x00, 0x00,
  0x00, 0x00, 0x00, 0x00, 0x00, 0x00, 0x00, 0x00, 0x00, 0x00, 0x00, 0x00, 0x00, 0x00, 0x00, 0x00, 0x00, 0x00, 0x00, 0x00, 0x00, 0x00, 0x00, 0x00, 0x00, 0x00, 0x00, 0x00, 0x00, 0x00, 0x00, 0x00,
  0x00, 0x00, 0x00, 0x00, 0x00, 0x00, 0x00, 0x00, 0x00, 0x00, 0x00, 0x00, 0x00, 0x00, 0x00, 0x00, 0xf3, 0x0c, 0xe8, 0x83, 0xe8, 0xe4, 0xe8, 0xe4, 0xe8, 0xe4, 0xe8, 0xe4, 0xe8, 0xe4, 0xe8, 0xe4,
  0xe8, 0xe4, 0xe8, 0xe4, 0xe8, 0xe4, 0xe8, 0xe4, 0xe8, 0xe4, 0xe8, 0xe4, 0xe8, 0xe4, 0xe8, 0xe4, 0xe8, 0xe4, 0xe8, 0xe4, 0xe8, 0xe4, 0xe8, 0xe4, 0xe8, 0xe4, 0xe8, 0xe4, 0xe8, 0xe4, 0xe8, 0xe4,
  0xe8, 0xe4, 0xe8, 0xe4, 0xe8, 0xe4, 0xe8, 0xe4, 0xe8, 0xe4, 0xe8, 0xe4, 0xe8, 0xe4, 0xe8, 0xe4, 0xe8, 0xe4, 0xe8, 0xe4, 0xe8, 0xe4, 0xe8, 0xe4, 0xe8, 0xe4, 0xe8, 0xe4, 0xe8, 0xe4, 0xe8, 0xe4,
  0xe8, 0xe4, 0xe8, 0xe4, 0xe8, 0xe4, 0xe8, 0xe4, 0xe8, 0xe4, 0xe8, 0xe4, 0xe8, 0xe4, 0xe8, 0xe4, 0xe8, 0xe4, 0xe8, 0xe4, 0xe8, 0xe4, 0xe8, 0xe4, 0xe8, 0xe4, 0xe8, 0xe4, 0xe8, 0xe4, 0xe8, 0xe4,
  0xe8, 0xe4, 0xe8, 0xe4, 0xe8, 0xe4, 0xe8, 0xe4, 0xe8, 0xe4, 0xe8, 0xe4, 0xe8, 0xe4, 0xe8, 0xe4, 0xe8, 0xe4, 0xe8, 0xe4, 0xe8, 0xe4, 0xe8, 0xe4, 0xe8, 0xe4, 0xe8, 0xe4, 0xe8, 0xe4, 0xe8, 0xe4,
  0xe8, 0xe4, 0xe8, 0xe4, 0xe8, 0xe4, 0xe8, 0xe4, 0xe8, 0xe4, 0xe8, 0xe4, 0xe8, 0xe4, 0xe8, 0xe4, 0xe8, 0xe4, 0xe8, 0xe4, 0xe8, 0xe4, 0xe8, 0xe4, 0xe8, 0xe4, 0xe8, 0xe4, 0xe8, 0xe4, 0xe8, 0xe4,
  0xe8, 0xe4, 0xe8, 0xe4, 0xe8, 0xe4, 0xe8, 0xe4, 0xe8, 0xe4, 0xe8, 0xe4, 0xe8, 0xe4, 0xe8, 0xe4, 0xe8, 0xe4, 0xe8, 0xe4, 0xe8, 0xe4, 0xe8, 0xe4, 0xe8, 0xe4, 0xe8, 0xe4, 0xe8, 0xe4, 0xe8, 0xe4,
  0xe8, 0xe4, 0xe8, 0xe4, 0xe8, 0xe4, 0xe8, 0xe4, 0xe8, 0xe4, 0xe8, 0xe4, 0xe8, 0xe4, 0xe8, 0xe4, 0xe8, 0xe4, 0xe8, 0xe4, 0xe8, 0xe4, 0xe8, 0xe4, 0xe8, 0xe4, 0xe8, 0xe4, 0xe8, 0xe4, 0xe8, 0xe4,
  0xe8, 0xe4, 0xe8, 0xe4, 0xe8, 0xe4, 0xe8, 0xe4, 0xe8, 0xe4, 0xe8, 0xe4, 0xe8, 0xa3, 0xe8, 0xc4, 0xf4, 0x92, 0x00, 0x00, 0x00, 0x00, 0x00, 0x00, 0x00, 0x00, 0x00, 0x00, 0x00, 0x00, 0x00, 0x00,
  0x00, 0x00, 0x00, 0x00, 0x00, 0x00, 0x00, 0x00, 0x00, 0x00, 0x00, 0x00, 0x00, 0x00, 0x00, 0x00, 0x00, 0x00, 0x00, 0x00, 0x00, 0x00, 0x00, 0x00, 0x00, 0x00, 0x00, 0x00, 0x00, 0x00, 0x00, 0x00,
  0x00, 0x00, 0x00, 0x00, 0x00, 0x00, 0x00, 0x00, 0xf4, 0x51, 0xe8, 0x83, 0xe8, 0xe4, 0xe8, 0xe4, 0xe8, 0xe4, 0xe8, 0xe4, 0xe8, 0xe4, 0xe8, 0xe4, 0xe8, 0xe4, 0xe8, 0xe4, 0xe8, 0xe4, 0xe8, 0xe4,
  0xe8, 0x83, 0xf3, 0xcf, 0x00, 0x00, 0x00, 0x00, 0x00, 0x00, 0x00, 0x00, 0x00, 0x00, 0x00, 0x00, 0x00, 0x00, 0x00, 0x00, 0x00, 0x00, 0x00, 0x00, 0x00, 0x00, 0x00, 0x00, 0x00, 0x00, 0x00, 0x00,
  0x00, 0x00, 0x00, 0x00, 0x00, 0x00, 0x00, 0x00, 0x00, 0x00, 0x00, 0x00, 0x00, 0x00, 0x00, 0x00, 0xf4, 0x31, 0xe8, 0x83, 0xe8, 0xe4, 0xe8, 0xe4, 0xe8, 0xe4, 0xe8, 0xe4, 0xe8, 0xe4, 0xe8, 0xe4,
  0xe8, 0xe4, 0xe8, 0xe4, 0xe8, 0xe4, 0xe8, 0xe4, 0xe8, 0xc4, 0xe9, 0x66, 0x21, 0x04, 0x00, 0x00, 0x00, 0x00, 0x00, 0x00, 0x00, 0x00, 0x00, 0x00, 0x31, 0x65, 0xe9, 0x46, 0xe8, 0xc4, 0xe8, 0xe4,
  0xe8, 0xe4, 0xe8, 0xe4, 0xe8, 0xe4, 0xe8, 0xe4, 0xe8, 0xe4, 0xe8, 0xe4, 0xe8, 0xe4, 0xe8, 0xe4, 0xe8, 0xe4, 0xe8, 0xe4, 0xe8, 0xe4, 0xe8, 0xc4, 0xe9, 0x87, 0x18, 0xc3, 0x00, 0x00, 0x00, 0x00,
  0x00, 0x00, 0x00, 0x00, 0x00, 0x00, 0x00, 0x00, 0x00, 0x00, 0x00, 0x00, 0x00, 0x00, 0x00, 0x00, 0x00, 0x00, 0x00, 0x00, 0x00, 0x00, 0x00, 0x00, 0x00, 0x00, 0x00, 0x00, 0x00, 0x00, 0x00, 0x00,
  0x00, 0x00, 0x00, 0x00, 0x00, 0x00, 0xf2, 0xcb, 0xe8, 0x83, 0xe8, 0xe4, 0xe8, 0xe4, 0xe8, 0xe4, 0xe8, 0xe4, 0xe8, 0xe4, 0xe8, 0xe4, 0xe8, 0xe4, 0xe8, 0xe4, 0xe8, 0xe4, 0xe8, 0xe4, 0xe8, 0xe4,
  0xe8, 0xe4, 0xe8, 0x83, 0xf4, 0x10, 0x00, 0x00, 0x00, 0x00, 0x00, 0x00, 0x00, 0x00, 0x00, 0x00, 0x00, 0x00, 0x00, 0x00, 0x00, 0x00, 0x00, 0x00, 0x00, 0x00, 0x00, 0x00, 0x00, 0x00, 0x00, 0x00,
  0x00, 0x00, 0x00, 0x00, 0x00, 0x00, 0x00, 0x00, 0x00, 0x00, 0x00, 0x00, 0x00, 0x00, 0x00, 0x00, 0x00, 0x00, 0x00, 0x00, 0x00, 0x00, 0x00, 0x00, 0x00, 0x00, 0x00, 0x00, 0x00, 0x00, 0x00, 0x00,
  0x00, 0x00, 0x00, 0x00, 0x00, 0x00, 0x00, 0x00, 0x00, 0x00, 0x00, 0x00, 0x00, 0x00, 0x00, 0x00, 0x00, 0x00, 0x00, 0x00, 0x00, 0x00, 0x00, 0x00, 0x00, 0x00, 0x00, 0x00, 0x00, 0x00, 0x00, 0x00,
  0x00, 0x00, 0x00, 0x00, 0x00, 0x00, 0x00, 0x00, 0x00, 0x00, 0x00, 0x00, 0x00, 0x00, 0x00, 0x00, 0x00, 0x00, 0x00, 0x00, 0x00, 0x00, 0x00, 0x00, 0x00, 0x00, 0x00, 0x00, 0x00, 0x00, 0x00, 0x00,
  0x00, 0x00, 0x00, 0x00, 0x00, 0x00, 0x00, 0x00, 0x00, 0x00, 0x00, 0x00, 0x00, 0x00, 0x00, 0x00, 0x00, 0x00, 0x00, 0x00, 0x00, 0x00, 0x72, 0xcb, 0xe8, 0xe4, 0xe8, 0xc4, 0xe8, 0xe4, 0xe8, 0xe4,
  0xe8, 0xe4, 0xe8, 0xe4, 0xe8, 0xe4, 0xe8, 0xe4, 0xe8, 0xe4, 0xe8, 0xe4, 0xe8, 0xe4, 0xe8, 0xe4, 0xe8, 0xe4, 0xe8, 0xe4, 0xe8, 0xe4, 0xe8, 0xe4, 0xe8, 0xe4, 0xe8, 0xe4, 0xe8, 0xe4, 0xe8, 0xe4,
  0xe8, 0xe4, 0xe8, 0xe4, 0xe8, 0xe4, 0xe8, 0xe4, 0xe8, 0xe4, 0xe8, 0xe4, 0xe8, 0xe4, 0xe8, 0xe4, 0xe8, 0xe4, 0xe8, 0xe4, 0xe8, 0xe4, 0xe8, 0xe4, 0xe8, 0xe4, 0xe8, 0xe4, 0xe8, 0xe4, 0xe8, 0xe4,
  0xe8, 0xe4, 0xe8, 0xe4, 0xe8, 0xe4, 0xe8, 0xe4, 0xe8, 0xe4, 0xe8, 0xe4, 0xe8, 0xe4, 0xe8, 0xe4, 0xe8, 0xe4, 0xe8, 0xe4, 0xe8, 0xe4, 0xe8, 0xe4, 0xe8, 0xe4, 0xe8, 0xe4, 0xe8, 0xe4, 0xe8, 0xe4,
  0xe8, 0xe4, 0xe8, 0xe4, 0xe8, 0xe4, 0xe8, 0xe4, 0xe8, 0xe4, 0xe8, 0xe4, 0xe8, 0xe4, 0xe8, 0xe4, 0xe8, 0xe4, 0xe8, 0xe4, 0xe8, 0xe4, 0xe8, 0xe4, 0xe8, 0xe4, 0xe8, 0xe4, 0xe8, 0xe4, 0xe8, 0xe4,
  0xe8, 0xe4, 0xe8, 0xe4, 0xe8, 0xe4, 0xe8, 0xe4, 0xe8, 0xe4, 0xe8, 0xe4, 0xe8, 0xe4, 0xe8, 0xe4, 0xe8, 0xe4, 0xe8, 0xe4, 0xe8, 0xe4, 0xe8, 0xe4, 0xe8, 0xe4, 0xe8, 0xe4, 0xe8, 0xe4, 0xe8, 0xe4,
  0xe8, 0xe4, 0xe8, 0xe4, 0xe8, 0xe4, 0xe8, 0xe4, 0xe8, 0xe4, 0xe8, 0xe4, 0xe8, 0xe4, 0xe8, 0xe4, 0xe8, 0xe4, 0xe8, 0xe4, 0xe8, 0xe4, 0xe8, 0xe4, 0xe8, 0xe4, 0xe8, 0xe4, 0xe8, 0xe4, 0xe8, 0xe4,
  0xe8, 0xe4, 0xe8, 0xe4, 0xe8, 0xe4, 0xe8, 0xe4, 0xe8, 0xe4, 0xe8, 0xe4, 0xe8, 0xe4, 0xe8, 0xe4, 0xe8, 0xe4, 0xe8, 0xe4, 0xe8, 0xe4, 0xe8, 0xe4, 0xe8, 0xe4, 0xe8, 0xe4, 0xe8, 0xe4, 0xe8, 0xe4,
  0xe8, 0xe4, 0xe8, 0xe4, 0xe8, 0xe4, 0xe8, 0xe4, 0xe8, 0xe4, 0xe8, 0xe4, 0xe8, 0xe4, 0xe8, 0xe4, 0xe8, 0xe4, 0xe8, 0x83, 0xe9, 0x86, 0xa3, 0x8e, 0x00, 0x00, 0x00, 0x00, 0x00, 0x00, 0x00, 0x00,
  0x00, 0x00, 0x00, 0x00, 0x00, 0x00, 0x00, 0x00, 0x00, 0x00, 0x00, 0x00, 0x00, 0x00, 0x00, 0x00, 0x00, 0x00, 0x00, 0x00, 0x00, 0x00, 0x00, 0x00, 0x00, 0x00, 0x00, 0x00, 0x00, 0x00, 0x00, 0x00,
  0x00, 0x00, 0x00, 0x00, 0x00, 0x00, 0x00, 0x00, 0x00, 0x00, 0x00, 0x00, 0x00, 0x00, 0x00, 0x00, 0xf4, 0x51, 0xe8, 0x83, 0xe8, 0xe4, 0xe8, 0xe4, 0xe8, 0xe4, 0xe8, 0xe4, 0xe8, 0xe4, 0xe8, 0xe4,
  0xe8, 0xe4, 0xe8, 0xe4, 0xe8, 0xe4, 0xe8, 0xe4, 0xe8, 0x83, 0xf3, 0xcf, 0x00, 0x00, 0x00, 0x00, 0x00, 0x00, 0x00, 0x00, 0x00, 0x00, 0x00, 0x00, 0x00, 0x00, 0x00, 0x00, 0x00, 0x00, 0x00, 0x00,
  0x00, 0x00, 0x00, 0x00, 0x00, 0x00, 0x00, 0x00, 0x00, 0x00, 0x00, 0x00, 0x00, 0x00, 0x00, 0x00, 0x00, 0x00, 0x00, 0x00, 0x00, 0x00, 0x00, 0x00, 0xf4, 0x31, 0xe8, 0x83, 0xe8, 0xe4, 0xe8, 0xe4,
  0xe8, 0xe4, 0xe8, 0xe4, 0xe8, 0xe4, 0xe8, 0xe4, 0xe8, 0xe4, 0xe8, 0xe4, 0xe8, 0xe4, 0xe8, 0xe4, 0xe8, 0xc4, 0xe9, 0x66, 0x21, 0x04, 0x00, 0x00, 0x00, 0x00, 0x00, 0x00, 0x00, 0x00, 0x00, 0x00,
  0xf3, 0xaf, 0xe8, 0x83, 0xe8, 0xe4, 0xe8, 0xe4, 0xe8, 0xe4, 0xe8, 0xe4, 0xe8, 0xe4, 0xe8, 0xe4, 0xe8, 0xe4, 0xe8, 0xe4, 0xe8, 0xe4, 0xe8, 0xe4, 0xe8, 0xe4, 0xe8, 0xe4, 0xe8, 0xe4, 0xe8, 0x83,
  0xf4, 0x31, 0x00, 0x00, 0x00, 0x00, 0x00, 0x00, 0x00, 0x00, 0x00, 0x00, 0x00, 0x00, 0x00, 0x00, 0x00, 0x00, 0x00, 0x00, 0x00, 0x00, 0x00, 0x00, 0x00, 0x00, 0x00, 0x00, 0x00, 0x00, 0x00, 0x00,
  0x00, 0x00, 0x00, 0x00, 0x00, 0x00, 0x00, 0x00, 0x00, 0x00, 0x00, 0x00, 0x93, 0x4d, 0xe8, 0xc4, 0xe8, 0xe4, 0xe8, 0xe4, 0xe8, 0xe4, 0xe8, 0xe4, 0xe8, 0xe4, 0xe8, 0xe4, 0xe8, 0xe4, 0xe8, 0xe4,
  0xe8, 0xe4, 0xe8, 0xe4, 0xe8, 0xe4, 0xe8, 0xe4, 0xe8, 0xc4, 0xe9, 0x87, 0x18, 0xc3, 0x00, 0x00, 0x00, 0x00, 0x00, 0x00, 0x00, 0x00, 0x00, 0x00, 0x00, 0x00, 0x00, 0x00, 0x00, 0x00, 0x00, 0x00,
  0x00, 0x00, 0x00, 0x00, 0x00, 0x00, 0x00, 0x00, 0x00, 0x00, 0x00, 0x00, 0x00, 0x00, 0x00, 0x00, 0x00, 0x00, 0x00, 0x00, 0x00, 0x00, 0x00, 0x00, 0x00, 0x00, 0x00, 0x00, 0x00, 0x00, 0x00, 0x00,
  0x00, 0x00, 0x00, 0x00, 0x00, 0x00, 0x00, 0x00, 0x00, 0x00, 0x00, 0x00, 0x00, 0x00, 0x00, 0x00, 0x00, 0x00, 0x00, 0x00, 0x00, 0x00, 0x00, 0x00, 0x00, 0x00, 0x00, 0x00, 0x00, 0x00, 0x00, 0x00,
  0x00, 0x00, 0x00, 0x00, 0x00, 0x00, 0x00, 0x00, 0x00, 0x00, 0x00, 0x00, 0x00, 0x00, 0x00, 0x00, 0x00, 0x00, 0x00, 0x00, 0x00, 0x00, 0x00, 0x00, 0x00, 0x00, 0x00, 0x00, 0x00, 0x00, 0x00, 0x00,
  0x00, 0x00, 0x00, 0x00, 0x00, 0x00, 0x00, 0x00, 0x00, 0x00, 0x00, 0x00, 0x00, 0x00, 0x00, 0x00, 0x00, 0x00, 0x00, 0x00, 0x00, 0x00, 0x00, 0x00, 0x00, 0x00, 0x00, 0x00, 0x00, 0x00, 0xf3, 0x0d,
  0xe8, 0x83, 0xe8, 0xe4, 0xe8, 0xe4, 0xe8, 0xe4, 0xe8, 0xe4, 0xe8, 0xe4, 0xe8, 0xe4, 0xe8, 0xe4, 0xe8, 0xe4, 0xe8, 0xe4, 0xe8, 0xe4, 0xe8, 0xe4, 0xe8, 0xe4, 0xe8, 0xe4, 0xe8, 0xe4, 0xe8, 0xe4,
  0xe8, 0xe4, 0xe8, 0xe4, 0xe8, 0xe4, 0xe8, 0xe4, 0xe8, 0xe4, 0xe8, 0xe4, 0xe8, 0xe4, 0xe8, 0xe4, 0xe8, 0xe4, 0xe8, 0xe4, 0xe8, 0xe4, 0xe8, 0xe4, 0xe8, 0xe4, 0xe8, 0xe4, 0xe8, 0xe4, 0xe8, 0xe4,
  0xe8, 0xe4, 0xe8, 0xe4, 0xe8, 0xe4, 0xe8, 0xe4, 0xe8, 0xe4, 0xe8, 0xe4, 0xe8, 0xe4, 0xe8, 0xe4, 0xe8, 0xe4, 0xe8, 0xe4, 0xe8, 0xe4, 0xe8, 0xe4, 0xe8, 0xe4, 0xe8, 0xe4, 0xe8, 0xe4, 0xe8, 0xe4,
  0xe8, 0xe4, 0xe8, 0xe4, 0xe8, 0xe4, 0xe8, 0xe4, 0xe8, 0xe4, 0xe8, 0xe4, 0xe8, 0xe4, 0xe8, 0xe4, 0xe8, 0xe4, 0xe8, 0xe4, 0xe8, 0xe4, 0xe8, 0xe4, 0xe8, 0xe4, 0xe8, 0xe4, 0xe8, 0xe4, 0xe8, 0xe4,
  0xe8, 0xe4, 0xe8, 0xe4, 0xe8, 0xe4, 0xe8, 0xe4, 0xe8, 0xe4, 0xe8, 0xe4, 0xe8, 0xe4, 0xe8, 0xe4, 0xe8, 0xe4, 0xe8, 0xe4, 0xe8, 0xe4, 0xe8, 0xe4, 0xe8, 0xe4, 0xe8, 0xe4, 0xe8, 0xe4, 0xe8, 0xe4,
  0xe8, 0xe4, 0xe8, 0xe4, 0xe8, 0xe4, 0xe8, 0xe4, 0xe8, 0xe4, 0xe8, 0xe4, 0xe8, 0xe4, 0xe8, 0xe4, 0xe8, 0xe4, 0xe8, 0xe4, 0xe8, 0xe4, 0xe8, 0xe4, 0xe8, 0xe4, 0xe8, 0xe4, 0xe8, 0xe4, 0xe8, 0xe4,
  0xe8, 0xe4, 0xe8, 0xe4, 0xe8, 0xe4, 0xe8, 0xe4, 0xe8, 0xe4, 0xe8, 0xe4, 0xe8, 0xe4, 0xe8, 0xe4, 0xe8, 0xe4, 0xe8, 0xe4, 0xe8, 0xe4, 0xe8, 0xe4, 0xe8, 0xe4, 0xe8, 0xe4, 0xe8, 0xe4, 0xe8, 0xe4,
  0xe8, 0xe4, 0xe8, 0xe4, 0xe8, 0xe4, 0xe8, 0xe4, 0xe8, 0xe4, 0xe8, 0xe4, 0xe8, 0xe4, 0xe8, 0xe4, 0xe8, 0xe4, 0xe8, 0xe4, 0xe8, 0xe4, 0xe8, 0xa3, 0xe8, 0xa3, 0xf2, 0xcc, 0x39, 0x86, 0x00, 0x00,
  0x00, 0x00, 0x00, 0x00, 0x00, 0x00, 0x00, 0x00, 0x00, 0x00, 0x00, 0x00, 0x00, 0x00, 0x00, 0x00, 0x00, 0x00, 0x00, 0x00, 0x00, 0x00, 0x00, 0x00, 0x00, 0x00, 0x00, 0x00, 0x00, 0x00, 0x00, 0x00,
  0x00, 0x00, 0x00, 0x00, 0x00, 0x00, 0x00, 0x00, 0x00, 0x00, 0x00, 0x00, 0x00, 0x00, 0x00, 0x00, 0x00, 0x00, 0x00, 0x00, 0x00, 0x00, 0x00, 0x00, 0xf4, 0x51, 0xe8, 0x83, 0xe8, 0xe4, 0xe8, 0xe4,
  0xe8, 0xe4, 0xe8, 0xe4, 0xe8, 0xe4, 0xe8, 0xe4, 0xe8, 0xe4, 0xe8, 0xe4, 0xe8, 0xe4, 0xe8, 0xe4, 0xe8, 0x83, 0xf3, 0xcf, 0x00, 0x00, 0x00, 0x00, 0x00, 0x00, 0x00, 0x00, 0x00, 0x00, 0x00, 0x00,
  0x00, 0x00, 0x00, 0x00, 0x00, 0x00, 0x00, 0x00, 0x00, 0x00, 0x00, 0x00, 0x00, 0x00, 0x00, 0x00, 0x00, 0x00, 0x00, 0x00, 0x00, 0x00, 0x00, 0x00, 0x00, 0x00, 0x00, 0x00, 0x00, 0x00, 0x00, 0x00,
  0xf4, 0x31, 0xe8, 0x83, 0xe8, 0xe4, 0xe8, 0xe4, 0xe8, 0xe4, 0xe8, 0xe4, 0xe8, 0xe4, 0xe8, 0xe4, 0xe8, 0xe4, 0xe8, 0xe4, 0xe8, 0xe4, 0xe8, 0xe4, 0xe8, 0xc4, 0xe9, 0x66, 0x21, 0x04, 0x00, 0x00,
  0x00, 0x00, 0x00, 0x00, 0x00, 0x00, 0x41, 0xa6, 0xe9, 0x25, 0xe8, 0xc4, 0xe8, 0xe4, 0xe8, 0xe4, 0xe8, 0xe4, 0xe8, 0xe4, 0xe8, 0xe4, 0xe8, 0xe4, 0xe8, 0xe4, 0xe8, 0xe4, 0xe8, 0xe4, 0xe8, 0xe4,
  0xe8, 0xe4, 0xe8, 0xe4, 0xe8, 0xa3, 0xe9, 0xa7, 0x10, 0xa2, 0x00, 0x00, 0x00, 0x00, 0x00, 0x00, 0x00, 0x00, 0x00, 0x00, 0x00, 0x00, 0x00, 0x00, 0x00, 0x00, 0x00, 0x00, 0x00, 0x00, 0x00, 0x00,
  0x00, 0x00, 0x00, 0x00, 0x00, 0x00, 0x00, 0x00, 0x00, 0x00, 0x00, 0x00, 0x00, 0x00, 0x00, 0x00, 0x00, 0x00, 0x00, 0x00, 0xf2, 0xab, 0xe8, 0x83, 0xe8, 0xe4, 0xe8, 0xe4, 0xe8, 0xe4, 0xe8, 0xe4,
  0xe8, 0xe4, 0xe8, 0xe4, 0xe8, 0xe4, 0xe8, 0xe4, 0xe8, 0xe4, 0xe8, 0xe4, 0xe8, 0xe4, 0xe8, 0xe4, 0xe8, 0x83, 0xf4, 0x51, 0x00, 0x00, 0x00, 0x00, 0x00, 0x00, 0x00, 0x00, 0x00, 0x00, 0x00, 0x00,
  0x00, 0x00, 0x00, 0x00, 0x00, 0x00, 0x00, 0x00, 0x00, 0x00, 0x00, 0x00, 0x00, 0x00, 0x00, 0x00, 0x00, 0x00, 0x00, 0x00, 0x00, 0x00, 0x00, 0x00, 0x00, 0x00, 0x00, 0x00, 0x00, 0x00, 0x00, 0x00,
  0x00, 0x00, 0x00, 0x00, 0x00, 0x00, 0x00, 0x00, 0x00, 0x00, 0x00, 0x00, 0x00, 0x00, 0x00, 0x00, 0x00, 0x00, 0x00, 0x00, 0x00, 0x00, 0x00, 0x00, 0x00, 0x00, 0x00, 0x00, 0x00, 0x00, 0x00, 0x00,
  0x00, 0x00, 0x00, 0x00, 0x00, 0x00, 0x00, 0x00, 0x00, 0x00, 0x00, 0x00, 0x00, 0x00, 0x00, 0x00, 0x00, 0x00, 0x00, 0x00, 0x00, 0x00, 0x00, 0x00, 0x00, 0x00, 0x00, 0x00, 0x00, 0x00, 0x00, 0x00,
  0x00, 0x00, 0x00, 0x00, 0x00, 0x00, 0x00, 0x00, 0x00, 0x00, 0x00, 0x00, 0x00, 0x00, 0x00, 0x00, 0x00, 0x00, 0x00, 0x00, 0x00, 0x00, 0x00, 0x00, 0x00, 0x00, 0x00, 0x00, 0x00, 0x00, 0x00, 0x00,
  0x00, 0x00, 0x00, 0x00, 0x6a, 0xaa, 0xe9, 0x05, 0xe8, 0xc4, 0xe8, 0xe4, 0xe8, 0xe4, 0xe8, 0xe4, 0xe8, 0xe4, 0xe8, 0xe4, 0xe8, 0xe4, 0xe8, 0xe4, 0xe8, 0xe4, 0xe8, 0xe4, 0xe8, 0xe4, 0xe8, 0xe4,
  0xe8, 0xe4, 0xe8, 0xe4, 0xe8, 0xe4, 0xe8, 0xe4, 0xe8, 0xe4, 0xe8, 0xe4, 0xe8, 0xe4, 0xe8, 0xe4, 0xe8, 0xe4, 0xe8, 0xe4, 0xe8, 0xe4, 0xe8, 0xe4, 0xe8, 0xe4, 0xe8, 0xe4, 0xe8, 0xe4, 0xe8, 0xe4,
  0xe8, 0xe4, 0xe8, 0xe4, 0xe8, 0xe4, 0xe8, 0xe4, 0xe8, 0xe4, 0xe8, 0xe4, 0xe8, 0xe4, 0xe8, 0xe4, 0xe8, 0xe4, 0xe8, 0xe4, 0xe8, 0xe4, 0xe8, 0xe4, 0xe8, 0xe4, 0xe8, 0xe4, 0xe8, 0xe4, 0xe8, 0xe4,
  0xe8, 0xe4, 0xe8, 0xe4, 0xe8, 0xe4, 0xe8, 0xe4, 0xe8, 0xe4, 0xe8, 0xe4, 0xe8, 0xe4, 0xe8, 0xe4, 0xe8, 0xe4, 0xe8, 0xe4, 0xe8, 0xe4, 0xe8, 0xe4, 0xe8, 0xe4, 0xe8, 0xe4, 0xe8, 0xe4, 0xe8, 0xe4,
  0xe8, 0xe4, 0xe8, 0xe4, 0xe8, 0xe4, 0xe8, 0xe4, 0xe8, 0xe4, 0xe8, 0xe4, 0xe8, 0xe4, 0xe8, 0xe4, 0xe8, 0xe4, 0xe8, 0xe4, 0xe8, 0xe4, 0xe8, 0xe4, 0xe8, 0xe4, 0xe8, 0xe4, 0xe8, 0xe4, 0xe8, 0xe4,
  0xe8, 0xe4, 0xe8, 0xe4, 0xe8, 0xe4, 0xe8, 0xe4, 0xe8, 0xe4, 0xe8, 0xe4, 0xe8, 0xe4, 0xe8, 0xe4, 0xe8, 0xe4, 0xe8, 0xe4, 0xe8, 0xe4, 0xe8, 0xe4, 0xe8, 0xe4, 0xe8, 0xe4, 0xe8, 0xe4, 0xe8, 0xe4,
  0xe8, 0xe4, 0xe8, 0xe4, 0xe8, 0xe4, 0xe8, 0xe4, 0xe8, 0xe4, 0xe8, 0xe4, 0xe8, 0xe4, 0xe8, 0xe4, 0xe8, 0xe4, 0xe8, 0xe4, 0xe8, 0xe4, 0xe8, 0xe4, 0xe8, 0xe4, 0xe8, 0xe4, 0xe8, 0xe4, 0xe8, 0xe4,
  0xe8, 0xe4, 0xe8, 0xe4, 0xe8, 0xe4, 0xe8, 0xe4, 0xe8, 0xe4, 0xe8, 0xe4, 0xe8, 0xe4, 0xe8, 0xe4, 0xe8, 0xe4, 0xe8, 0xe4, 0xe8, 0xe4, 0xe8, 0xe4, 0xe8, 0xe4, 0xe8, 0xc4, 0xe8, 0x83, 0xe9, 0x87,
  0xdc, 0x51, 0x00, 0x00, 0x00, 0x00, 0x00, 0x00, 0x00, 0x00, 0x00, 0x00, 0x00, 0x00, 0x00, 0x00, 0x00, 0x00, 0x00, 0x00, 0x00, 0x00, 0x00, 0x00, 0x00, 0x00, 0x00, 0x00, 0x00, 0x00, 0x00, 0x00,
  0x00, 0x00, 0x00, 0x00, 0x00, 0x00, 0x00, 0x00, 0x00, 0x00, 0x00, 0x00, 0x00, 0x00, 0x00, 0x00, 0x00, 0x00, 0x00, 0x00, 0x00, 0x00, 0x00, 0x00, 0x00, 0x00, 0x00, 0x00, 0x00, 0x00, 0x00, 0x00,
  0xf4, 0x51, 0xe8, 0x83, 0xe8, 0xe4, 0xe8, 0xe4, 0xe8, 0xe4, 0xe8, 0xe4, 0xe8, 0xe4, 0xe8, 0xe4, 0xe8, 0xe4, 0xe8, 0xe4, 0xe8, 0xe4, 0xe8, 0xe4, 0xe8, 0x83, 0xf3, 0xcf, 0x00, 0x00, 0x00, 0x00,
  0x00, 0x00, 0x00, 0x00, 0x00, 0x00, 0x00, 0x00, 0x00, 0x00, 0x00, 0x00, 0x00, 0x00, 0x00, 0x00, 0x00, 0x00, 0x00, 0x00, 0x00, 0x00, 0x00, 0x00, 0x00, 0x00, 0x00, 0x00, 0x00, 0x00, 0x00, 0x00,
  0x00, 0x00, 0x00, 0x00, 0x00, 0x00, 0x00, 0x00, 0xf4, 0x31, 0xe8, 0x83, 0xe8, 0xe4, 0xe8, 0xe4, 0xe8, 0xe4, 0xe8, 0xe4, 0xe8, 0xe4, 0xe8, 0xe4, 0xe8, 0xe4, 0xe8, 0xe4, 0xe8, 0xe4, 0xe8, 0xe4,
  0xe8, 0xc4, 0xe9, 0x66, 0x21, 0x04, 0x00, 0x00, 0x00, 0x00, 0x00, 0x00, 0x00, 0x00, 0xf3, 0x8e, 0xe8, 0x83, 0xe8, 0xe4, 0xe8, 0xe4, 0xe8, 0xe4, 0xe8, 0xe4, 0xe8, 0xe4, 0xe8, 0xe4, 0xe8, 0xe4,
  0xe8, 0xe4, 0xe8, 0xe4, 0xe8, 0xe4, 0xe8, 0xe4, 0xe8, 0xe4, 0xe8, 0xe4, 0xe8, 0x83, 0xf4, 0x51, 0x00, 0x00, 0x00, 0x00, 0x00, 0x00, 0x00, 0x00, 0x00, 0x00, 0x00, 0x00, 0x00, 0x00, 0x00, 0x00,
  0x00, 0x00, 0x00, 0x00, 0x00, 0x00, 0x00, 0x00, 0x00, 0x00, 0x00, 0x00, 0x00, 0x00, 0x00, 0x00, 0x00, 0x00, 0x00, 0x00, 0x00, 0x00, 0x00, 0x00, 0x00, 0x00, 0x9b, 0x8e, 0xe8, 0xc4, 0xe8, 0xe4,
  0xe8, 0xe4, 0xe8, 0xe4, 0xe8, 0xe4, 0xe8, 0xe4, 0xe8, 0xe4, 0xe8, 0xe4, 0xe8, 0xe4, 0xe8, 0xe4, 0xe8, 0xe4, 0xe8, 0xe4, 0xe8, 0xe4, 0xe8, 0xa3, 0xe9, 0xa7, 0x10, 0x61, 0x00, 0x00, 0x00, 0x00,
  0x00, 0x00, 0x00, 0x00, 0x00, 0x00, 0x00, 0x00, 0x00, 0x00, 0x00, 0x00, 0x00, 0x00, 0x00, 0x00, 0x00, 0x00, 0x00, 0x00, 0x00, 0x00, 0x00, 0x00, 0x00, 0x00, 0x00, 0x00, 0x00, 0x00, 0x00, 0x00,
  0x00, 0x00, 0x00, 0x00, 0x00, 0x00, 0x00, 0x00, 0x00, 0x00, 0x00, 0x00, 0x00, 0x00, 0x00, 0x00, 0x00, 0x00, 0x00, 0x00, 0x00, 0x00, 0x00, 0x00, 0x00, 0x00, 0x00, 0x00, 0x00, 0x00, 0x00, 0x00,
  0x00, 0x00, 0x00, 0x00, 0x00, 0x00, 0x00, 0x00, 0x00, 0x00, 0x00, 0x00, 0x00, 0x00, 0x00, 0x00, 0x00, 0x00, 0x00, 0x00, 0x00, 0x00, 0x00, 0x00, 0x00, 0x00, 0x00, 0x00, 0x00, 0x00, 0x00, 0x00,
  0x00, 0x00, 0x00, 0x00, 0x00, 0x00, 0x00, 0x00, 0x00, 0x00, 0x00, 0x00, 0x00, 0x00, 0x00, 0x00, 0x00, 0x00, 0x00, 0x00, 0x00, 0x00, 0x00, 0x00, 0x00, 0x00, 0x00, 0x00, 0x00, 0x00, 0x00, 0x00,
  0x00, 0x00, 0x00, 0x00, 0x00, 0x00, 0x00, 0x00, 0x00, 0x00, 0x00, 0x00, 0xf3, 0x2d, 0xe8, 0x83, 0xe8, 0xe4, 0xe8, 0xe4, 0xe8, 0xe4, 0xe8, 0xe4, 0xe8, 0xe4, 0xe8, 0xe4, 0xe8, 0xe4, 0xe8, 0xe4,
  0xe8, 0xe4, 0xe8, 0xe4, 0xe8, 0xe4, 0xe8, 0xe4, 0xe8, 0xe4, 0xe8, 0xe4, 0xe8, 0xe4, 0xe8, 0xe4, 0xe8, 0xe4, 0xe8, 0xe4, 0xe8, 0xe4, 0xe8, 0xe4, 0xe8, 0xe4, 0xe8, 0xe4, 0xe8, 0xe4, 0xe8, 0xe4,
  0xe8, 0xe4, 0xe8, 0xe4, 0xe8, 0xe4, 0xe8, 0xe4, 0xe8, 0xe4, 0xe8, 0xe4, 0xe8, 0xe4, 0xe8, 0xe4, 0xe8, 0xe4, 0xe8, 0xe4, 0xe8, 0xe4, 0xe8, 0xe4, 0xe8, 0xe4, 0xe8, 0xe4, 0xe8, 0xe4, 0xe8, 0xe4,
  0xe8, 0xe4, 0xe8, 0xe4, 0xe8, 0xe4, 0xe8, 0xe4, 0xe8, 0xe4, 0xe8, 0xe4, 0xe8, 0xe4, 0xe8, 0xe4, 0xe8, 0xe4, 0xe8, 0xe4, 0xe8, 0xe4, 0xe8, 0xe4, 0xe8, 0xe4, 0xe8, 0xe4, 0xe8, 0xe4, 0xe8, 0xe4,
  0xe8, 0xe4, 0xe8, 0xe4, 0xe8, 0xe4, 0xe8, 0xe4, 0xe8, 0xe4, 0xe8, 0xe4, 0xe8, 0xe4, 0xe8, 0xe4, 0xe8, 0xe4, 0xe8, 0xe4, 0xe8, 0xe4, 0xe8, 0xe4, 0xe8, 0xe4, 0xe8, 0xe4, 0xe8, 0xe4, 0xe8, 0xe4,
  0xe8, 0xe4, 0xe8, 0xe4, 0xe8, 0xe4, 0xe8, 0xe4, 0xe8, 0xe4, 0xe8, 0xe4, 0xe8, 0xe4, 0xe8, 0xe4, 0xe8, 0xe4, 0xe8, 0xe4, 0xe8, 0xe4, 0xe8, 0xe4, 0xe8, 0xe4, 0xe8, 0xe4, 0xe8, 0xe4, 0xe8, 0xe4,
  0xe8, 0xe4, 0xe8, 0xe4, 0xe8, 0xe4, 0xe8, 0xe4, 0xe8, 0xe4, 0xe8, 0xe4, 0xe8, 0xe4, 0xe8, 0xe4, 0xe8, 0xe4, 0xe8, 0xe4, 0xe8, 0xe4, 0xe8, 0xe4, 0xe8, 0xe4, 0xe8, 0xe4, 0xe8, 0xe4, 0xe8, 0xe4,
  0xe8, 0xe4, 0xe8, 0xe4, 0xe8, 0xe4, 0xe8, 0xe4, 0xe8, 0xe4, 0xe8, 0xe4, 0xe8, 0xe4, 0xe8, 0xe4, 0xe8, 0xe4, 0xe8, 0xe4, 0xe8, 0xe4, 0xe8, 0xe4, 0xe8, 0xe4, 0xe8, 0xe4, 0xe8, 0xe4, 0xe8, 0xc4,
  0xe8, 0x83, 0xe9, 0x25, 0xf3, 0xcf, 0x21, 0x04, 0x00, 0x00, 0x00, 0x00, 0x00, 0x00, 0x00, 0x00, 0x00, 0x00, 0x00, 0x00, 0x00, 0x00, 0x00, 0x00, 0x00, 0x00, 0x00, 0x00, 0x00, 0x00, 0x00, 0x00,
  0x00, 0x00, 0x00, 0x00, 0x00, 0x00, 0x00, 0x00, 0x00, 0x00, 0x00, 0x00, 0x00, 0x00, 0x00, 0x00, 0x00, 0x00, 0x00, 0x00, 0x00, 0x00, 0x00, 0x00, 0x00, 0x00, 0x00, 0x00, 0x00, 0x00, 0x00, 0x00,
  0x00, 0x00, 0x00, 0x00, 0x00, 0x00, 0x00, 0x00, 0xf4, 0x51, 0xe8, 0x83, 0xe8, 0xe4, 0xe8, 0xe4, 0xe8, 0xe4, 0xe8, 0xe4, 0xe8, 0xe4, 0xe8, 0xe4, 0xe8, 0xe4, 0xe8, 0xe4, 0xe8, 0xe4, 0xe8, 0xe4,
  0xe8, 0x83, 0xf3, 0xcf, 0x00, 0x00, 0x00, 0x00, 0x00, 0x00, 0x00, 0x00, 0x00, 0x00, 0x00, 0x00, 0x00, 0x00, 0x00, 0x00, 0x00, 0x00, 0x00, 0x00, 0x00, 0x00, 0x00, 0x00, 0x00, 0x00, 0x00, 0x00,
  0x00, 0x00, 0x00, 0x00, 0x00, 0x00, 0x00, 0x00, 0x00, 0x00, 0x00, 0x00, 0x00, 0x00, 0x00, 0x00, 0xf4, 0x31, 0xe8, 0x83, 0xe8, 0xe4, 0xe8, 0xe4, 0xe8, 0xe4, 0xe8, 0xe4, 0xe8, 0xe4, 0xe8, 0xe4,
  0xe8, 0xe4, 0xe8, 0xe4, 0xe8, 0xe4, 0xe8, 0xe4, 0xe8, 0xc4, 0xe9, 0x66, 0x21, 0x04, 0x00, 0x00, 0x00, 0x00, 0x00, 0x00, 0x4a, 0x08, 0xe9, 0x25, 0xe8, 0xc4, 0xe8, 0xe4, 0xe8, 0xe4, 0xe8, 0xe4,
  0xe8, 0xe4, 0xe8, 0xe4, 0xe8, 0xe4, 0xe8, 0xe4, 0xe8, 0xe4, 0xe8, 0xe4, 0xe8, 0xe4, 0xe8, 0xe4, 0xe8, 0xe4, 0xe8, 0xa4, 0xe9, 0xa7, 0x08, 0x61, 0x00, 0x00, 0x00, 0x00, 0x00, 0x00, 0x00, 0x00,
  0x00, 0x00, 0x00, 0x00, 0x00, 0x00, 0x00, 0x00, 0x00, 0x00, 0x00, 0x00, 0x00, 0x00, 0x00, 0x00, 0x00, 0x00, 0x00, 0x00, 0x00, 0x00, 0x00, 0x00, 0x00, 0x00, 0x00, 0x00, 0x00, 0x00, 0x00, 0x00,
  0x00, 0x00, 0xf2, 0x8a, 0xe8, 0x83, 0xe8, 0xe4, 0xe8, 0xe4, 0xe8, 0xe4, 0xe8, 0xe4, 0xe8, 0xe4, 0xe8, 0xe4, 0xe8, 0xe4, 0xe8, 0xe4, 0xe8, 0xe4, 0xe8, 0xe4, 0xe8, 0xe4, 0xe8, 0xe4, 0xe8, 0x83,
  0xec, 0x72, 0x00, 0x00, 0x00, 0x00, 0x00, 0x00, 0x00, 0x00, 0x00, 0x00, 0x00, 0x00, 0x00, 0x00, 0x00, 0x00, 0x00, 0x00, 0x00, 0x00, 0x00, 0x00, 0x00, 0x00, 0x00, 0x00, 0x00, 0x00, 0x00, 0x00,
  0x00, 0x00, 0x00, 0x00, 0x00, 0x00, 0x00, 0x00, 0x00, 0x00, 0x00, 0x00, 0x00, 0x00, 0x00, 0x00, 0x00, 0x00, 0x00, 0x00, 0x00, 0x00, 0x00, 0x00, 0x00, 0x00, 0x00, 0x00, 0x00, 0x00, 0x00, 0x00,
  0x00, 0x00, 0x00, 0x00, 0x00, 0x00, 0x00, 0x00, 0x00, 0x00, 0x00, 0x00, 0x00, 0x00, 0x00, 0x00, 0x00, 0x00, 0x00, 0x00, 0x00, 0x00, 0x00, 0x00, 0x00, 0x00, 0x00, 0x00, 0x00, 0x00, 0x00, 0x00,
  0x00, 0x00, 0x00, 0x00, 0x00, 0x00, 0x00, 0x00, 0x00, 0x00, 0x00, 0x00, 0x00, 0x00, 0x00, 0x00, 0x00, 0x00, 0x00, 0x00, 0x00, 0x00, 0x00, 0x00, 0x00, 0x00, 0x00, 0x00, 0x00, 0x00, 0x00, 0x00,
  0x00, 0x00, 0x00, 0x00, 0x00, 0x00, 0x00, 0x00, 0x00, 0x00, 0x00, 0x00, 0x00, 0x00, 0x00, 0x00, 0x00, 0x00, 0x62, 0x69, 0xe9, 0x05, 0xe8, 0xc4, 0xe8, 0xe4, 0xe8, 0xe4, 0xe8, 0xe4, 0xe8, 0xe4,
  0xe8, 0xe4, 0xe8, 0xe4, 0xe8, 0xe4, 0xe8, 0xe4, 0xe8, 0xe4, 0xe8, 0xe4, 0xe8, 0xe4, 0xe8, 0xe4, 0xe8, 0xe4, 0xe8, 0xe4, 0xe8, 0xe4, 0xe8, 0xe4, 0xe8, 0xe4, 0xe8, 0xe4, 0xe8, 0xe4, 0xe8, 0xe4,
  0xe8, 0xe4, 0xe8, 0xe4, 0xe8, 0xe4, 0xe8, 0xe4, 0xe8, 0xe4, 0xe8, 0xe4, 0xe8, 0xe4, 0xe8, 0xe4, 0xe8, 0xe4, 0xe8, 0xe4, 0xe8, 0xe4, 0xe8, 0xe4, 0xe8, 0xe4, 0xe8, 0xe4, 0xe8, 0xe4, 0xe8, 0xe4,
  0xe8, 0xe4, 0xe8, 0xe4, 0xe8, 0xe4, 0xe8, 0xe4, 0xe8, 0xe4, 0xe8, 0xe4, 0xe8, 0xe4, 0xe8, 0xe4, 0xe8, 0xe4, 0xe8, 0xe4, 0xe8, 0xe4, 0xe8, 0xe4, 0xe8, 0xe4, 0xe8, 0xe4, 0xe8, 0xe4, 0xe8, 0xe4,
  0xe8, 0xe4, 0xe8, 0xe4, 0xe8, 0xe4, 0xe8, 0xe4, 0xe8, 0xe4, 0xe8, 0xe4, 0xe8, 0xe4, 0xe8, 0xe4, 0xe8, 0xe4, 0xe8, 0xe4, 0xe8, 0xe4, 0xe8, 0xe4, 0xe8, 0xe4, 0xe8, 0xe4, 0xe8, 0xe4, 0xe8, 0xe4,
  0xe8, 0xe4, 0xe8, 0xe4, 0xe8, 0xe4, 0xe8, 0xe4, 0xe8, 0xe4, 0xe8, 0xe4, 0xe8, 0xe4, 0xe8, 0xe4, 0xe8, 0xe4, 0xe8, 0xe4, 0xe8, 0xe4, 0xe8, 0xe4, 0xe8, 0xe4, 0xe8, 0xe4, 0xe8, 0xe4, 0xe8, 0xe4,
  0xe8, 0xe4, 0xe8, 0xe4, 0xe8, 0xe4, 0xe8, 0xe4, 0xe8, 0xe4, 0xe8, 0xe4, 0xe8, 0xe4, 0xe8, 0xe4, 0xe8, 0xe4, 0xe8, 0xe4, 0xe8, 0xe4, 0xe8, 0xe4, 0xe8, 0xe4, 0xe8, 0xe4, 0xe8, 0xe4, 0xe8, 0xe4,
  0xe8, 0xe4, 0xe8, 0xe4, 0xe8, 0xe4, 0xe8, 0xe4, 0xe8, 0xe4, 0xe8, 0xe4, 0xe8, 0xe4, 0xe8, 0xe4, 0xe8, 0xe4, 0xe8, 0xe4, 0xe8, 0xe4, 0xe8, 0xe4, 0xe8, 0xe4, 0xe8, 0xe4, 0xe8, 0xe4, 0xe8, 0xe4,
  0xe8, 0xe4, 0xe8, 0xa3, 0xe8, 0x83, 0xe9, 0x66, 0xf3, 0xcf, 0x41, 0xc7, 0x00, 0x00, 0x00, 0x00, 0x00, 0x00, 0x00, 0x00, 0x00, 0x00, 0x00, 0x00, 0x00, 0x00, 0x00, 0x00, 0x00, 0x00, 0x00, 0x00,
  0x00, 0x00, 0x00, 0x00, 0x00, 0x00, 0x00, 0x00, 0x00, 0x00, 0x00, 0x00, 0x00, 0x00, 0x00, 0x00, 0x00, 0x00, 0x00, 0x00, 0x00, 0x00, 0x00, 0x00, 0x00, 0x00, 0x00, 0x00, 0x00, 0x00, 0x00, 0x00,
  0x00, 0x00, 0x00, 0x00, 0x00, 0x00, 0x00, 0x00, 0x00, 0x00, 0x00, 0x00, 0x00, 0x00, 0x00, 0x00, 0xf4, 0x51, 0xe8, 0x83, 0xe8, 0xe4, 0xe8, 0xe4, 0xe8, 0xe4, 0xe8, 0xe4, 0xe8, 0xe4, 0xe8, 0xe4,
  0xe8, 0xe4, 0xe8, 0xe4, 0xe8, 0xe4, 0xe8, 0xe4, 0xe8, 0x83, 0xf3, 0xcf, 0x00, 0x00, 0x00, 0x00, 0x00, 0x00, 0x00, 0x00, 0x00, 0x00, 0x00, 0x00, 0x00, 0x00, 0x00, 0x00, 0x00, 0x00, 0x00, 0x00,
  0x00, 0x00, 0x00, 0x00, 0x00, 0x00, 0x00, 0x00, 0x00, 0x00, 0x00, 0x00, 0x00, 0x00, 0x00, 0x00, 0x00, 0x00, 0x00, 0x00, 0x00, 0x00, 0x00, 0x00, 0xf4, 0x31, 0xe8, 0x83, 0xe8, 0xe4, 0xe8, 0xe4,
  0xe8, 0xe4, 0xe8, 0xe4, 0xe8, 0xe4, 0xe8, 0xe4, 0xe8, 0xe4, 0xe8, 0xe4, 0xe8, 0xe4, 0xe8, 0xe4, 0xe8, 0xc4, 0xe9, 0x66, 0x21, 0x04, 0x00, 0x00, 0x00, 0x00, 0x00, 0x00, 0xf3, 0x6e, 0xe8, 0x83,
  0xe8, 0xe4, 0xe8, 0xe4, 0xe8, 0xe4, 0xe8, 0xe4, 0xe8, 0xe4, 0xe8, 0xe4, 0xe8, 0xe4, 0xe8, 0xe4, 0xe8, 0xe4, 0xe8, 0xe4, 0xe8, 0xe4, 0xe8, 0xe4, 0xe8, 0xe4, 0xe8, 0x83, 0xf4, 0x72, 0x00, 0x00,
  0x00, 0x00, 0x00, 0x00, 0x00, 0x00, 0x00, 0x00, 0x00, 0x00, 0x00, 0x00, 0x00, 0x00, 0x00, 0x00, 0x00, 0x00, 0x00, 0x00, 0x00, 0x00, 0x00, 0x00, 0x00, 0x00, 0x00, 0x00, 0x00, 0x00, 0x00, 0x00,
  0x00, 0x00, 0x00, 0x00, 0x00, 0x00, 0x00, 0x00, 0xab, 0xcf, 0xe8, 0xc4, 0xe8, 0xe4, 0xe8, 0xe4, 0xe8, 0xe4, 0xe8, 0xe4, 0xe8, 0xe4, 0xe8, 0xe4, 0xe8, 0xe4, 0xe8, 0xe4, 0xe8, 0xe4, 0xe8, 0xe4,
  0xe8, 0xe4, 0xe8, 0xe4, 0xe8, 0xa3, 0xe9, 0xe8, 0x00, 0x00, 0x00, 0x00, 0x00, 0x00, 0x00, 0x00, 0x00, 0x00, 0x00, 0x00, 0x00, 0x00, 0x00, 0x00, 0x00, 0x00, 0x00, 0x00, 0x00, 0x00, 0x00, 0x00,
  0x00, 0x00, 0x00, 0x00, 0x00, 0x00, 0x00, 0x00, 0x00, 0x00, 0x00, 0x00, 0x00, 0x00, 0x00, 0x00, 0x00, 0x00, 0x00, 0x00, 0x00, 0x00, 0x00, 0x00, 0x00, 0x00, 0x00, 0x00, 0x00, 0x00, 0x00, 0x00,
  0x00, 0x00, 0x00, 0x00, 0x00, 0x00, 0x00, 0x00, 0x00, 0x00, 0x00, 0x00, 0x00, 0x00, 0x00, 0x00, 0x00, 0x00, 0x00, 0x00, 0x00, 0x00, 0x00, 0x00, 0x00, 0x00, 0x00, 0x00, 0x00, 0x00, 0x00, 0x00,
  0x00, 0x00, 0x00, 0x00, 0x00, 0x00, 0x00, 0x00, 0x00, 0x00, 0x00, 0x00, 0x00, 0x00, 0x00, 0x00, 0x00, 0x00, 0x00, 0x00, 0x00, 0x00, 0x00, 0x00, 0x00, 0x00, 0x00, 0x00, 0x00, 0x00, 0x00, 0x00,
  0x00, 0x00, 0x00, 0x00, 0x00, 0x00, 0x00, 0x00, 0x00, 0x00, 0x00, 0x00, 0x00, 0x00, 0x00, 0x00, 0x00, 0x00, 0x00, 0x00, 0x00, 0x00, 0x00, 0x00, 0x00, 0x00, 0xf3, 0x4e, 0xe8, 0x83, 0xe8, 0xe4,
  0xe8, 0xe4, 0xe8, 0xe4, 0xe8, 0xe4, 0xe8, 0xe4, 0xe8, 0xe4, 0xe8, 0xe4, 0xe8, 0xe4, 0xe8, 0xe4, 0xe8, 0xe4, 0xe8, 0xe4, 0xe8, 0xe4, 0xe8, 0xe4, 0xe8, 0xe4, 0xe8, 0xe4, 0xe8, 0xe4, 0xe8, 0xe4,
  0xe8, 0xe4, 0xe8, 0xe4, 0xe8, 0xe4, 0xe8, 0xe4, 0xe8, 0xe4, 0xe8, 0xe4, 0xe8, 0xe4, 0xe8, 0xe4, 0xe8, 0xe4, 0xe8, 0xe4, 0xe8, 0xe4, 0xe8, 0xe4, 0xe8, 0xe4, 0xe8, 0xe4, 0xe8, 0xe4, 0xe8, 0xe4,
  0xe8, 0xe4, 0xe8, 0xe4, 0xe8, 0xe4, 0xe8, 0xe4, 0xe8, 0xe4, 0xe8, 0xe4, 0xe8, 0xe4, 0xe8, 0xe4, 0xe8, 0xe4, 0xe8, 0xe4, 0xe8, 0xe4, 0xe8, 0xe4, 0xe8, 0xe4, 0xe8, 0xe4, 0xe8, 0xe4, 0xe8, 0xe4,
  0xe8, 0xe4, 0xe8, 0xe4, 0xe8, 0xe4, 0xe8, 0xe4, 0xe8, 0xe4, 0xe8, 0xe4, 0xe8, 0xe4, 0xe8, 0xe4, 0xe8, 0xe4, 0xe8, 0xe4, 0xe8, 0xe4, 0xe8, 0xe4, 0xe8, 0xe4, 0xe8, 0xe4, 0xe8, 0xe4, 0xe8, 0xe4,
  0xe8, 0xe4, 0xe8, 0xe4, 0xe8, 0xe4, 0xe8, 0xe4, 0xe8, 0xe4, 0xe8, 0xe4, 0xe8, 0xe4, 0xe8, 0xe4, 0xe8, 0xe4, 0xe8, 0xe4, 0xe8, 0xe4, 0xe8, 0xe4, 0xe8, 0xe4, 0xe8, 0xe4, 0xe8, 0xe4, 0xe8, 0xe4,
  0xe8, 0xe4, 0xe8, 0xe4, 0xe8, 0xe4, 0xe8, 0xe4, 0xe8, 0xe4, 0xe8, 0xe4, 0xe8, 0xe4, 0xe8, 0xe4, 0xe8, 0xe4, 0xe8, 0xe4, 0xe8, 0xe4, 0xe8, 0xe4, 0xe8, 0xe4, 0xe8, 0xe4, 0xe8, 0xe4, 0xe8, 0xe4,
  0xe8, 0xe4, 0xe8, 0xe4, 0xe8, 0xe4, 0xe8, 0xe4, 0xe8, 0xe4, 0xe8, 0xe4, 0xe8, 0xe4, 0xe8, 0xe4, 0xe8, 0xe4, 0xe8, 0xe4, 0xe8, 0xe4, 0xe8, 0xe4, 0xe8, 0xe4, 0xe8, 0xe4, 0xe8, 0xe4, 0xe8, 0xe4,
  0xe8, 0xe4, 0xe8, 0xc4, 0xe8, 0x83, 0xe8, 0x83, 0xe8, 0xe4, 0xf2, 0x4a, 0xf4, 0x92, 0x29, 0x24, 0x00, 0x00, 0x00, 0x00, 0x00, 0x00, 0x00, 0x00, 0x00, 0x00, 0x00, 0x00, 0x00, 0x00, 0x00, 0x00,
  0x00, 0x00, 0x00, 0x00, 0x00, 0x00, 0x00, 0x00, 0x00, 0x00, 0x00, 0x00, 0x00, 0x00, 0x00, 0x00, 0x00, 0x00, 0x00, 0x00, 0x00, 0x00, 0x00, 0x00, 0x00, 0x00, 0x00, 0x00, 0x00, 0x00, 0x00, 0x00,
  0x00, 0x00, 0x00, 0x00, 0x00, 0x00, 0x00, 0x00, 0x00, 0x00, 0x00, 0x00, 0x00, 0x00, 0x00, 0x00, 0x00, 0x00, 0x00, 0x00, 0x00, 0x00, 0x00, 0x00, 0xf4, 0x51, 0xe8, 0x83, 0xe8, 0xe4, 0xe8, 0xe4,
  0xe8, 0xe4, 0xe8, 0xe4, 0xe8, 0xe4, 0xe8, 0xe4, 0xe8, 0xe4, 0xe8, 0xe4, 0xe8, 0xe4, 0xe8, 0xe4, 0xe8, 0x83, 0xf3, 0xcf, 0x00, 0x00, 0x00, 0x00, 0x00, 0x00, 0x00, 0x00, 0x00, 0x00, 0x00, 0x00,
  0x00, 0x00, 0x00, 0x00, 0x00, 0x00, 0x00, 0x00, 0x00, 0x00, 0x00, 0x00, 0x00, 0x00, 0x00, 0x00, 0x00, 0x00, 0x00, 0x00, 0x00, 0x00, 0x00, 0x00, 0x00, 0x00, 0x00, 0x00, 0x00, 0x00, 0x00, 0x00,
  0xf4, 0x51, 0xe8, 0x83, 0xe9, 0x05, 0xe8, 0xe4, 0xe8, 0xe4, 0xe8, 0xe4, 0xe8, 0xe4, 0xe8, 0xe4, 0xe8, 0xe4, 0xe8, 0xe4, 0xe8, 0xe4, 0xe8, 0xe4, 0xe8, 0xc4, 0xe9, 0x86, 0x21, 0x04, 0x00, 0x00,
  0x00, 0x00, 0x5a, 0x49, 0xe9, 0x05, 0xe8, 0xc4, 0xe8, 0xe4, 0xe8, 0xe4, 0xe8, 0xe4, 0xe8, 0xe4, 0xe8, 0xe4, 0xe8, 0xe4, 0xe8, 0xe4, 0xe8, 0xe4, 0xe8, 0xe4, 0xe8, 0xe4, 0xe8, 0xe4, 0xe8, 0xe4,
  0xe8, 0xa3, 0xe9, 0xa7, 0x08, 0x61, 0x00, 0x00, 0x00, 0x00, 0x00, 0x00, 0x00, 0x00, 0x00, 0x00, 0x00, 0x00, 0x00, 0x00, 0x00, 0x00, 0x00, 0x00, 0x00, 0x00, 0x00, 0x00, 0x00, 0x00, 0x00, 0x00,
  0x00, 0x00, 0x00, 0x00, 0x00, 0x00, 0x00, 0x00, 0x00, 0x00, 0x00, 0x00, 0x00, 0x00, 0x00, 0x00, 0xf2, 0x6a, 0xe8, 0xa3, 0xe8, 0xe4, 0xe8, 0xe4, 0xe8, 0xe4, 0xe8, 0xe4, 0xe8, 0xe4, 0xe8, 0xe4,
  0xe8, 0xe4, 0xe8, 0xe4, 0xe8, 0xe4, 0xe8, 0xe4, 0xe8, 0xe4, 0xe8, 0xe4, 0xe8, 0xa3, 0xd4, 0x51, 0x00, 0x00, 0x00, 0x00, 0x00, 0x00, 0x00, 0x00, 0x00, 0x00, 0x00, 0x00, 0x00, 0x00, 0x00, 0x00,
  0x00, 0x00, 0x00, 0x00, 0x00, 0x00, 0x00, 0x00, 0x00, 0x00, 0x00, 0x00, 0x00, 0x00, 0x00, 0x00, 0x00, 0x00, 0x00, 0x00, 0x00, 0x00, 0x00, 0x00, 0x00, 0x00, 0x00, 0x00, 0x00, 0x00, 0x00, 0x00,
  0x00, 0x00, 0x00, 0x00, 0x00, 0x00, 0x00, 0x00, 0x00, 0x00, 0x00, 0x00, 0x00, 0x00, 0x00, 0x00, 0x00, 0x00, 0x00, 0x00, 0x00, 0x00, 0x00, 0x00, 0x00, 0x00, 0x00, 0x00, 0x00, 0x00, 0x00, 0x00,
  0x00, 0x00, 0x00, 0x00, 0x00, 0x00, 0x00, 0x00, 0x00, 0x00, 0x00, 0x00, 0x00, 0x00, 0x00, 0x00, 0x00, 0x00, 0x00, 0x00, 0x00, 0x00, 0x00, 0x00, 0x00, 0x00, 0x00, 0x00, 0x00, 0x00, 0x00, 0x00,
  0x00, 0x00, 0x00, 0x00, 0x00, 0x00, 0x00, 0x00, 0x00, 0x00, 0x00, 0x00, 0x00, 0x00, 0x00, 0x00, 0x00, 0x00, 0x00, 0x00, 0x00, 0x00, 0x00, 0x00, 0x00, 0x00, 0x00, 0x00, 0x00, 0x00, 0x00, 0x00,
  0x72, 0xcb, 0xe9, 0x25, 0xe8, 0xc4, 0xe8, 0xc4, 0xe8, 0xc4, 0xe8, 0xc4, 0xe8, 0xc4, 0xe8, 0xc4, 0xe8, 0xc4, 0xe8, 0xc4, 0xe8, 0xc4, 0xe8, 0xc4, 0xe8, 0xc4, 0xe8, 0xc4, 0xe8, 0xc4, 0xe8, 0xc4,
  0xe8, 0xc4, 0xe8, 0xc4, 0xe8, 0xc4, 0xe8, 0xc4, 0xe8, 0xc4, 0xe8, 0xc4, 0xe8, 0xc4, 0xe8, 0xc4, 0xe8, 0xc4, 0xe8, 0xc4, 0xe8, 0xc4, 0xe8, 0xc4, 0xe8, 0xc4, 0xe8, 0xc4, 0xe8, 0xc4, 0xe8, 0xc4,
  0xe8, 0xc4, 0xe8, 0xc4, 0xe8, 0xc4, 0xe8, 0xc4, 0xe8, 0xc4, 0xe8, 0xc4, 0xe8, 0xc4, 0xe8, 0xc4, 0xe8, 0xc4, 0xe8, 0xc4, 0xe8, 0xc4, 0xe8, 0xc4, 0xe8, 0xc4, 0xe8, 0xc4, 0xe8, 0xc4, 0xe8, 0xc4,
  0xe8, 0xc4, 0xe8, 0xc4, 0xe8, 0xc4, 0xe8, 0xc4, 0xe8, 0xc4, 0xe8, 0xc4, 0xe8, 0xc4, 0xe8, 0xc4, 0xe8, 0xc4, 0xe8, 0xc4, 0xe8, 0xc4, 0xe8, 0xc4, 0xe8, 0xc4, 0xe8, 0xc4, 0xe8, 0xc4, 0xe8, 0xc4,
  0xe8, 0xc4, 0xe8, 0xc4, 0xe8, 0xc4, 0xe8, 0xc4, 0xe8, 0xc4, 0xe8, 0xc4, 0xe8, 0xc4, 0xe8, 0xc4, 0xe8, 0xc4, 0xe8, 0xc4, 0xe8, 0xc4, 0xe8, 0xc4, 0xe8, 0xc4, 0xe8, 0xc4, 0xe8, 0xc4, 0xe8, 0xc4,
  0xe8, 0xc4, 0xe8, 0xc4, 0xe8, 0xc4, 0xe8, 0xc4, 0xe8, 0xc4, 0xe8, 0xc4, 0xe8, 0xc4, 0xe8, 0xc4, 0xe8, 0xc4, 0xe8, 0xc4, 0xe8, 0xc4, 0xe8, 0xc4, 0xe8, 0xc4, 0xe8, 0xc4, 0xe8, 0xc4, 0xe8, 0xc4,
  0xe8, 0xc4, 0xe8, 0xc4, 0xe8, 0xc4, 0xe8, 0xc4, 0xe8, 0xc4, 0xe8, 0xc4, 0xe8, 0xc4, 0xe8, 0xc4, 0xe8, 0xc4, 0xe8, 0xc4, 0xe8, 0xc4, 0xe8, 0xc4, 0xe8, 0xc4, 0xe8, 0xc4, 0xe8, 0xc4, 0xe8, 0xc4,
  0xe8, 0xc4, 0xe8, 0xc4, 0xe8, 0xa3, 0xe8, 0xa3, 0xe8, 0xc4, 0xe9, 0x66, 0xf2, 0x8a, 0xf4, 0x31, 0x62, 0x8a, 0x00, 0x00, 0x00, 0x00, 0x00, 0x00, 0x00, 0x00, 0x00, 0x00, 0x00, 0x00, 0x00, 0x00,
  0x00, 0x00, 0x00, 0x00, 0x00, 0x00, 0x00, 0x00, 0x00, 0x00, 0x00, 0x00, 0x00, 0x00, 0x00, 0x00, 0x00, 0x00, 0x00, 0x00, 0x00, 0x00, 0x00, 0x00, 0x00, 0x00, 0x00, 0x00, 0x00, 0x00, 0x00, 0x00,
  0x00, 0x00, 0x00, 0x00, 0x00, 0x00, 0x00, 0x00, 0x00, 0x00, 0x00, 0x00, 0x00, 0x00, 0x00, 0x00, 0x00, 0x00, 0x00, 0x00, 0x00, 0x00, 0x00, 0x00, 0x00, 0x00, 0x00, 0x00, 0x00, 0x00, 0x00, 0x00,
  0xf4, 0x51, 0xe8, 0x62, 0xe8, 0xe4, 0xe8, 0xc4, 0xe8, 0xc4, 0xe8, 0xc4, 0xe8, 0xc4, 0xe8, 0xc4, 0xe8, 0xc4, 0xe8, 0xc4, 0xe8, 0xc4, 0xe8, 0xe4, 0xe8, 0x63, 0xf3, 0xcf, 0x00, 0x00, 0x00, 0x00,
  0x00, 0x00, 0x00, 0x00, 0x00, 0x00, 0x00, 0x00, 0x00, 0x00, 0x00, 0x00, 0x00, 0x00, 0x00, 0x00, 0x00, 0x00, 0x00, 0x00, 0x00, 0x00, 0x00, 0x00, 0x00, 0x00, 0x00, 0x00, 0x00, 0x00, 0x00, 0x00,
  0x00, 0x00, 0x00, 0x00, 0x00, 0x00, 0x00, 0x00, 0xf4, 0x11, 0xe8, 0x42, 0xe8, 0xa3, 0xe8, 0xa3, 0xe8, 0xa3, 0xe8, 0xa3, 0xe8, 0xa3, 0xe8, 0xa3, 0xe8, 0xa3, 0xe8, 0xa3, 0xe8, 0xa3, 0xe8, 0xa3,
  0xe8, 0x83, 0xe9, 0x25, 0x29, 0x24, 0x00, 0x00, 0x00, 0x00, 0xf3, 0x2d, 0xe8, 0x83, 0xe8, 0xe4, 0xe8, 0xc4, 0xe8, 0xc4, 0xe8, 0xc4, 0xe8, 0xc4, 0xe8, 0xc4, 0xe8, 0xc4, 0xe8, 0xc4, 0xe8, 0xc4,
  0xe8, 0xc4, 0xe8, 0xc4, 0xe8, 0xc4, 0xe8, 0xe4, 0xe8, 0x83, 0xec, 0x72, 0x00, 0x00, 0x00, 0x00, 0x00, 0x00, 0x00, 0x00, 0x00, 0x00, 0x00, 0x00, 0x00, 0x00, 0x00, 0x00, 0x00, 0x00, 0x00, 0x00,
  0x00, 0x00, 0x00, 0x00, 0x00, 0x00, 0x00, 0x00, 0x00, 0x00, 0x00, 0x00, 0x00, 0x00, 0x00, 0x00, 0x00, 0x00, 0x00, 0x00, 0x00, 0x00, 0xc4, 0x10, 0xe8, 0xa3, 0xe8, 0xc4, 0xe8, 0xc4, 0xe8, 0xc4,
  0xe8, 0xc4, 0xe8, 0xc4, 0xe8, 0xc4, 0xe8, 0xc4, 0xe8, 0xc4, 0xe8, 0xc4, 0xe8, 0xc4, 0xe8, 0xc4, 0xe8, 0xe4, 0xe8, 0x83, 0xf2, 0x29, 0x00, 0x00, 0x00, 0x00, 0x00, 0x00, 0x00, 0x00, 0x00, 0x00,
  0x00, 0x00, 0x00, 0x00, 0x00, 0x00, 0x00, 0x00, 0x00, 0x00, 0x00, 0x00, 0x00, 0x00, 0x00, 0x00, 0x00, 0x00, 0x00, 0x00, 0x00, 0x00, 0x00, 0x00, 0x00, 0x00, 0x00, 0x00, 0x00, 0x00, 0x00, 0x00,
  0x00, 0x00, 0x00, 0x00, 0x00, 0x00, 0x00, 0x00, 0x00, 0x00, 0x00, 0x00, 0x00, 0x00, 0x00, 0x00, 0x00, 0x00, 0x00, 0x00, 0x00, 0x00, 0x00, 0x00, 0x00, 0x00, 0x00, 0x00, 0x00, 0x00, 0x00, 0x00,
  0x00, 0x00, 0x00, 0x00, 0x00, 0x00, 0x00, 0x00, 0x00, 0x00, 0x00, 0x00, 0x00, 0x00, 0x00, 0x00, 0x00, 0x00, 0x00, 0x00, 0x00, 0x00, 0x00, 0x00, 0x00, 0x00, 0x00, 0x00, 0x00, 0x00, 0x00, 0x00,
  0x00, 0x00, 0x00, 0x00, 0x00, 0x00, 0x00, 0x00, 0x00, 0x00, 0x00, 0x00, 0x00, 0x00, 0x00, 0x00, 0x00, 0x00, 0x00, 0x00, 0x00, 0x00, 0x00, 0x00, 0x00, 0x00, 0x00, 0x00, 0x00, 0x00, 0x00, 0x00,
  0x00, 0x00, 0x00, 0x00, 0x00, 0x00, 0x00, 0x00, 0xf3, 0x6e, 0xe9, 0x25, 0xe9, 0x66, 0xe9, 0x66, 0xe9, 0x66, 0xe9, 0x66, 0xe9, 0x66, 0xe9, 0x66, 0xe9, 0x66, 0xe9, 0x66, 0xe9, 0x66, 0xe9, 0x66,
  0xe9, 0x66, 0xe9, 0x66, 0xe9, 0x66, 0xe9, 0x66, 0xe9, 0x66, 0xe9, 0x66, 0xe9, 0x66, 0xe9, 0x66, 0xe9, 0x66, 0xe9, 0x66, 0xe9, 0x66, 0xe9, 0x66, 0xe9, 0x66, 0xe9, 0x66, 0xe9, 0x66, 0xe9, 0x66,
  0xe9, 0x66, 0xe9, 0x66, 0xe9, 0x66, 0xe9, 0x66, 0xe9, 0x66, 0xe9, 0x66, 0xe9, 0x66, 0xe9, 0x66, 0xe9, 0x66, 0xe9, 0x66, 0xe9, 0x66, 0xe9, 0x66, 0xe9, 0x66, 0xe9, 0x66, 0xe9, 0x66, 0xe9, 0x66,
  0xe9, 0x66, 0xe9, 0x66, 0xe9, 0x66, 0xe9, 0x66, 0xe9, 0x66, 0xe9, 0x66, 0xe9, 0x66, 0xe9, 0x66, 0xe9, 0x66, 0xe9, 0x66, 0xe9, 0x66, 0xe9, 0x66, 0xe9, 0x66, 0xe9, 0x66, 0xe9, 0x66, 0xe9, 0x66,
  0xe9, 0x66, 0xe9, 0x66, 0xe9, 0x66, 0xe9, 0x66, 0xe9, 0x66, 0xe9, 0x66, 0xe9, 0x66, 0xe9, 0x66, 0xe9, 0x66, 0xe9, 0x66, 0xe9, 0x66, 0xe9, 0x66, 0xe9, 0x66, 0xe9, 0x66, 0xe9, 0x66, 0xe9, 0x66,
  0xe9, 0x66, 0xe9, 0x66, 0xe9, 0x66, 0xe9, 0x66, 0xe9, 0x66, 0xe9, 0x66, 0xe9, 0x66, 0xe9, 0x66, 0xe9, 0x66, 0xe9, 0x66, 0xe9, 0x66, 0xe9, 0x66, 0xe9, 0x66, 0xe9, 0x66, 0xe9, 0x66, 0xe9, 0x66,
  0xe9, 0x66, 0xe9, 0x66, 0xe9, 0x66, 0xe9, 0x66, 0xe9, 0x66, 0xe9, 0x66, 0xe9, 0x66, 0xe9, 0x66, 0xe9, 0x66, 0xe9, 0x66, 0xe9, 0x66, 0xe9, 0x66, 0xe9, 0x66, 0xe9, 0x66, 0xe9, 0x66, 0xe9, 0x66,
  0xe9, 0x66, 0xe9, 0x66, 0xe9, 0x66, 0xe9, 0x66, 0xe9, 0x66, 0xe9, 0xa7, 0xf2, 0xab, 0xf3, 0xf0, 0xab, 0xcf, 0x39, 0x86, 0x00, 0x00, 0x00, 0x00, 0x00, 0x00, 0x00, 0x00, 0x00, 0x00, 0x00, 0x00,
  0x00, 0x00, 0x00, 0x00, 0x00, 0x00, 0x00, 0x00, 0x00, 0x00, 0x00, 0x00, 0x00, 0x00, 0x00, 0x00, 0x00, 0x00, 0x00, 0x00, 0x00, 0x00, 0x00, 0x00, 0x00, 0x00, 0x00, 0x00, 0x00, 0x00, 0x00, 0x00,
  0x00, 0x00, 0x00, 0x00, 0x00, 0x00, 0x00, 0x00, 0x00, 0x00, 0x00, 0x00, 0x00, 0x00, 0x00, 0x00, 0x00, 0x00, 0x00, 0x00, 0x00, 0x00, 0x00, 0x00, 0x00, 0x00, 0x00, 0x00, 0x00, 0x00, 0x00, 0x00,
  0x00, 0x00, 0x00, 0x00, 0x00, 0x00, 0x00, 0x00, 0xec, 0x92, 0xe9, 0x05, 0xe9, 0x66, 0xe9, 0x66, 0xe9, 0x66, 0xe9, 0x66, 0xe9, 0x66, 0xe9, 0x66, 0xe9, 0x66, 0xe9, 0x66, 0xe9, 0x66, 0xe9, 0x66,
  0xe9, 0x05, 0xf4, 0x10, 0x00, 0x00, 0x00, 0x00, 0x00, 0x00, 0x00, 0x00, 0x00, 0x00, 0x00, 0x00, 0x00, 0x00, 0x00, 0x00, 0x00, 0x00, 0x00, 0x00, 0x00, 0x00, 0x00, 0x00, 0x00, 0x00, 0x00, 0x00,
  0x00, 0x00, 0x00, 0x00, 0x00, 0x00, 0x00, 0x00, 0x00, 0x00, 0x00, 0x00, 0x00, 0x00, 0x00, 0x00, 0x6a, 0xaa, 0xf4, 0x51, 0xf4, 0x51, 0xf4, 0x31, 0xf3, 0xf0, 0xf3, 0xf0, 0xf3, 0xaf, 0xf3, 0xaf,
  0xf3, 0x6e, 0xf3, 0x6e, 0xf3, 0x2d, 0xf3, 0x2d, 0xf2, 0xec, 0xf3, 0x4d, 0x10, 0x82, 0x00, 0x00, 0x52, 0x08, 0xe9, 0x87, 0xe9, 0x46, 0xe9, 0x66, 0xe9, 0x66, 0xe9, 0x66, 0xe9, 0x66, 0xe9, 0x66,
  0xe9, 0x66, 0xe9, 0x66, 0xe9, 0x66, 0xe9, 0x66, 0xe9, 0x66, 0xe9, 0x66, 0xe9, 0x66, 0xe9, 0x46, 0xf2, 0x09, 0x08, 0x61, 0x00, 0x00, 0x00, 0x00, 0x00, 0x00, 0x00, 0x00, 0x00, 0x00, 0x00, 0x00,
  0x00, 0x00, 0x00, 0x00, 0x00, 0x00, 0x00, 0x00, 0x00, 0x00, 0x00, 0x00, 0x00, 0x00, 0x00, 0x00, 0x00, 0x00, 0x00, 0x00, 0x00, 0x00, 0x00, 0x00, 0x00, 0x00, 0x00, 0x00, 0x00, 0x00, 0xf2, 0xcc,
  0xe9, 0x25, 0xe9, 0x66, 0xe9, 0x66, 0xe9, 0x66, 0xe9, 0x66, 0xe9, 0x66, 0xe9, 0x66, 0xe9, 0x66, 0xe9, 0x66, 0xe9, 0x66, 0xe9, 0x66, 0xe9, 0x66, 0xe9, 0x66, 0xe9, 0x25, 0xbb, 0xf0, 0x00, 0x00,
  0x00, 0x00, 0x00, 0x00, 0x00, 0x00, 0x00, 0x00, 0x00, 0x00, 0x00, 0x00, 0x00, 0x00, 0x00, 0x00, 0x00, 0x00, 0x00, 0x00, 0x00, 0x00, 0x00, 0x00, 0x00, 0x00, 0x00, 0x00, 0x00, 0x00, 0x00, 0x00,
  0x00, 0x00, 0x00, 0x00, 0x00, 0x00, 0x00, 0x00, 0x00, 0x00, 0x00, 0x00, 0x00, 0x00, 0x00, 0x00, 0x00, 0x00, 0x00, 0x00, 0x00, 0x00, 0x00, 0x00, 0x00, 0x00, 0x00, 0x00, 0x00, 0x00, 0x00, 0x00,
  0x00, 0x00, 0x00, 0x00, 0x00, 0x00, 0x00, 0x00, 0x00, 0x00, 0x00, 0x00, 0x00, 0x00, 0x00, 0x00, 0x00, 0x00, 0x00, 0x00, 0x00, 0x00, 0x00, 0x00, 0x00, 0x00, 0x00, 0x00, 0x00, 0x00, 0x00, 0x00,
  0x00, 0x00, 0x00, 0x00, 0x00, 0x00, 0x00, 0x00, 0x00, 0x00, 0x00, 0x00, 0x00, 0x00, 0x00, 0x00, 0x00, 0x00, 0x00, 0x00, 0x00, 0x00, 0x00, 0x00, 0x00, 0x00, 0x00, 0x00, 0x00, 0x00, 0x00, 0x00,
  0x00, 0x00, 0x00, 0x00, 0x00, 0x00, 0x00, 0x00, 0x00, 0x00, 0x00, 0x00, 0x00, 0x00, 0x00, 0x00,
};

const lv_img_dsc_t pngLogoSTI = {
  .header.cf = LV_IMG_CF_TRUE_COLOR,
  .header.always_zero = 0,
  .header.reserved = 0,
  .header.w = 340,
  .header.h = 142,
  .data_size = 96560,
  .data = pngLogoSTI_map,
};
